t_id;vendor;buyer;prod_id;date_time;price;validated_by;status;phase;event;month;product_tx_no;completed_transfer_no;is_resale;is_relevant
24093001;georgia.lee;rothartadvisory;100671;2024-09-30 09:12:52;191500.0;23121126;REJECTED;4;24;2024-09;1;;FALSE;FALSE
24093002;isaac.rivera;rosemontmuseumofmoderncraftd;100587;2024-09-30 09:30:59;4520000.0;87658927;REJECTED;4;24;2024-09;1;;FALSE;FALSE
24093003;rosemontdesignheritagecenter;southbanktextilearchive;100416;2024-09-30 09:57:50;282000.0;87658927;COMPLETED;4;24;2024-09;1;1;FALSE;FALSE
24093004;theo.foster;rosemontdesignheritagecenter;100206;2024-09-30 10:32:46;289500.0;45562918;FAILED;4;24;2024-09;1;;FALSE;FALSE
24093005;windermeredesignheritage_org;nathan58;100494;2024-09-30 11:10:06;878500.0;45562918;COMPLETED;4;24;2024-09;1;1;FALSE;FALSE
24093006;tanglewoodculturalmemoryproj;quinn.cho;100128;2024-09-30 12:36:53;619500.0;;PENDING;4;24;2024-09;1;;FALSE;FALSE
24093007;juniperridgeartistslegacytru;malwex_hold3;100700;2024-09-30 13:30:57;837500.0;16498618;REJECTED;4;24;2024-09;1;;FALSE;FALSE
24093008;hearthstonefolkartarchive;GrantMercer;100166;2024-09-30 13:50:58;377500.0;87658927;COMPLETED;4;24;2024-09;1;1;FALSE;FALSE
24093009;lucia.knight;augvan_hold1;100497;2024-09-30 14:36:44;467500.0;72880343;COMPLETED;4;24;2024-09;1;1;FALSE;FALSE
24093010;granitehillbotanicalheritage;ari.turner;100666;2024-09-30 15:07:23;192500.0;23121126;COMPLETED;4;24;2024-09;1;1;FALSE;FALSE
24093011;oakhollowmuseumofappliedarts;ashlandmuseumofprintedarts;100617;2024-09-30 15:32:36;708500.0;35242525;COMPLETED;4;24;2024-09;1;1;FALSE;FALSE
24093012;harper.flores;celrot_hold2;100552;2024-09-30 16:18:16;70600.0;87292197;CANCELLED;4;24;2024-09;1;;FALSE;FALSE
24093013;leo.lane;stonefieldmaterialcultureins;100393;2024-09-30 16:44:36;1751000.0;77404927;CANCELLED;4;24;2024-09;1;;FALSE;FALSE
24093014;imani.reed;sofia.hayes;100055;2024-09-30 17:19:06;289000.0;35242525;COMPLETED;4;24;2024-09;1;1;FALSE;FALSE
24093015;aaron.olsen;nwhitmore_family2;100596;2024-09-30 20:29:50;2100000.0;35242525;REVERSED;4;24;2024-09;1;;FALSE;FALSE
24093016;harborlightpublicartconserva;nathan58;100440;2024-09-30 20:52:16;922000.0;72880343;COMPLETED;4;24;2024-09;1;1;FALSE;FALSE
24100301;jade.campbell;theo_kinc2;100599;2024-10-03 09:13:48;2940000.0;75941901;REVERSED;4;24;2024-10;1;;FALSE;FALSE
24100302;lucia.knight;crosscapital2;100090;2024-10-03 10:07:32;328500.0;16498618;COMPLETED;4;24;2024-10;1;1;FALSE;FALSE
24100303;heritagerowceramicsmuseum;DominicHale;100236;2024-10-03 11:18:19;468500.0;87292197;COMPLETED;4;24;2024-10;1;1;FALSE;FALSE
24100304;theo.foster;fairmontmaritimeheritagemuse;100229;2024-10-03 11:57:54;66000.0;77404927;COMPLETED;4;24;2024-10;1;1;FALSE;FALSE
24100305;southbanktextilearchive;vivienne.cross;100262;2024-10-03 12:30:41;257000.0;87658927;COMPLETED;4;24;2024-10;1;1;FALSE;FALSE
24100306;daniel.campbell;southbanktextilearchive;100227;2024-10-03 12:41:34;730000.0;96187039;COMPLETED;4;24;2024-10;1;1;FALSE;FALSE
24100307;cassidy.ito;crosscapital2;100302;2024-10-03 12:54:33;701000.0;45562918;COMPLETED;4;24;2024-10;1;1;FALSE;FALSE
24100308;abigail.martinez;elmsteadhistoricalsociety;100408;2024-10-03 13:29:29;144000.0;35242525;COMPLETED;4;24;2024-10;1;1;FALSE;FALSE
24100309;fairmontmaritimeheritagemuse;selene78;100306;2024-10-03 16:24:09;382000.0;35242525;FAILED;4;24;2024-10;1;;FALSE;FALSE
24100310;celine.irwin;isaac.shah;100598;2024-10-03 17:58:48;512500.0;35242525;COMPLETED;4;24;2024-10;1;1;FALSE;FALSE
24100311;reina.sullivan;valeheritagefund;100176;2024-10-03 18:50:01;238500.0;16498618;REVERSED;4;24;2024-10;1;;FALSE;FALSE
24100401;juniperridgeartistslegacytru;howellartadvisory;100474;2024-10-04 15:54:59;972500.0;35242525;FAILED;4;24;2024-10;1;;FALSE;FALSE
24100501;elmsteadculturalmemoryprojec;parkhurstceramicsmuseum;100099;2024-10-05 09:28:28;320500.0;75941901;COMPLETED;4;24;2024-10;1;1;FALSE;FALSE
24100502;priya.lane;helval_hold6;100405;2024-10-05 13:39:46;142500.0;87292197;COMPLETED;4;24;2024-10;1;1;FALSE;FALSE
24100601;quinn.cho;vanefamilyoffice;100407;2024-10-06 10:28:40;1508000.0;96187039;COMPLETED;4;24;2024-10;1;1;FALSE;FALSE
24100701;GrantMercer;fairmontmaritimeheritagemuse;100166;2024-10-07 11:03:57;398000.0;75941901;COMPLETED;4;24;2024-10;2;2;TRUE;FALSE
24100702;rosemontmuseumofmoderncraftd;obexley_family3;100472;2024-10-07 11:32:46;1090000.0;16660212;COMPLETED;4;24;2024-10;1;1;FALSE;FALSE
24100703;parkhurstpublicartconservanc;elea_rook7;100201;2024-10-07 20:31:22;353000.0;35242525;COMPLETED;4;24;2024-10;1;1;FALSE;FALSE
24100801;brookfieldhistorichousefound;croth_alt;100656;2024-10-08 10:07:29;39200.0;96187039;COMPLETED;4;24;2024-10;1;1;FALSE;FALSE
24100802;quinn.cho;windermerepublicartconservan;100678;2024-10-08 10:29:17;231000.0;72880343;COMPLETED;4;24;2024-10;1;1;FALSE;FALSE
24100803;elmsteadhistoricalsociety;vanecapital2;100760;2024-10-08 12:06:32;266500.0;75941901;COMPLETED;4;24;2024-10;1;1;FALSE;FALSE
24100804;cassidy.ito;ashcroftcapital2;100507;2024-10-08 12:57:38;769000.0;36058655;COMPLETED;4;24;2024-10;1;1;FALSE;FALSE
24100805;julia.roberts;helvale7;100489;2024-10-08 16:59:20;153500.0;72880343;COMPLETED;4;24;2024-10;1;1;FALSE;FALSE
24100806;yorkfieldfurnituredesignarch;valecapital2;100018;2024-10-08 17:23:46;212000.0;96187039;COMPLETED;4;24;2024-10;1;1;FALSE;FALSE
24100807;elias.estrada;malik.johnson;100570;2024-10-08 18:02:16;650500.0;;CANCELLED;4;24;2024-10;1;;FALSE;FALSE
24100808;redcedarfolkartfoundation;elmsteadhistoricalsociety;100633;2024-10-08 20:24:26;417500.0;87658927;COMPLETED;4;24;2024-10;1;1;FALSE;FALSE
24100901;aiden.patel;selene78;100378;2024-10-09 09:06:45;693500.0;87292197;COMPLETED;4;24;2024-10;1;1;FALSE;FALSE
24100902;pineharborrailwayhistorycent;wexlercapital2;100554;2024-10-09 09:18:36;638000.0;23121126;COMPLETED;4;24;2024-10;1;1;FALSE;FALSE
24100903;harborlightmuseumofprintedar;windermeredesignheritage_org;100049;2024-10-09 09:23:22;644500.0;45562918;COMPLETED;4;24;2024-10;1;1;FALSE;FALSE
24100904;pineharborrailwayhistorycent;wexlercapital2;100577;2024-10-09 11:10:21;354000.0;45562918;COMPLETED;4;24;2024-10;1;1;FALSE;FALSE
24100905;rosemontmuseumofmoderncraftd;EleanorRook;100106;2024-10-09 11:28:08;566500.0;75941901;COMPLETED;4;24;2024-10;1;1;FALSE;FALSE
24100906;southbanktextilearchive;CelesteRoth;100273;2024-10-09 11:43:52;542000.0;87658927;COMPLETED;4;24;2024-10;1;1;FALSE;FALSE
24100907;ethan.knight;southbankmaritimeheritagemus;100204;2024-10-09 11:43:59;123000.0;36058655;COMPLETED;4;24;2024-10;1;1;FALSE;FALSE
24100908;southbankmaritimeheritagemus;ashcroftcapital2;100521;2024-10-09 12:48:59;1267000.0;87658927;COMPLETED;4;24;2024-10;1;1;FALSE;FALSE
24100909;theo.foster;ashcroftcapital2;100206;2024-10-09 13:44:25;334000.0;16660212;COMPLETED;4;24;2024-10;2;1;FALSE;FALSE
24100910;brookfieldhistorichousefound;elliscollections;100112;2024-10-09 15:55:33;746000.0;96187039;COMPLETED;4;24;2024-10;1;1;FALSE;FALSE
24100911;juniperridgepublicartconserv;davisauctionpartners;100374;2024-10-09 16:18:54;605500.0;45562918;COMPLETED;4;24;2024-10;1;1;FALSE;FALSE
24100912;ftran_westhave;davisauctionpartners;100450;2024-10-09 19:53:00;443500.0;96187039;COMPLETED;4;24;2024-10;1;1;FALSE;FALSE
24100913;ftran_westhave;ashcroftcollection;100305;2024-10-09 20:52:33;104500.0;87658927;COMPLETED;4;24;2024-10;1;1;FALSE;FALSE
24101001;elmsteadculturalpreservation;crosscapital2;100286;2024-10-10 09:30:15;476500.0;23121126;COMPLETED;4;24;2024-10;1;1;FALSE;FALSE
24101002;southbanktextilearchive;ronanA;100245;2024-10-10 10:26:06;620500.0;72880343;COMPLETED;4;24;2024-10;1;1;FALSE;FALSE
24101003;aaron.olsen;caesar;100359;2024-10-10 10:54:48;899500.0;35242525;COMPLETED;4;24;2024-10;1;1;FALSE;FALSE
24101004;lucia.knight;aaron.olsen;100218;2024-10-10 11:20:35;440000.0;36058655;COMPLETED;4;24;2024-10;1;1;FALSE;FALSE
24101005;copperlinemuseumofphotograph;TheoKincaid;100540;2024-10-10 13:20:27;1582000.0;23121126;COMPLETED;4;24;2024-10;1;1;FALSE;FALSE
24101006;quinn.campbell;akira.bennett;100517;2024-10-10 16:34:00;994000.0;77404927;COMPLETED;4;24;2024-10;1;1;FALSE;FALSE
24101007;elmsteadculturalmemoryprojec;windermeredesignheritage_org;100221;2024-10-10 17:09:57;633500.0;45562918;COMPLETED;4;24;2024-10;1;1;FALSE;FALSE
24101008;redcedarfolkartfoundation;parkhurstpublicartconservanc;100556;2024-10-10 17:24:49;1253000.0;;PENDING;4;24;2024-10;1;;FALSE;FALSE
24101009;windermeremuseumofmoderncraf;rothartadvisory;100712;2024-10-10 20:07:14;4017000.0;;CANCELLED;4;24;2024-10;1;;FALSE;FALSE
24101101;aaron.olsen;crosscapital2;100596;2024-10-11 09:13:59;1887000.0;72880343;COMPLETED;4;24;2024-10;2;1;FALSE;FALSE
24101102;imani.reed;ashlandmuseumofprintedarts;100272;2024-10-11 12:46:00;285000.0;23121126;COMPLETED;4;24;2024-10;1;1;FALSE;FALSE
24101103;malik.johnson;HelenaVale;100290;2024-10-11 13:23:18;1892000.0;96187039;REJECTED;4;24;2024-10;1;;FALSE;FALSE
24101104;foxgloveartistslegacytrust;DominicHale;100484;2024-10-11 15:41:31;613000.0;16660212;COMPLETED;4;24;2024-10;1;1;FALSE;FALSE
24101105;isaac.shah;harborlightpublicartconserva;100346;2024-10-11 16:18:46;1171000.0;72880343;COMPLETED;4;24;2024-10;1;1;FALSE;FALSE
24101106;harborlightpublicartconserva;ari.turner;100195;2024-10-11 18:51:18;1679000.0;36058655;COMPLETED;4;24;2024-10;1;1;FALSE;FALSE
24101201;eastgateindustrialartsmuseum;andersonartadvisory;100134;2024-10-12 11:42:03;326500.0;72880343;COMPLETED;4;24;2024-10;1;1;FALSE;FALSE
24101202;eastgateindustrialartsmuseum;EleanorRook;100337;2024-10-12 14:15:39;430000.0;87658927;COMPLETED;4;24;2024-10;1;1;FALSE;FALSE
24101203;copperlinemuseumofphotograph;mwexler_alt;100673;2024-10-12 14:57:52;286000.0;;PENDING;4;24;2024-10;1;;FALSE;FALSE
24101204;hearthstonefolkartarchive;rothartadvisory;100312;2024-10-12 15:25:31;532000.0;77404927;REJECTED;4;24;2024-10;1;;FALSE;FALSE
24101401;oakhollowmuseumofappliedarts;ronanA;100621;2024-10-14 09:25:17;797500.0;;CANCELLED;4;24;2024-10;1;;FALSE;FALSE
24101402;oakhollowmuseumofappliedarts;ruby.reed;100261;2024-10-14 09:29:49;721500.0;96187039;COMPLETED;4;24;2024-10;1;1;FALSE;FALSE
24101403;northbridgemuseumofmoderncra;priya.lane;100012;2024-10-14 11:25:56;110500.0;35242525;COMPLETED;4;24;2024-10;1;1;FALSE;FALSE
24101404;theo.foster;redcedarfolkartfoundation;100589;2024-10-14 12:14:45;304000.0;23121126;CANCELLED;4;24;2024-10;1;;FALSE;FALSE
24101405;nathan58;aiden.patel;100440;2024-10-14 13:09:57;894000.0;87292197;COMPLETED;4;24;2024-10;2;2;TRUE;FALSE
24101406;georgia.lee;nwhitmore_family2;100034;2024-10-14 14:23:50;105000.0;;PENDING;4;24;2024-10;1;;FALSE;FALSE
24101407;mina.singh;MWexler;100056;2024-10-14 14:25:57;271000.0;16660212;COMPLETED;4;24;2024-10;1;1;FALSE;FALSE
24101408;ashlanddecorativeartsarchive;kai.romero;100548;2024-10-14 15:22:29;324500.0;75941901;COMPLETED;4;24;2024-10;1;1;FALSE;FALSE
24101409;ari.turner;tariqinvests;100666;2024-10-14 15:22:45;189000.0;96187039;COMPLETED;4;24;2024-10;2;2;TRUE;FALSE
24101501;heritagerowceramicsmuseum;CeliaSterling;100667;2024-10-15 08:53:37;274000.0;72880343;COMPLETED;4;24;2024-10;1;1;FALSE;FALSE
24101502;quinn.cho;walkercollections;100150;2024-10-15 10:13:46;423500.0;75941901;COMPLETED;4;24;2024-10;1;1;FALSE;FALSE
24101503;akira.bennett;liucollections;100370;2024-10-15 14:32:38;170000.0;96187039;CANCELLED;4;24;2024-10;1;;FALSE;FALSE
24101601;felix.romero;valecapital2;100449;2024-10-16 15:44:24;409000.0;87658927;COMPLETED;4;24;2024-10;1;1;FALSE;FALSE
24101602;harborlightdecorativeartsarc;malwex_hold3;100470;2024-10-16 16:56:01;198000.0;35242525;REJECTED;4;24;2024-10;1;;FALSE;FALSE
24101603;parkhurstpublicartconservanc;EleanorRook;100208;2024-10-16 17:32:12;245000.0;72880343;COMPLETED;4;24;2024-10;1;1;FALSE;FALSE
24101604;camila.park;emilia.cho;100565;2024-10-16 20:25:59;470500.0;87658927;COMPLETED;4;24;2024-10;1;1;FALSE;FALSE
24101701;stonefieldmaterialcultureins;celine.irwin;100091;2024-10-17 13:29:51;359500.0;23121126;COMPLETED;4;24;2024-10;1;1;FALSE;FALSE
24101702;oakhollowmuseumofappliedarts;theo_kinc2;100278;2024-10-17 19:21:00;287000.0;96187039;COMPLETED;4;24;2024-10;1;1;FALSE;FALSE
24101801;rosemontmuseumofmoderncraftd;isaac.shah;100628;2024-10-18 10:15:01;749500.0;77404927;COMPLETED;4;24;2024-10;1;1;FALSE;FALSE
24101802;rosemontdesignheritagecenter;tanglewoodculturalmemoryproj;100696;2024-10-18 11:54:49;920500.0;36058655;COMPLETED;4;24;2024-10;1;1;FALSE;FALSE
24101803;harper.ellis;parkhurstceramicsmuseum;100274;2024-10-18 15:35:23;232500.0;87292197;COMPLETED;4;24;2024-10;1;1;FALSE;FALSE
24101901;elea_rook7;crosscapital2;100201;2024-10-19 09:03:17;344000.0;23121126;COMPLETED;4;24;2024-10;2;2;TRUE;FALSE
24101902;windermeredesignheritage_org;obexley_family3;100221;2024-10-19 11:00:07;614000.0;36058655;COMPLETED;4;24;2024-10;2;2;TRUE;FALSE
24101903;southbankmaritimeheritagemus;elliscollections;100204;2024-10-19 14:50:02;133500.0;90907400;COMPLETED;4;24;2024-10;2;2;TRUE;FALSE
24101904;ashlandmuseumofprintedarts;wexlercollection;100617;2024-10-19 15:57:44;752000.0;35242525;COMPLETED;4;24;2024-10;2;2;TRUE;FALSE
24102001;crosscapital2;howellartadvisory;100286;2024-10-20 10:29:16;515500.0;87658927;COMPLETED;4;24;2024-10;2;2;TRUE;FALSE
24102002;akira.bennett;georgia_elli;100517;2024-10-20 13:53:02;979500.0;45562918;COMPLETED;4;24;2024-10;2;2;TRUE;FALSE
24102003;priya.nelson;northbridgemuseumofmoderncra;100466;2024-10-20 14:37:50;1306000.0;96187039;COMPLETED;4;24;2024-10;1;1;FALSE;FALSE
24102004;southbanktextilearchive;redcedarfolkartfoundation;100155;2024-10-20 15:32:24;1170000.0;75941901;REJECTED;4;24;2024-10;1;;FALSE;FALSE
24102101;elmsteadculturalmemoryprojec;davisauctionpartners;100644;2024-10-21 09:42:46;780000.0;96187039;REJECTED;4;24;2024-10;1;;FALSE;FALSE
24102102;aaron.olsen;rothartadvisory;100750;2024-10-21 10:11:05;149000.0;87658927;COMPLETED;4;24;2024-10;1;1;FALSE;FALSE
24102103;copperlinemuseumofphotograph;vanecapital2;100045;2024-10-21 14:05:38;135000.0;96187039;COMPLETED;4;24;2024-10;1;1;FALSE;FALSE
24102104;ravenwoodcraftpreservationso;avane_alt;100676;2024-10-21 14:54:47;335000.0;23121126;COMPLETED;4;24;2024-10;1;1;FALSE;FALSE
24102105;southbanktextilearchive;adamscollections;100227;2024-10-21 15:49:58;757000.0;77404927;COMPLETED;4;24;2024-10;2;2;TRUE;FALSE
24102106;southbankmaritimeheritagemus;celi_ster3;100488;2024-10-21 17:17:33;738500.0;35242525;COMPLETED;4;24;2024-10;1;1;FALSE;FALSE
24102201;windermerepublicartconservan;ronanA;100678;2024-10-22 08:16:54;238000.0;72880343;COMPLETED;4;24;2024-10;2;2;TRUE;FALSE
24102202;mwexler_alt;tariqinvests;100762;2024-10-22 08:58:14;996000.0;72880343;COMPLETED;4;24;2024-10;1;1;FALSE;FALSE
24102203;vivienne.cross;PriyaSethi;100262;2024-10-22 10:20:31;249000.0;16498618;COMPLETED;4;24;2024-10;2;2;TRUE;FALSE
24102204;highlandartistslegacytrust;celrot_hold2;100240;2024-10-22 10:46:04;211000.0;36058655;COMPLETED;4;24;2024-10;1;1;FALSE;FALSE
24102205;khalil.kapoor;vivcross7;100759;2024-10-22 12:03:24;666500.0;72880343;COMPLETED;4;24;2024-10;1;1;FALSE;FALSE
24102206;ronanA;tariqinvests;100245;2024-10-22 14:44:17;627500.0;87292197;COMPLETED;4;24;2024-10;2;2;TRUE;FALSE
24102207;isaac.rivera;crosscapital2;100062;2024-10-22 15:45:53;78600.0;35242525;COMPLETED;4;24;2024-10;1;1;FALSE;FALSE
24102301;DominicHale;ashlandmuseumofprintedarts;100236;2024-10-23 09:59:46;477500.0;36058655;COMPLETED;4;24;2024-10;2;2;TRUE;FALSE
24102302;davisauctionpartners;abigail.martinez;100374;2024-10-23 13:33:22;599500.0;96187039;COMPLETED;4;24;2024-10;2;2;TRUE;FALSE
24102303;elliscollections;windermeredesignheritage_org;100112;2024-10-23 19:30:38;781000.0;72880343;COMPLETED;4;24;2024-10;2;2;TRUE;FALSE
24102401;helval_hold6;ramirezauctionpartners;100405;2024-10-24 10:27:27;145000.0;87658927;COMPLETED;4;24;2024-10;2;2;TRUE;FALSE
24102402;ashcroftcollection;heritagerowmaterialculturein;100305;2024-10-24 11:49:54;103000.0;16660212;COMPLETED;4;24;2024-10;2;2;TRUE;FALSE
24102403;silvermarshdecorativeartsarc;southbankmaritimeheritagemus;100244;2024-10-24 13:15:10;211500.0;;PENDING;4;24;2024-10;1;;FALSE;FALSE
24102404;fairmontmaritimeheritagemuse;ruby.reed;100229;2024-10-24 14:01:10;68800.0;35242525;COMPLETED;4;24;2024-10;2;2;TRUE;FALSE
24102501;elmsteadhistoricalsociety;georgia_elli;100408;2024-10-25 15:36:48;156500.0;35242525;COMPLETED;4;24;2024-10;2;2;TRUE;FALSE
24102502;windermeredesignheritage_org;orchardhousecommunityartsfou;100049;2024-10-25 17:49:10;698000.0;75941901;COMPLETED;4;24;2024-10;2;2;TRUE;FALSE
24102503;julia.roberts;howellartadvisory;100109;2024-10-25 20:49:10;288500.0;87658927;REJECTED;4;24;2024-10;1;;FALSE;FALSE
24102601;emilia.sullivan_curator;windermerepublicartconservan;100679;2024-10-26 10:29:45;73600.0;;CANCELLED;4;24;2024-10;1;;FALSE;FALSE
24102602;wexlercapital2;cassidy.ito;100577;2024-10-26 13:59:23;352500.0;35242525;COMPLETED;4;24;2024-10;2;2;TRUE;FALSE
24102901;renee.kim;ari.turner;100363;2024-10-29 16:24:54;385500.0;;FAILED;4;24;2024-10;1;;FALSE;FALSE
24103001;willowmererailwayhistorycent;helvale7;100478;2024-10-30 14:22:29;602000.0;23121126;REJECTED;4;24;2024-10;1;;FALSE;FALSE
24103002;yorkfieldfurnituredesignarch;vanefamilyoffice;100490;2024-10-30 17:52:32;532500.0;87292197;FAILED;4;24;2024-10;1;;FALSE;FALSE
24110301;theo.kim;croth_alt;100594;2024-11-03 10:51:12;742500.0;;CANCELLED;4;25;2024-11;1;;FALSE;FALSE
24110302;aaron.olsen;celine.irwin;100275;2024-11-03 12:36:51;1335000.0;16660212;COMPLETED;4;25;2024-11;1;1;FALSE;FALSE
24110303;theo_kinc2;davisauctionpartners;100278;2024-11-03 13:11:09;279500.0;23121126;COMPLETED;4;25;2024-11;2;2;TRUE;FALSE
24110304;aaron.olsen;GrantMercer;100232;2024-11-03 13:20:48;422500.0;16498618;COMPLETED;4;25;2024-11;1;1;FALSE;FALSE
24110401;tariqinvests;valecapital2;100762;2024-11-04 09:03:37;1085000.0;16498618;COMPLETED;4;25;2024-11;2;2;TRUE;FALSE
24110402;aiden.patel;windermeredesignheritage_org;100345;2024-11-04 09:52:04;332000.0;23121126;COMPLETED;4;25;2024-11;1;1;FALSE;FALSE
24110403;rosemontmuseumofmoderncraftd;wexlercollection;100269;2024-11-04 11:18:30;254000.0;72880343;COMPLETED;4;25;2024-11;1;1;FALSE;FALSE
24110404;rosemontmuseumofmoderncraftd;vivienne.cross;100620;2024-11-04 11:28:24;2970000.0;23121126;COMPLETED;4;25;2024-11;1;1;FALSE;FALSE
24110405;yara.diaz;eastgateindustrialartsmuseum;100216;2024-11-04 16:37:16;699000.0;;FAILED;4;25;2024-11;1;;FALSE;FALSE
24110406;vanefamilyoffice;northbridgemuseumofmoderncra;100407;2024-11-04 16:39:43;1536000.0;16660212;COMPLETED;4;25;2024-11;2;2;TRUE;FALSE
24110407;harper.ellis;howellartadvisory;100170;2024-11-04 18:45:16;358500.0;35242525;COMPLETED;4;25;2024-11;1;1;FALSE;FALSE
24110501;cassidy.ito;andersonartadvisory;100321;2024-11-05 08:11:05;148500.0;16498618;FAILED;4;25;2024-11;1;;FALSE;FALSE
24110502;rosemontdesignheritagecenter;meridianmillercollections;100241;2024-11-05 09:29:58;659500.0;96187039;COMPLETED;4;25;2024-11;1;1;FALSE;FALSE
24110503;isaac.rivera;wexlercapital2;100259;2024-11-05 10:27:50;691000.0;77404927;COMPLETED;4;25;2024-11;1;1;FALSE;FALSE
24110504;greatlakesindustrialartsmuse;castillocollections;100435;2024-11-05 10:51:06;923000.0;90907400;COMPLETED;4;25;2024-11;1;1;FALSE;FALSE
24110505;quarrylanecraftpreservations;redcedarfolkartfoundation;100017;2024-11-05 10:59:23;73800.0;45562918;COMPLETED;4;25;2024-11;1;1;FALSE;FALSE
24110506;elmsteadhistoricalsociety;vanefamilyoffice;100419;2024-11-05 12:00:08;282500.0;87658927;COMPLETED;4;25;2024-11;1;1;FALSE;FALSE
24110507;windermeremuseumofmoderncraf;vanecapital2;100365;2024-11-05 12:09:02;1297000.0;77404927;COMPLETED;4;25;2024-11;1;1;FALSE;FALSE
24110508;granitehillmuseumoflocalindu;windermerepublicartconservan;100163;2024-11-05 14:57:24;611500.0;87658927;COMPLETED;4;25;2024-11;1;1;FALSE;FALSE
24110509;augvan_hold1;kai.romero;100497;2024-11-05 15:10:04;519500.0;16660212;COMPLETED;4;25;2024-11;2;2;TRUE;FALSE
24110510;theo.foster;elmsteadhistoricalsociety;100413;2024-11-05 16:29:43;485000.0;87292197;COMPLETED;4;25;2024-11;1;1;FALSE;FALSE
24110511;yara.flores;brookfieldhistorichousefound;100123;2024-11-05 17:45:49;119000.0;90907400;COMPLETED;4;25;2024-11;1;1;FALSE;FALSE
24110512;reina.sullivan;priya.lane;100176;2024-11-05 19:04:36;239000.0;23121126;COMPLETED;4;25;2024-11;2;1;FALSE;FALSE
24110601;windermeremuseumofmoderncraf;valecapital2;100276;2024-11-06 12:54:14;963500.0;16498618;COMPLETED;4;25;2024-11;1;1;FALSE;FALSE
24110602;fairmontmaritimeheritagemuse;whiteclifffolkartarchive;100306;2024-11-06 13:50:30;497000.0;72880343;COMPLETED;4;25;2024-11;2;1;FALSE;FALSE
24110603;ftran_westhave;mwexler_alt;100341;2024-11-06 15:39:44;623500.0;16660212;COMPLETED;4;25;2024-11;1;1;FALSE;FALSE
24110604;aldergrovefurnituredesignarc;choiartadvisory;100487;2024-11-06 15:43:11;805000.0;35242525;REVERSED;4;25;2024-11;1;;FALSE;FALSE
24110605;hearthstonefolkartarchive;MWexler;100199;2024-11-06 15:59:10;254500.0;36058655;COMPLETED;4;25;2024-11;1;1;FALSE;FALSE
24110606;isaac.rivera;lucia.knight;100504;2024-11-06 16:34:18;408000.0;96187039;COMPLETED;4;25;2024-11;1;1;FALSE;FALSE
24110701;northbridgemuseumofmoderncra;jade.campbell;100366;2024-11-07 09:13:28;300500.0;96187039;COMPLETED;4;25;2024-11;1;1;FALSE;FALSE
24110702;ironwoodcraftpreservatio_org;cassidy.ito;100135;2024-11-07 10:31:21;293000.0;;PENDING;4;25;2024-11;1;;FALSE;FALSE
24110703;stonefieldmaterialcultureins;orchardhousecommunityartsfou;100256;2024-11-07 11:32:11;113000.0;36058655;COMPLETED;4;25;2024-11;1;1;FALSE;FALSE
24110704;priya.nelson;granitehillmuseumoflocalindu;100537;2024-11-07 11:44:18;998500.0;75941901;REVERSED;4;25;2024-11;1;;FALSE;FALSE
24110705;highlandartistslegacytrust;renee.kim;100438;2024-11-07 14:49:34;640500.0;45562918;COMPLETED;4;25;2024-11;1;1;FALSE;FALSE
24110706;davisauctionpartners;elliscollections;100450;2024-11-07 14:51:12;428500.0;72880343;COMPLETED;4;25;2024-11;2;2;TRUE;FALSE
24110707;fairmontmaritimeheritagemuse;ronashcroft7;100166;2024-11-07 15:10:20;416000.0;87658927;COMPLETED;4;25;2024-11;3;3;TRUE;FALSE
24110708;kai.romero;adamscollections;100548;2024-11-07 17:03:16;352500.0;72880343;COMPLETED;4;25;2024-11;2;2;TRUE;FALSE
24110709;cassidy.ito;reyesfineobjects;100410;2024-11-07 17:41:18;723500.0;96187039;COMPLETED;4;25;2024-11;1;1;FALSE;FALSE
24110801;howellartadvisory;foundrybennettfineobjects;100286;2024-11-08 09:10:39;534000.0;16498618;COMPLETED;4;25;2024-11;3;3;TRUE;FALSE
24110802;avane_alt;ashlanddecorativeartsarchive;100753;2024-11-08 10:08:43;1017000.0;87292197;COMPLETED;4;25;2024-11;1;1;FALSE;FALSE
24110803;southbanktextilearchive;ashlandmuseumofprintedarts;100430;2024-11-08 10:35:36;600000.0;16498618;COMPLETED;4;25;2024-11;1;1;FALSE;FALSE
24110804;kai.romero;wexlercapital2;100021;2024-11-08 11:00:26;194000.0;35242525;COMPLETED;4;25;2024-11;1;1;FALSE;FALSE
24110805;yorkfieldfurnituredesignarch;yara.flores;100187;2024-11-08 11:54:08;565000.0;96187039;COMPLETED;4;25;2024-11;1;1;FALSE;FALSE
24110806;northbridgemuseumofmoderncra;nwhitmore_family2;100317;2024-11-08 13:30:45;1216000.0;96187039;COMPLETED;4;25;2024-11;1;1;FALSE;FALSE
24110807;orchardhousecommunityartsfou;DominicHale;100322;2024-11-08 13:32:34;146500.0;35242525;FAILED;4;25;2024-11;1;;FALSE;FALSE
24110808;highlandartistslegacytrust;elmsteadculturalmemoryprojec;100026;2024-11-08 15:21:21;300500.0;77404927;COMPLETED;4;25;2024-11;1;1;FALSE;FALSE
24110809;windermerepublicartconservan;santiago.jordan;100291;2024-11-08 17:08:18;456000.0;45562918;COMPLETED;4;25;2024-11;1;1;FALSE;FALSE
24110810;parkhurstceramicsmuseum;valeheritagefund;100274;2024-11-08 17:30:44;238500.0;35242525;COMPLETED;4;25;2024-11;2;2;TRUE;FALSE
24110811;yasmin.roberts;choiartadvisory;100107;2024-11-08 17:52:05;694000.0;16660212;COMPLETED;4;25;2024-11;1;1;FALSE;FALSE
24110812;cassidy.ito;castillocollections;100645;2024-11-08 20:43:28;171000.0;96187039;COMPLETED;4;25;2024-11;1;1;FALSE;FALSE
24110901;AuggieVane;crossventuresart;100720;2024-11-09 10:03:39;1005000.0;77404927;COMPLETED;4;25;2024-11;1;1;FALSE;FALSE
24110902;ashcroftcapital2;bobby;100521;2024-11-09 10:13:19;1299000.0;16660212;COMPLETED;4;25;2024-11;2;2;TRUE;FALSE
24110903;harborlightmuseumofprintedar;celi_ster3;100710;2024-11-09 11:33:09;1099000.0;87292197;COMPLETED;4;25;2024-11;1;1;FALSE;FALSE
24110904;reese.wilson;southbanktextilearchive;100681;2024-11-09 13:46:58;774500.0;35242525;REVERSED;4;25;2024-11;1;;FALSE;FALSE
24110905;TheoKincaid;liucollections;100777;2024-11-09 17:13:11;422000.0;45562918;COMPLETED;4;25;2024-11;1;1;FALSE;FALSE
24110906;reina.sullivan;vivcross7;100519;2024-11-09 17:49:18;4018000.0;23121126;COMPLETED;4;25;2024-11;1;1;FALSE;FALSE
24111001;reina.sullivan;foundrybennettfineobjects;100105;2024-11-10 08:41:17;475000.0;75941901;COMPLETED;4;25;2024-11;1;1;FALSE;FALSE
24111002;heritagerowceramicsmuseum;howardfineobjects;100121;2024-11-10 09:36:49;376000.0;16660212;COMPLETED;4;25;2024-11;1;1;FALSE;FALSE
24111003;cassidy.ito;liucollections;100321;2024-11-10 10:16:44;142500.0;;CANCELLED;4;25;2024-11;2;;FALSE;FALSE
24111004;sabrina.edwards;ashlandmuseumofprintedarts;100424;2024-11-10 10:19:22;621000.0;;PENDING;4;25;2024-11;1;;FALSE;FALSE
24111005;ruby.reed;rothcapital2;100229;2024-11-10 14:31:33;72600.0;77404927;COMPLETED;4;25;2024-11;3;3;TRUE;FALSE
24111006;chloe.shah;valecapital2;100391;2024-11-10 14:49:44;497000.0;35242525;COMPLETED;4;25;2024-11;1;1;FALSE;FALSE
24111007;GrantMercer;howardfineobjects;100865;2024-11-10 15:05:40;706500.0;23121126;COMPLETED;4;25;2024-11;1;1;FALSE;FALSE
24111101;anthony.garcia;fairmontdesignheritagecenter;100698;2024-11-11 10:00:10;1180000.0;87658927;COMPLETED;4;25;2024-11;1;1;FALSE;FALSE
24111102;fairmontdesignheritagecenter;heritagerowmaterialculturein;100212;2024-11-11 11:02:58;1456000.0;16498618;COMPLETED;4;25;2024-11;1;1;FALSE;FALSE
24111103;ravenwoodcraftpreservationso;andersonartadvisory;100498;2024-11-11 12:05:58;1816000.0;16498618;COMPLETED;4;25;2024-11;1;1;FALSE;FALSE
24111104;windermeredesignheritage_org;southbankmaritimeheritagemus;100270;2024-11-11 16:10:46;662500.0;;CANCELLED;4;25;2024-11;1;;FALSE;FALSE
24111105;liucollections;crosscapital2;100790;2024-11-11 16:38:23;603500.0;23121126;COMPLETED;4;25;2024-11;1;1;FALSE;FALSE
24111106;granitehillmuseumoflocalindu;malik.johnson;100077;2024-11-11 16:47:53;380000.0;87292197;COMPLETED;4;25;2024-11;1;1;FALSE;FALSE
24111107;cole.thomas_director;akira.bennett;100477;2024-11-11 17:02:46;574500.0;;PENDING;4;25;2024-11;1;;FALSE;FALSE
24111108;foundryzimmermanfineobjects;davisauctionpartners;100757;2024-11-11 17:09:19;371000.0;87658927;COMPLETED;4;25;2024-11;1;1;FALSE;FALSE
24111109;zane.flores_director;malik.johnson;100335;2024-11-11 18:10:57;554500.0;87658927;REJECTED;4;25;2024-11;1;;FALSE;FALSE
24111110;oakhollowmuseumofappliedarts;cassidy.ito;100285;2024-11-11 19:07:53;219500.0;87658927;COMPLETED;4;25;2024-11;1;1;FALSE;FALSE
24111111;windermeremuseumofmoderncraf;ronanA;100580;2024-11-11 19:15:57;750500.0;96187039;COMPLETED;4;25;2024-11;1;1;FALSE;FALSE
24111112;abigail.martinez;imani.reed;100491;2024-11-11 20:02:59;280500.0;87658927;COMPLETED;4;25;2024-11;1;1;FALSE;FALSE
24111201;valecapital2;harborlightpublicartconserva;100018;2024-11-12 09:25:06;188000.0;75941901;COMPLETED;4;25;2024-11;2;2;TRUE;FALSE
24111202;crosscapital2;ashcroftcollection;100062;2024-11-12 10:58:25;79700.0;90907400;COMPLETED;4;25;2024-11;2;2;TRUE;FALSE
24111203;obexley_family3;crossventuresart;100472;2024-11-12 14:09:16;1183000.0;87658927;COMPLETED;4;25;2024-11;2;2;TRUE;FALSE
24111204;northbridgemuseumofmoderncra;vanefamilyoffice;100246;2024-11-12 14:18:00;2897000.0;96187039;COMPLETED;4;25;2024-11;1;1;FALSE;TRUE
24111205;camila.park;ashlandmuseumofprintedarts;100025;2024-11-12 17:16:17;282500.0;72880343;COMPLETED;4;25;2024-11;1;1;FALSE;FALSE
24111301;timberlinerestorationfoundat;wexlercollection;100096;2024-11-13 08:31:00;374500.0;87658927;COMPLETED;4;25;2024-11;1;1;FALSE;FALSE
24111302;redcedarfolkartfoundation;PriyaSethi;100625;2024-11-13 09:15:52;728500.0;16498618;COMPLETED;4;25;2024-11;1;1;FALSE;FALSE
24111303;yasmin.roberts;windermeredesignheritage_org;100078;2024-11-13 10:04:49;321000.0;96187039;COMPLETED;4;25;2024-11;1;1;FALSE;FALSE
24111304;akira.bennett;oakhollowmuseumofappliedarts;100370;2024-11-13 14:12:54;158000.0;16660212;REJECTED;4;25;2024-11;2;;FALSE;FALSE
24111305;highlandartistslegacytrust;quinn.campbell;100637;2024-11-13 14:37:24;478000.0;87658927;COMPLETED;4;25;2024-11;1;1;FALSE;FALSE
24111306;wexlercapital2;osca_bexl6;100554;2024-11-13 15:28:25;623000.0;96187039;COMPLETED;4;25;2024-11;2;2;TRUE;FALSE
24111307;maplecrossinghistorichousefo;mwexler_alt;100418;2024-11-13 16:46:50;638500.0;72880343;FAILED;4;25;2024-11;1;;FALSE;FALSE
24111308;windermeredesignheritage_org;windermerepublicartconservan;100315;2024-11-13 17:27:42;735000.0;77404927;COMPLETED;4;25;2024-11;1;1;FALSE;FALSE
24111309;kai.romero;greatlakesindustrialartsmuse;100088;2024-11-13 17:49:36;173500.0;;PENDING;4;25;2024-11;1;;FALSE;FALSE
24111401;isaac.shah;DominicHale;100628;2024-11-14 09:47:46;706000.0;87658927;COMPLETED;4;25;2024-11;2;2;TRUE;FALSE
24111402;felix.romero;oakhollowmuseumofappliedarts;100102;2024-11-14 11:01:01;164000.0;23121126;COMPLETED;4;25;2024-11;1;1;FALSE;FALSE
24111403;priya.lane;santiago.jordan;100023;2024-11-14 11:33:35;221000.0;35242525;COMPLETED;4;25;2024-11;1;1;FALSE;FALSE
24111404;celine.irwin;elmsteadculturalmemoryprojec;100349;2024-11-14 11:41:12;128500.0;72880343;COMPLETED;4;25;2024-11;1;1;FALSE;FALSE
24111405;cassidy.ito;elmsteadculturalmemoryprojec;100577;2024-11-14 13:25:27;332500.0;16660212;COMPLETED;4;25;2024-11;3;3;TRUE;FALSE
24111406;heritagerowceramicsmuseum;vanecapital2;100344;2024-11-14 15:30:17;1220000.0;36058655;COMPLETED;4;25;2024-11;1;1;FALSE;FALSE
24111407;fairmontmaritimeheritagemuse;southbankmaritimeheritagemus;100417;2024-11-14 19:03:32;2848000.0;90907400;REJECTED;4;25;2024-11;1;;FALSE;FALSE
24111501;abigail.martinez;andersonartadvisory;100177;2024-11-15 09:42:46;672000.0;35242525;COMPLETED;4;25;2024-11;1;1;FALSE;FALSE
24111502;rothcapital2;stoneartadvisory;100229;2024-11-15 11:50:06;73800.0;;CANCELLED;4;25;2024-11;4;;TRUE;FALSE
24111503;southbanktextilearchive;greatlakesindustrialartsmuse;100382;2024-11-15 12:45:25;957000.0;96187039;COMPLETED;4;25;2024-11;1;1;FALSE;FALSE
24111504;theo.foster;OscarBexley;100402;2024-11-15 12:58:13;455000.0;87658927;COMPLETED;4;25;2024-11;1;1;FALSE;FALSE
24111505;imani.reed;vivcross7;100643;2024-11-15 14:53:10;427500.0;75941901;COMPLETED;4;25;2024-11;1;1;FALSE;FALSE
24111506;harborlightmuseumofprintedar;meridianmillercollections;100043;2024-11-15 15:17:08;479000.0;87658927;COMPLETED;4;25;2024-11;1;1;FALSE;FALSE
24111507;ari.morgan;dhale_family5;100098;2024-11-15 16:20:56;1278000.0;16660212;REVERSED;4;25;2024-11;1;;FALSE;FALSE
24111508;hearthstonefolkartarchive;harper.flores;100312;2024-11-15 16:37:11;558500.0;72880343;COMPLETED;4;25;2024-11;2;1;FALSE;FALSE
24111509;harper.flores;vanecapital2;100552;2024-11-15 16:41:43;92000.0;35242525;COMPLETED;4;25;2024-11;2;1;FALSE;FALSE
24111510;ronanA;ashcroftcollection;100678;2024-11-15 17:15:21;274000.0;16498618;COMPLETED;4;25;2024-11;3;3;TRUE;FALSE
24111601;chloe.shah;beatrice.kim;100122;2024-11-16 16:13:13;405500.0;35242525;COMPLETED;4;25;2024-11;1;1;FALSE;FALSE
24111701;elmsteadculturalpreservation;vanefamilyoffice;100054;2024-11-17 08:27:25;161500.0;96187039;COMPLETED;4;25;2024-11;1;1;FALSE;FALSE
24111702;felix.romero;meridianmillercollections;100560;2024-11-17 09:54:54;308500.0;90907400;COMPLETED;4;25;2024-11;1;1;FALSE;FALSE
24111703;celine.irwin;HelenaVale;100342;2024-11-17 19:48:04;264500.0;16498618;COMPLETED;4;25;2024-11;1;1;FALSE;FALSE
24111801;heritagerowmaterialculturein;ronash_hold5;100305;2024-11-18 11:07:24;104500.0;36058655;COMPLETED;4;25;2024-11;3;3;TRUE;FALSE
24111802;northbridgemuseumofmoderncra;juniperridgepublicartconserv;100466;2024-11-18 11:55:26;1335000.0;87292197;COMPLETED;4;25;2024-11;2;2;TRUE;FALSE
24111803;HelenaVale;castillocollections;100714;2024-11-18 14:33:10;1358000.0;75941901;COMPLETED;4;25;2024-11;1;1;FALSE;FALSE
24111804;theo.foster;erook_family4;100825;2024-11-18 14:52:49;597500.0;75941901;COMPLETED;4;25;2024-11;1;1;FALSE;FALSE
24111805;lucia.knight;rosemontdesignheritagecenter;100380;2024-11-18 16:03:58;403000.0;72880343;COMPLETED;4;25;2024-11;1;1;FALSE;FALSE
24111806;eva.howell;walkercollections;100383;2024-11-18 17:04:56;297000.0;87292197;COMPLETED;4;25;2024-11;1;1;FALSE;FALSE
24111807;oakhollowmuseumofappliedarts;akira.bennett;100621;2024-11-18 17:28:04;830000.0;87292197;COMPLETED;4;25;2024-11;2;1;FALSE;FALSE
24111808;ashcroftcapital2;meridianmillercollections;100507;2024-11-18 17:33:52;883000.0;;FAILED;4;25;2024-11;2;;TRUE;FALSE
24111809;parkhurstceramicsmuseum;vivcro_hold4;100745;2024-11-18 18:22:29;448500.0;23121126;COMPLETED;4;25;2024-11;1;1;FALSE;FALSE
24111901;lana.vasquez;farahholdings1;100766;2024-11-19 09:41:39;1055000.0;87658927;COMPLETED;4;25;2024-11;1;1;FALSE;FALSE
24111902;henry.franklin;vanecapital2;100805;2024-11-19 11:03:36;580500.0;96187039;COMPLETED;4;25;2024-11;1;1;FALSE;FALSE
24111903;granitehillbotanicalheritage;davisauctionpartners;100074;2024-11-19 11:08:30;402000.0;16498618;COMPLETED;4;25;2024-11;1;1;FALSE;FALSE
24111904;georgia_elli;cassidy.ito;100408;2024-11-19 12:51:38;154500.0;36058655;COMPLETED;4;25;2024-11;3;3;TRUE;FALSE
24111905;malik.johnson;vivcross7;100333;2024-11-19 12:53:50;91900.0;90907400;COMPLETED;4;25;2024-11;1;1;FALSE;FALSE
24111906;ftran_westhave;southbanktextilearchive;100280;2024-11-19 13:09:40;474000.0;72880343;CANCELLED;4;25;2024-11;1;;FALSE;FALSE
24111907;crosscapital2;OscarBexley;100596;2024-11-19 14:29:47;1831000.0;72880343;COMPLETED;4;25;2024-11;3;2;TRUE;FALSE
24111908;caesar;celrot_hold2;100359;2024-11-19 16:32:18;938000.0;96187039;COMPLETED;4;25;2024-11;2;2;TRUE;FALSE
24111909;eastgateindustrialartsmuseum;meridianmillercollections;100635;2024-11-19 17:48:50;560000.0;77404927;CANCELLED;4;25;2024-11;1;;FALSE;FALSE
24111910;DominicHale;ronash_hold5;100484;2024-11-19 17:49:30;636500.0;35242525;COMPLETED;4;25;2024-11;2;2;TRUE;FALSE
24111911;yorkfieldfurnituredesignarch;blair.kaur;100145;2024-11-19 19:43:58;329000.0;23121126;COMPLETED;4;25;2024-11;1;1;FALSE;FALSE
24112001;CelesteRoth;abigail.martinez;100273;2024-11-20 09:39:33;552000.0;72880343;COMPLETED;4;25;2024-11;2;2;TRUE;FALSE
24112002;howardfineobjects;elliscollections;100865;2024-11-20 10:08:20;673000.0;35242525;COMPLETED;4;25;2024-11;2;2;TRUE;FALSE
24112003;TheoKincaid;liucollections;100737;2024-11-20 10:37:56;5400000.0;96187039;REJECTED;4;25;2024-11;1;;FALSE;FALSE
24112004;harper.hernandez;farahholdings1;100231;2024-11-20 10:47:43;579500.0;;PENDING;4;25;2024-11;1;;FALSE;FALSE
24112005;choiartadvisory;vivcro_hold4;100107;2024-11-20 11:12:23;695000.0;87292197;COMPLETED;4;25;2024-11;2;2;TRUE;FALSE
24112006;EleanorRook;eastgateindustrialartsmuseum;100739;2024-11-20 14:08:18;6826000.0;87658927;COMPLETED;4;25;2024-11;1;1;FALSE;FALSE
24112007;PriyaSethi;beatrice.kim;100716;2024-11-20 15:27:19;992000.0;96187039;COMPLETED;4;25;2024-11;1;1;FALSE;FALSE
24112008;vivcross7;walkercollections;100519;2024-11-20 16:48:52;4109000.0;75941901;COMPLETED;4;25;2024-11;2;2;TRUE;FALSE
24112009;lana.vasquez;crossventuresart;100313;2024-11-20 17:12:34;571500.0;96187039;COMPLETED;4;25;2024-11;1;1;FALSE;FALSE
24112010;mwexler_alt;valeheritagefund;100341;2024-11-20 17:32:32;643500.0;16660212;COMPLETED;4;25;2024-11;2;2;TRUE;FALSE
24112011;southbanktextilearchive;georgia_elli;100416;2024-11-20 19:23:23;290500.0;72880343;COMPLETED;4;25;2024-11;2;2;TRUE;FALSE
24112101;aiden.patel;davisauctionpartners;100014;2024-11-21 08:56:02;145500.0;87292197;COMPLETED;4;25;2024-11;1;1;FALSE;FALSE
24112102;eastgateindustrialartsmuseum;yasmin.roberts;100348;2024-11-21 09:38:27;449500.0;45562918;COMPLETED;4;25;2024-11;1;1;FALSE;FALSE
24112103;parkhurstceramicsmuseum;brookfieldhistorichousefound;100099;2024-11-21 09:53:00;338500.0;45562918;COMPLETED;4;25;2024-11;2;2;TRUE;FALSE
24112104;foxgloveartistslegacytrust;rothartadvisory;100247;2024-11-21 11:42:00;5490000.0;87658927;COMPLETED;4;25;2024-11;1;1;FALSE;TRUE
24112105;rosemontmuseumofmoderncraftd;vivcro_hold4;100268;2024-11-21 12:21:55;910000.0;87292197;COMPLETED;4;25;2024-11;1;1;FALSE;FALSE
24112106;keira.nguyen;highlandartistslegacytrust;100675;2024-11-21 12:36:33;222000.0;;FAILED;4;25;2024-11;1;;FALSE;FALSE
24112107;redcedarfolkartfoundation;gmercer_family1;100467;2024-11-21 12:46:01;507000.0;;PENDING;4;25;2024-11;1;;FALSE;FALSE
24112108;tanglewoodculturalmemory_org;DominicHale;100480;2024-11-21 13:13:46;1655000.0;75941901;FAILED;4;25;2024-11;1;;FALSE;FALSE
24112109;yasmin.roberts;reyesfineobjects;100432;2024-11-21 15:42:16;422500.0;;CANCELLED;4;25;2024-11;1;;FALSE;FALSE
24112110;wexlercapital2;northbridgemuseumofmoderncra;100021;2024-11-21 16:26:59;196500.0;36058655;COMPLETED;4;25;2024-11;2;2;TRUE;FALSE
24112111;hearthstonefolkartarchive;greatlakesindustrialartsmuse;100428;2024-11-21 16:47:41;1887000.0;35242525;COMPLETED;4;25;2024-11;1;1;FALSE;FALSE
24112112;vanecapital2;ari.turner;100552;2024-11-21 17:29:40;86900.0;75941901;REJECTED;4;25;2024-11;3;;TRUE;FALSE
24112113;theo.foster;psethi_family6;100224;2024-11-21 19:31:46;264000.0;35242525;COMPLETED;4;25;2024-11;1;1;FALSE;FALSE
24112114;santiago.jordan;theo_kinc2;100747;2024-11-21 19:37:54;869000.0;96187039;COMPLETED;4;25;2024-11;1;1;FALSE;FALSE
24112115;AuggieVane;crosscapital2;100717;2024-11-21 19:40:31;337000.0;23121126;COMPLETED;4;25;2024-11;1;1;FALSE;FALSE
24112201;mina.singh;cassidy.ito;100669;2024-11-22 10:22:52;548500.0;23121126;COMPLETED;4;25;2024-11;1;1;FALSE;FALSE
24112202;southbanktextilearchive;aaron.olsen;100155;2024-11-22 10:25:58;1248000.0;35242525;COMPLETED;4;25;2024-11;2;1;FALSE;FALSE
24112203;vivienne.cross;valecapital2;100803;2024-11-22 11:41:41;682500.0;23121126;COMPLETED;4;25;2024-11;1;1;FALSE;FALSE
24112204;windermeredesignheritagecent;rothartadvisory;100384;2024-11-22 13:04:24;973000.0;87292197;REJECTED;4;25;2024-11;1;;FALSE;FALSE
24112205;liucollections;windermerepublicartconservan;100777;2024-11-22 13:08:18;398500.0;16660212;COMPLETED;4;25;2024-11;2;2;TRUE;FALSE
24112206;rothartadvisory;rothcapital2;100750;2024-11-22 13:12:12;143000.0;72880343;COMPLETED;4;25;2024-11;2;2;TRUE;FALSE
24112207;wexlercollection;oakhollowdesignheritagecente;100617;2024-11-22 13:14:32;689500.0;72880343;COMPLETED;4;25;2024-11;3;3;TRUE;FALSE
24112208;zane.thomas;vanefamilyoffice;100829;2024-11-22 13:48:46;1378000.0;16660212;COMPLETED;4;25;2024-11;1;1;FALSE;FALSE
24112209;abigail.martinez;aiden.patel;100374;2024-11-22 14:40:26;582000.0;23121126;COMPLETED;4;25;2024-11;3;3;TRUE;FALSE
24112210;howardfineobjects;GrantMercer;100910;2024-11-22 14:51:39;384000.0;45562918;COMPLETED;4;25;2024-11;1;1;FALSE;FALSE
24112211;avane_alt;harper.flores;100724;2024-11-22 15:10:22;1432000.0;72880343;COMPLETED;4;25;2024-11;1;1;FALSE;FALSE
24112212;cassidy.ito;malik.johnson;100321;2024-11-22 17:54:09;120000.0;87658927;COMPLETED;4;25;2024-11;3;1;FALSE;FALSE
24112301;GrantMercer;gran_merc4;100232;2024-11-23 17:14:32;420500.0;77404927;COMPLETED;4;25;2024-11;2;2;TRUE;FALSE
24112401;priya.lane;aaron.olsen;100176;2024-11-24 14:58:23;228500.0;90907400;COMPLETED;4;25;2024-11;3;2;TRUE;FALSE
24112501;whiteclifffolkartarchive;castillocollections;100306;2024-11-25 11:19:47;520500.0;77404927;COMPLETED;4;25;2024-11;3;2;TRUE;FALSE
24112502;blair.kaur;gmercer_family1;100145;2024-11-25 13:42:23;368000.0;;CANCELLED;4;25;2024-11;2;;TRUE;FALSE
24112601;southbankmaterialcultureinst;rothcapital2;100640;2024-11-26 09:44:58;3476000.0;75941901;REJECTED;4;25;2024-11;1;;FALSE;FALSE
24112602;ashlandmuseumofprintedarts;avane_alt;100430;2024-11-26 11:37:29;643000.0;96187039;COMPLETED;4;25;2024-11;2;2;TRUE;FALSE
24112603;ashlandmuseumofprintedarts;northbridgemuseumofmoderncra;100330;2024-11-26 12:24:31;405000.0;;CANCELLED;4;25;2024-11;1;;FALSE;FALSE
24112701;greatlakesindustrialartsmuse;crossventuresart;100249;2024-11-27 10:24:00;4033000.0;16498618;COMPLETED;4;25;2024-11;1;1;FALSE;TRUE
24112702;tanglewoodfolkartarchive;vivcro_hold4;100119;2024-11-27 13:45:50;779000.0;87292197;REJECTED;4;25;2024-11;1;;FALSE;FALSE
24112901;cassidy.ito;vanefamilyoffice;100669;2024-11-29 15:50:24;607500.0;16498618;CANCELLED;4;25;2024-11;2;;TRUE;FALSE
24113001;bishopheritagesales;ari.turner;100936;2024-11-30 13:29:23;533000.0;77404927;COMPLETED;4;25;2024-11;1;1;FALSE;FALSE
24113002;redcedarfolkartfoundation;GrantMercer;100782;2024-11-30 14:08:23;815500.0;45562918;COMPLETED;4;25;2024-11;1;1;FALSE;FALSE
24120201;rothcapital2;meridianmillercollections;100229;2024-12-02 11:02:47;71700.0;35242525;REVERSED;4;25;2024-12;5;;TRUE;FALSE
24120301;vanefamilyoffice;pineharborrailwayhistorycent;100054;2024-12-03 10:52:50;160500.0;77404927;COMPLETED;4;25;2024-12;2;2;TRUE;FALSE
24120302;foundrybennettfineobjects;malik.johnson;100286;2024-12-03 11:38:16;575500.0;;FAILED;4;25;2024-12;4;;TRUE;FALSE
24120303;northbridgemuseumofmoderncra;castillocollections;100303;2024-12-03 12:10:53;98500.0;96187039;COMPLETED;4;25;2024-12;1;1;FALSE;FALSE
24120304;kai.romero;aaron.olsen;100088;2024-12-03 13:44:27;173500.0;90907400;COMPLETED;4;25;2024-12;2;1;FALSE;FALSE
24120305;fairmontmaritimeheritagemuse;zane.thomas;100604;2024-12-03 13:56:17;712000.0;45562918;COMPLETED;4;25;2024-12;1;1;FALSE;FALSE
24120306;kai.zimmerman;georgia_elli;100725;2024-12-03 14:37:36;2688000.0;45562918;COMPLETED;4;25;2024-12;1;1;FALSE;FALSE
24120307;vanecapital2;EleanorRook;100365;2024-12-03 16:03:19;1360000.0;87658927;COMPLETED;4;25;2024-12;2;2;TRUE;FALSE
24120308;redcedarfolkartfoundation;malik.johnson;100360;2024-12-03 20:03:59;176500.0;87658927;COMPLETED;4;25;2024-12;1;1;FALSE;FALSE
24120401;abigail.martinez;vanefamilyoffice;100273;2024-12-04 09:33:33;607500.0;;FAILED;4;25;2024-12;3;;TRUE;FALSE
24120402;howardfineobjects;crosscapital2;100921;2024-12-04 10:10:11;1195000.0;35242525;COMPLETED;4;25;2024-12;1;1;FALSE;FALSE
24120403;harper.ellis;quinn.campbell;100019;2024-12-04 10:18:02;149000.0;45562918;COMPLETED;4;25;2024-12;1;1;FALSE;FALSE
24120404;imani.reed;lucia.knight;100935;2024-12-04 13:30:58;1396000.0;36058655;COMPLETED;4;25;2024-12;1;1;FALSE;FALSE
24120405;northbridgemuseumofmoderncra;isaac.shah;100011;2024-12-04 14:47:43;84500.0;16498618;COMPLETED;4;25;2024-12;1;1;FALSE;FALSE
24120406;jade.campbell;ronashcroft7;100366;2024-12-04 14:53:08;297000.0;87658927;COMPLETED;4;25;2024-12;2;2;TRUE;FALSE
24120407;isaac.rivera;emilia.cho;100403;2024-12-04 15:52:41;921000.0;87292197;COMPLETED;4;25;2024-12;1;1;FALSE;FALSE
24120408;isaac.shah;elliscollections;100648;2024-12-04 16:06:04;379500.0;35242525;COMPLETED;4;25;2024-12;1;1;FALSE;FALSE
24120409;akira.bennett;crossventuresart;100370;2024-12-04 16:44:51;177000.0;16660212;COMPLETED;4;25;2024-12;3;1;FALSE;FALSE
24120410;priya.nelson;fairmontmaritimeheritagemuse;100266;2024-12-04 17:05:09;147500.0;23121126;COMPLETED;4;25;2024-12;1;1;FALSE;FALSE
24120411;akira.bennett;ashlandmuseumofprintedarts;100621;2024-12-04 19:26:51;868000.0;16660212;COMPLETED;4;25;2024-12;3;2;TRUE;FALSE
24120412;ashcroftcapital2;nadia_whitmore;100507;2024-12-04 20:14:35;811000.0;72880343;COMPLETED;4;25;2024-12;3;2;TRUE;FALSE
24120501;windermerepublicartconservan;southbankmaritimeheritagemus;100605;2024-12-05 08:53:18;191500.0;45562918;COMPLETED;4;25;2024-12;1;1;FALSE;FALSE
24120502;castillocollections;northbridgemuseumofmoderncra;100306;2024-12-05 10:07:40;574500.0;45562918;COMPLETED;4;25;2024-12;4;3;TRUE;FALSE
24120503;brookfieldhistorichousefound;howellartadvisory;100501;2024-12-05 10:20:35;815500.0;75941901;COMPLETED;4;25;2024-12;1;1;FALSE;FALSE
24120504;malik.johnson;selene78;100292;2024-12-05 10:38:50;321000.0;16498618;COMPLETED;4;25;2024-12;1;1;FALSE;FALSE
24120505;priya.nelson;juniperridgeartistslegacytru;100476;2024-12-05 11:37:36;429000.0;75941901;COMPLETED;4;25;2024-12;1;1;FALSE;FALSE
24120506;elmsteadculturalpreservation;osca_bexl6;100356;2024-12-05 12:19:06;337000.0;36058655;COMPLETED;4;25;2024-12;1;1;FALSE;FALSE
24120507;imani.reed;vivienne.cross;100930;2024-12-05 12:24:03;737000.0;87292197;COMPLETED;4;25;2024-12;1;1;FALSE;FALSE
24120508;brookfieldhistorichousefound;quinn.cho;100704;2024-12-05 12:41:29;640000.0;72880343;COMPLETED;4;25;2024-12;1;1;FALSE;FALSE
24120509;juniperridgeartistslegacytru;cassidy.ito;100476;2024-12-05 13:31:42;452500.0;45562918;CANCELLED;4;25;2024-12;2;;TRUE;FALSE
24120510;celine.irwin;meridianmillercollections;100339;2024-12-05 16:07:43;928500.0;45562918;COMPLETED;4;25;2024-12;1;1;FALSE;FALSE
24120511;isaac.rivera;brookfieldarchitecturalherit;100462;2024-12-05 16:55:04;447500.0;;PENDING;4;25;2024-12;1;;FALSE;FALSE
24120512;vivcross7;julia.roberts;100643;2024-12-05 17:25:45;443500.0;87292197;COMPLETED;4;25;2024-12;2;2;TRUE;FALSE
24120601;andersonartadvisory;jade.campbell;100177;2024-12-06 09:34:29;681500.0;87658927;COMPLETED;4;25;2024-12;2;2;TRUE;FALSE
24120602;zane.thomas;sabrina.shah;100827;2024-12-06 10:55:36;88200.0;75941901;COMPLETED;4;25;2024-12;1;1;FALSE;FALSE
24120603;osca_bexl6;ari.turner;100554;2024-12-06 11:11:08;604000.0;16660212;COMPLETED;4;25;2024-12;3;3;TRUE;FALSE
24120604;davisauctionpartners;rothcapital2;100014;2024-12-06 12:51:29;147500.0;87292197;COMPLETED;4;25;2024-12;2;2;TRUE;FALSE
24120605;granitehillbotanicalheritage;chloe.shah;100634;2024-12-06 15:38:12;529500.0;16498618;COMPLETED;4;25;2024-12;1;1;FALSE;FALSE
24120606;ramirezauctionpartners;daniel.campbell;100909;2024-12-06 16:38:09;567500.0;87658927;COMPLETED;4;25;2024-12;1;1;FALSE;FALSE
24120607;juniperridgeartistslegacytru;ashcroftcollection;100258;2024-12-06 16:43:59;135500.0;75941901;COMPLETED;4;25;2024-12;1;1;FALSE;FALSE
24120608;orchardhousecommunityartsfou;ashcroftcollection;100437;2024-12-06 17:00:20;506000.0;87292197;COMPLETED;4;25;2024-12;1;1;FALSE;FALSE
24120609;renee.kim;malik.johnson;100363;2024-12-06 17:31:13;478500.0;23121126;COMPLETED;4;25;2024-12;2;1;FALSE;FALSE
24120701;quinn.campbell;rothartadvisory;100569;2024-12-07 08:42:11;1590000.0;23121126;COMPLETED;4;25;2024-12;1;1;FALSE;FALSE
24120702;ashlandmuseumofprintedarts;delilah.kim;100355;2024-12-07 10:20:53;492000.0;72880343;COMPLETED;4;25;2024-12;1;1;FALSE;FALSE
24120703;parkhurstceramicsmuseum;cassidy.ito;100844;2024-12-07 13:23:36;394500.0;16498618;COMPLETED;4;25;2024-12;1;1;FALSE;FALSE
24120704;aaron.olsen;malwex_hold3;100161;2024-12-07 13:49:42;352000.0;35242525;COMPLETED;4;25;2024-12;1;1;FALSE;FALSE
24120705;GrantMercer;DominicHale;100782;2024-12-07 17:29:01;802500.0;90907400;COMPLETED;4;25;2024-12;2;2;TRUE;FALSE
24120801;copperlinemuseumofphotograph;vanecapital2;100441;2024-12-08 11:08:19;433000.0;16660212;COMPLETED;4;25;2024-12;1;1;FALSE;FALSE
24120802;croth_alt;ruby.reed;100732;2024-12-08 12:27:32;1494000.0;16498618;CANCELLED;4;25;2024-12;1;;FALSE;FALSE
24120803;nwhitmore_family2;iris.knight;100317;2024-12-08 15:15:32;1161000.0;75941901;COMPLETED;4;25;2024-12;2;2;TRUE;FALSE
24120804;valecapital2;croth_alt;100449;2024-12-08 16:37:34;365000.0;23121126;COMPLETED;4;25;2024-12;2;2;TRUE;FALSE
24120901;avane_alt;mwexler_alt;100676;2024-12-09 09:03:23;337000.0;12742361;COMPLETED;4;25;2024-12;2;2;TRUE;FALSE
24120902;crossventuresart;rosemontdesignheritagecenter;100313;2024-12-09 09:17:36;591500.0;23121126;COMPLETED;4;25;2024-12;2;2;TRUE;FALSE
24120903;chloe.shah;AuggieVane;100131;2024-12-09 09:42:54;661000.0;45562918;COMPLETED;4;25;2024-12;1;1;FALSE;FALSE
24120904;pineharborrailwayhistorycent;oakhollowmuseumofappliedarts;100032;2024-12-09 10:18:38;159000.0;87658927;COMPLETED;4;25;2024-12;1;1;FALSE;FALSE
24120905;rothcapital2;ftran_westhave;100229;2024-12-09 10:44:03;77200.0;96187039;COMPLETED;4;25;2024-12;6;4;TRUE;FALSE
24120906;vivienne.cross;chloe.shah;100620;2024-12-09 12:02:56;2892000.0;72880343;COMPLETED;4;25;2024-12;2;2;TRUE;FALSE
24120907;howellartadvisory;emilia.cho;100170;2024-12-09 12:44:05;360500.0;96187039;REJECTED;4;25;2024-12;2;;TRUE;FALSE
24120908;crosscapital2;sofia.hayes;100090;2024-12-09 14:22:43;328000.0;75941901;COMPLETED;4;25;2024-12;2;2;TRUE;FALSE
24120909;vivcro_hold4;wexlercollection;100745;2024-12-09 14:33:35;473500.0;16660212;COMPLETED;4;25;2024-12;2;2;TRUE;FALSE
24120910;copperlinemuseumofphotograph;valeheritagefund;100842;2024-12-09 14:38:14;583000.0;35242525;COMPLETED;4;25;2024-12;1;1;FALSE;FALSE
24120911;tanglewoodfolkartarchive;EleanorRook;100372;2024-12-09 15:02:42;211000.0;23121126;COMPLETED;4;25;2024-12;1;1;FALSE;FALSE
24120912;nadia_whitmore;OscarBexley;100715;2024-12-09 15:58:45;1301000.0;45562918;COMPLETED;4;25;2024-12;1;1;FALSE;FALSE
24120913;redcedarfolkartfoundation;santiago.jordan;100277;2024-12-09 16:49:40;147000.0;;PENDING;4;25;2024-12;1;;FALSE;FALSE
24121001;malik.johnson;ravenwoodcraftpreservationso;100257;2024-12-10 09:23:47;205500.0;12742361;COMPLETED;4;25;2024-12;1;1;FALSE;FALSE
24121002;redcedarfolkartfoundation;abigail.morgan;100556;2024-12-10 09:43:10;1261000.0;77404927;COMPLETED;4;25;2024-12;2;1;FALSE;FALSE
24121003;santiago.jordan;franklincollections;100097;2024-12-10 11:55:29;205000.0;35242525;COMPLETED;4;25;2024-12;1;1;FALSE;FALSE
24121004;CelesteRoth;walkercollections;100941;2024-12-10 12:15:38;1298000.0;75941901;COMPLETED;4;25;2024-12;1;1;FALSE;FALSE
24121005;hearthstonefolkartarchive;malwex_hold3;100461;2024-12-10 13:07:52;559000.0;90907400;COMPLETED;4;25;2024-12;1;1;FALSE;FALSE
24121006;northbridgemuseumofmoderncra;gmercer_family1;100021;2024-12-10 13:24:01;208500.0;45562918;COMPLETED;4;25;2024-12;3;3;TRUE;FALSE
24121007;avane_alt;castillocollections;100761;2024-12-10 14:44:29;2791000.0;16660212;COMPLETED;4;25;2024-12;1;1;FALSE;FALSE
24121008;northbridgemuseumofmoderncra;celine.irwin;100310;2024-12-10 14:58:13;598000.0;87292197;COMPLETED;4;25;2024-12;1;1;FALSE;FALSE
24121009;ironwoodcraftpreservatio_org;elliscollections;100749;2024-12-10 15:21:52;1613000.0;;PENDING;4;25;2024-12;1;;FALSE;FALSE
24121010;southbanktextilearchive;vivcross7;100207;2024-12-10 16:33:21;1106000.0;77404927;COMPLETED;4;25;2024-12;1;1;FALSE;FALSE
24121011;santiago.jordan;franklincollections;100361;2024-12-10 18:28:18;458000.0;87292197;COMPLETED;4;25;2024-12;1;1;FALSE;FALSE
24121101;PriyaSethi;celrot_hold2;100625;2024-12-11 08:44:16;706000.0;87292197;COMPLETED;4;25;2024-12;2;2;TRUE;FALSE
24121102;harborlightpublicartconserva;celine.irwin;100346;2024-12-11 09:09:10;1101000.0;90907400;REJECTED;4;25;2024-12;2;;TRUE;FALSE
24121103;xavier.jacobs;nathan58;100064;2024-12-11 10:50:56;857500.0;90907400;COMPLETED;4;25;2024-12;1;1;FALSE;FALSE
24121104;windermerepublicartconservan;walkercollections;100777;2024-12-11 10:52:59;396000.0;87658927;COMPLETED;4;25;2024-12;3;3;TRUE;FALSE
24121105;imani.reed;meridianmillercollections;100491;2024-12-11 12:39:59;281500.0;72880343;COMPLETED;4;25;2024-12;2;2;TRUE;FALSE
24121106;windermeredesignheritage_org;harborlightmuseumofprintedar;100270;2024-12-11 13:49:43;769000.0;75941901;COMPLETED;4;25;2024-12;2;1;FALSE;FALSE
24121107;daniel.campbell;vanefamilyoffice;100159;2024-12-11 14:20:31;189000.0;87292197;COMPLETED;4;25;2024-12;1;1;FALSE;FALSE
24121108;lana.vasquez;wexlercollection;100248;2024-12-11 15:06:00;8194000.0;75941901;COMPLETED;4;25;2024-12;1;1;FALSE;TRUE
24121109;priya.lane;aaron.olsen;100532;2024-12-11 15:10:40;1436000.0;75941901;COMPLETED;4;25;2024-12;1;1;FALSE;FALSE
24121110;cassidy.ito;meridianmillercollections;100285;2024-12-11 15:59:37;223500.0;96187039;COMPLETED;4;25;2024-12;2;2;TRUE;FALSE
24121111;lucia.knight;cassidy.ito;100504;2024-12-11 16:17:57;437000.0;12742361;COMPLETED;4;25;2024-12;2;2;TRUE;FALSE
24121112;windermeredesignheritage_org;aaron.olsen;100345;2024-12-11 16:27:37;357500.0;36058655;COMPLETED;4;25;2024-12;2;2;TRUE;FALSE
24121113;malik.johnson;croth_alt;100279;2024-12-11 16:47:43;188000.0;16660212;COMPLETED;4;25;2024-12;1;1;FALSE;FALSE
24121114;rothartadvisory;walkercollections;100870;2024-12-11 16:49:30;315000.0;35242525;COMPLETED;4;25;2024-12;1;1;FALSE;FALSE
24121115;windermeremuseumofmoderncraf;aaron.olsen;100712;2024-12-11 17:20:15;4549000.0;96187039;COMPLETED;4;25;2024-12;2;1;FALSE;FALSE
24121116;heritagerowmaterialculturein;ftran_westhave;100271;2024-12-11 17:24:15;1113000.0;87658927;COMPLETED;4;25;2024-12;1;1;FALSE;FALSE
24121117;sabrina.edwards;theo_kinc2;100263;2024-12-11 19:47:23;223500.0;87658927;REVERSED;4;25;2024-12;1;;FALSE;FALSE
24121118;beatrice.kim;redcedarfolkartfoundation;100716;2024-12-11 20:14:38;1002000.0;23121126;COMPLETED;4;25;2024-12;2;2;TRUE;FALSE
24121119;windermeredesignheritage_org;nadia_whitmore;100613;2024-12-11 20:39:52;617500.0;;PENDING;4;25;2024-12;1;;FALSE;FALSE
24121201;priya.lane;windermeremuseumofmoderncraf;100012;2024-12-12 10:45:21;118000.0;77404927;COMPLETED;4;25;2024-12;2;2;TRUE;FALSE
24121202;ashlanddecorativeartsarchive;ronashcroft7;100086;2024-12-12 12:54:45;589500.0;35242525;COMPLETED;4;25;2024-12;1;1;FALSE;FALSE
24121203;OscarBexley;oakhollowmuseumofappliedarts;100596;2024-12-12 13:13:56;1907000.0;77404927;COMPLETED;4;25;2024-12;4;3;TRUE;FALSE
24121204;akira.bennett;ftran_westhave;100409;2024-12-12 15:06:30;579500.0;96187039;COMPLETED;4;25;2024-12;1;1;FALSE;FALSE
24121205;jade.campbell;howardfineobjects;100264;2024-12-12 15:54:34;374500.0;12742361;COMPLETED;4;25;2024-12;1;1;FALSE;FALSE
24121206;leo.lane;crosscapital2;100601;2024-12-12 16:21:11;942500.0;;CANCELLED;4;25;2024-12;1;;FALSE;FALSE
24121207;rosemontmuseumofmoderncraftd;tanglewoodfolkartarchive;100358;2024-12-12 16:23:42;82300.0;87292197;COMPLETED;4;25;2024-12;1;1;FALSE;FALSE
24121208;windermerepublicartconservan;EleanorRook;100163;2024-12-12 16:59:49;631500.0;72880343;COMPLETED;4;25;2024-12;2;2;TRUE;FALSE
24121209;ronashcroft7;nathan58;100166;2024-12-12 20:49:39;438500.0;96187039;COMPLETED;4;25;2024-12;4;4;TRUE;FALSE
24121301;crosscapital2;santiago.jordan;100717;2024-12-13 09:56:20;338500.0;96187039;COMPLETED;4;25;2024-12;2;2;TRUE;FALSE
24121302;valecapital2;howardfineobjects;100762;2024-12-13 10:00:37;1112000.0;16498618;REVERSED;4;25;2024-12;3;;TRUE;FALSE
24121303;davisauctionpartners;nadi_whit5;100278;2024-12-13 10:36:16;285000.0;16660212;COMPLETED;4;25;2024-12;3;3;TRUE;FALSE
24121304;amir.miller;ftran_westhave;100226;2024-12-13 10:54:26;419500.0;90907400;COMPLETED;4;25;2024-12;1;1;FALSE;FALSE
24121305;valecapital2;CelesteRoth;100803;2024-12-13 11:30:00;691000.0;12742361;COMPLETED;4;25;2024-12;2;2;TRUE;FALSE
24121306;rothartadvisory;vanefamilyoffice;100789;2024-12-13 12:56:39;5153000.0;23121126;REJECTED;4;25;2024-12;1;;FALSE;FALSE
24121307;aaron.olsen;aiden.patel;100155;2024-12-13 13:23:26;1297000.0;45562918;COMPLETED;4;25;2024-12;3;2;TRUE;FALSE
24121308;vanecapital2;eastgateindustrialartsmuseum;100760;2024-12-13 16:07:35;278500.0;96187039;COMPLETED;4;25;2024-12;2;2;TRUE;FALSE
24121309;lana.vasquez;bobby;100146;2024-12-13 16:09:11;237000.0;87658927;COMPLETED;4;25;2024-12;1;1;FALSE;FALSE
24121310;hearthstonefolkartarchive;lucia.knight;100172;2024-12-13 16:35:05;610500.0;75941901;COMPLETED;4;25;2024-12;1;1;FALSE;FALSE
24121311;tanglewoodfolkartarchive;gran_merc4;100119;2024-12-13 17:13:07;716500.0;16660212;COMPLETED;4;25;2024-12;2;1;FALSE;FALSE
24121312;ramirezauctionpartners;castillocollections;100915;2024-12-13 17:23:47;288500.0;35242525;COMPLETED;4;25;2024-12;1;1;FALSE;FALSE
24121313;northbridgemuseumofmoderncra;isaac.shah;100196;2024-12-13 17:48:05;677500.0;12742361;COMPLETED;4;25;2024-12;1;1;FALSE;FALSE
24121314;eva.howell;celine.irwin;100889;2024-12-13 18:07:37;570000.0;16498618;COMPLETED;4;25;2024-12;1;1;FALSE;FALSE
24121401;rosemontdesignheritagecenter;elmsteadculturalpreservation;100380;2024-12-14 19:15:44;424000.0;36058655;COMPLETED;4;25;2024-12;2;2;TRUE;FALSE
24121501;theo.foster;ashcroftcollection;100589;2024-12-15 15:00:34;310500.0;96187039;COMPLETED;4;25;2024-12;2;1;FALSE;FALSE
24121502;juniperridgeartistslegacytru;sabrina.shah;100474;2024-12-15 17:07:46;968500.0;75941901;COMPLETED;4;25;2024-12;2;1;FALSE;FALSE
24121503;OscarBexley;howellartadvisory;100402;2024-12-15 20:17:49;440000.0;45562918;COMPLETED;4;25;2024-12;2;2;TRUE;FALSE
24121601;TheoKincaid;abigail.bennett;100737;2024-12-16 09:33:01;4861000.0;72880343;COMPLETED;4;25;2024-12;2;1;FALSE;FALSE
24121602;ashlandmuseumofprintedarts;rosemontmuseumofmoderncraftd;100364;2024-12-16 11:18:07;220500.0;87658927;COMPLETED;4;25;2024-12;1;1;FALSE;FALSE
24121603;elmsteadculturalpreservation;windermerepublicartconservan;100638;2024-12-16 11:18:53;200500.0;87658927;COMPLETED;4;25;2024-12;1;1;FALSE;FALSE
24121604;eva.howell;ruby.reed;100439;2024-12-16 11:28:55;855000.0;72880343;COMPLETED;4;25;2024-12;1;1;FALSE;FALSE
24121605;celine.irwin;lana.vasquez;100275;2024-12-16 12:29:10;1271000.0;35242525;COMPLETED;4;25;2024-12;2;2;TRUE;FALSE
24121606;tanglewoodculturalmemoryproj;julia.roberts;100128;2024-12-16 12:53:05;549500.0;75941901;FAILED;4;25;2024-12;2;;FALSE;FALSE
24121607;juniperridgeartistslegacytru;howardfineobjects;100016;2024-12-16 13:24:28;70200.0;87658927;COMPLETED;4;25;2024-12;1;1;FALSE;FALSE
24121608;nadia_whitmore;valecapital2;100755;2024-12-16 13:54:59;1137000.0;23121126;COMPLETED;4;25;2024-12;1;1;FALSE;FALSE
24121701;delilah.kim;sabrina.shah;100912;2024-12-17 08:13:39;294000.0;16498618;COMPLETED;4;25;2024-12;1;1;FALSE;FALSE
24121702;cassidy.ito;redcedarfolkartfoundation;100367;2024-12-17 09:21:38;154000.0;87658927;COMPLETED;4;25;2024-12;1;1;FALSE;FALSE
24121703;copperlinemuseumofphotograph;GrantMercer;100918;2024-12-17 10:00:00;1564000.0;16498618;COMPLETED;4;25;2024-12;1;1;FALSE;FALSE
24121704;martinheritagesales;howellartadvisory;100815;2024-12-17 11:26:21;352000.0;72880343;COMPLETED;4;25;2024-12;1;1;FALSE;FALSE
24121705;ashcroftcapital2;wexlercapital2;100206;2024-12-17 12:40:28;296000.0;72880343;COMPLETED;4;25;2024-12;3;2;TRUE;FALSE
24121706;southbankmaritimeheritagemus;vanecapital2;100734;2024-12-17 14:01:51;3429000.0;16498618;COMPLETED;4;25;2024-12;1;1;FALSE;FALSE
24121707;vivian.reyes_finance;windermerepublicartconservan;100890;2024-12-17 15:01:31;252000.0;75941901;FAILED;4;25;2024-12;1;;FALSE;FALSE
24121708;highlandartistslegacytru_org;TheoKincaid;100465;2024-12-17 15:54:05;277000.0;;PENDING;4;25;2024-12;1;;FALSE;FALSE
24121709;harper.ellis;liucollections;100924;2024-12-17 16:14:15;689000.0;16498618;COMPLETED;4;25;2024-12;1;1;FALSE;FALSE
24121710;vanefamilyoffice;crosscapital2;100419;2024-12-17 16:17:49;276500.0;45562918;COMPLETED;4;25;2024-12;2;2;TRUE;FALSE
24121711;stonefieldmaterialcultureins;abigail.bennett;100572;2024-12-17 16:22:47;270500.0;35242525;COMPLETED;4;25;2024-12;1;1;FALSE;FALSE
24121712;eastgateindustrialartsmuseum;wexlercollection;100632;2024-12-17 16:32:50;207000.0;96187039;COMPLETED;4;25;2024-12;1;1;FALSE;FALSE
24121713;jonah.irwin;eastgateindustrialartsmuseum;100039;2024-12-17 17:54:10;222000.0;16660212;COMPLETED;4;25;2024-12;1;1;FALSE;FALSE
24121714;oakhollowdesignheritagecente;meridianmillercollections;100788;2024-12-17 18:24:31;337500.0;16660212;COMPLETED;4;25;2024-12;1;1;FALSE;FALSE
24121715;juniperridgepublicartconserv;windermerepublicartconservan;100466;2024-12-17 20:12:21;1328000.0;77404927;COMPLETED;4;25;2024-12;3;3;TRUE;FALSE
24121801;imani.reed;granitehillmuseumoflocalindu;100446;2024-12-18 08:21:48;348000.0;87658927;COMPLETED;4;25;2024-12;1;1;FALSE;FALSE
24121802;granitehillbotanicalheritage;liam.martin;100926;2024-12-18 08:53:02;324500.0;23121126;COMPLETED;4;25;2024-12;1;1;FALSE;FALSE
24121803;nadia_whitmore;celine.irwin;100880;2024-12-18 09:18:01;956500.0;45562918;COMPLETED;4;25;2024-12;1;1;FALSE;FALSE
24121804;zane.thomas;northbridgemuseumofmoderncra;100751;2024-12-18 10:11:27;2509000.0;16660212;COMPLETED;4;25;2024-12;1;1;FALSE;FALSE
24121805;reina.sullivan;valeheritagefund;100425;2024-12-18 10:13:47;941500.0;90907400;COMPLETED;4;25;2024-12;1;1;FALSE;FALSE
24121806;amir.miller;osca_bexl6;100567;2024-12-18 10:59:56;413000.0;23121126;COMPLETED;4;25;2024-12;1;1;FALSE;FALSE
24121807;celine.irwin;wexlercollection;100066;2024-12-18 11:24:21;62700.0;12742361;COMPLETED;4;25;2024-12;1;1;FALSE;FALSE
24121808;tanglewoodculturalmemoryproj;abigail.morgan;100128;2024-12-18 11:56:45;642500.0;45562918;COMPLETED;4;25;2024-12;3;1;FALSE;FALSE
24121809;xavier.jacobs;sabrina.shah;100120;2024-12-18 13:00:08;997500.0;36058655;COMPLETED;4;25;2024-12;1;1;FALSE;FALSE
24121810;tanglewoodculturalmemoryproj;delilah.kim;100696;2024-12-18 13:35:23;921000.0;12742361;COMPLETED;4;25;2024-12;2;2;TRUE;FALSE
24121811;delilah.kim;nathan58;100209;2024-12-18 13:40:49;980000.0;23121126;COMPLETED;4;25;2024-12;1;1;FALSE;FALSE
24121812;isaac.shah;ashcroftcollection;100250;2024-12-18 13:51:00;10098000.0;72880343;COMPLETED;4;25;2024-12;1;1;FALSE;TRUE
24121813;tanglewoodfolkartarchive;ashcroftcollection;100807;2024-12-18 14:15:18;314500.0;72880343;COMPLETED;4;25;2024-12;1;1;FALSE;FALSE
24121814;camila.park;HelenaVale;100774;2024-12-18 15:18:19;1098000.0;16498618;COMPLETED;4;25;2024-12;1;1;FALSE;FALSE
24121815;meridianmillercollections;andersonartadvisory;100874;2024-12-18 16:16:04;332500.0;12742361;COMPLETED;4;25;2024-12;1;1;FALSE;FALSE
24121816;sabrina.edwards;abigail.bennett;100424;2024-12-18 16:32:50;636500.0;;PENDING;4;25;2024-12;2;;FALSE;FALSE
24121817;jonah.irwin;andersonartadvisory;100937;2024-12-18 16:59:03;731500.0;35242525;COMPLETED;4;25;2024-12;1;1;FALSE;FALSE
24121818;isaac.rivera;foundryzimmermanfineobjects;100587;2024-12-18 17:04:29;4740000.0;87658927;COMPLETED;4;25;2024-12;2;1;FALSE;FALSE
24121819;ravenwoodcraftpreservationso;ari.turner;100499;2024-12-18 19:18:41;424500.0;77404927;COMPLETED;4;25;2024-12;1;1;FALSE;FALSE
24121901;fairmontdesignheritagecenter;howellartadvisory;100947;2024-12-19 10:26:37;265000.0;16660212;COMPLETED;4;25;2024-12;1;1;FALSE;FALSE
24121902;quinn.campbell;imani.reed;100637;2024-12-19 10:45:59;492000.0;36058655;COMPLETED;4;25;2024-12;2;2;TRUE;FALSE
24121903;eastgatefolkartarchive;rosemontmuseumofmoderncraftd;100067;2024-12-19 11:10:04;336000.0;16660212;COMPLETED;4;25;2024-12;1;1;FALSE;FALSE
24121904;xavier.jacobs;andersonartadvisory;100036;2024-12-19 11:28:44;809500.0;90907400;COMPLETED;4;25;2024-12;1;1;FALSE;FALSE
24121905;akira.bennett;santiago.jordan;100622;2024-12-19 11:44:38;667000.0;23121126;REVERSED;4;25;2024-12;1;;FALSE;FALSE
24121906;ashcroftcollection;TheoKincaid;100258;2024-12-19 15:22:23;138000.0;87292197;COMPLETED;4;25;2024-12;2;2;TRUE;FALSE
24121907;ronanA;valeheritagefund;100580;2024-12-19 15:28:36;885500.0;35242525;COMPLETED;4;25;2024-12;2;2;TRUE;FALSE
24121908;jonah.irwin;wexlercollection;100653;2024-12-19 16:08:37;73700.0;96187039;COMPLETED;4;25;2024-12;1;1;FALSE;FALSE
24121909;eastgateindustrialartsmuseum;TheoKincaid;100629;2024-12-19 16:41:25;2209000.0;23121126;COMPLETED;4;25;2024-12;1;1;FALSE;FALSE
24121910;mina.singh;vanefamilyoffice;100482;2024-12-19 17:01:36;322000.0;96187039;COMPLETED;4;25;2024-12;1;1;FALSE;FALSE
24121911;celrot_hold2;abigail.morgan;100240;2024-12-19 17:08:52;229000.0;96187039;COMPLETED;4;25;2024-12;2;2;TRUE;FALSE
24122001;vivienne.cross;EleanorRook;100896;2024-12-20 09:09:20;226500.0;16660212;COMPLETED;4;25;2024-12;1;1;FALSE;FALSE
24122002;harborlightmuseumofprintedar;ronanA;100063;2024-12-20 09:16:36;728500.0;35242525;COMPLETED;4;25;2024-12;1;1;FALSE;FALSE
24122003;jade.campbell;imani.thomas;100607;2024-12-20 09:41:15;835000.0;87658927;COMPLETED;4;25;2024-12;1;1;FALSE;FALSE
24122004;brookfieldarchitecturalherit;sofia.hayes;100793;2024-12-20 10:28:33;273500.0;75941901;COMPLETED;4;25;2024-12;1;1;FALSE;FALSE
24122005;yasmin.roberts;northbridgemuseumofmoderncra;100786;2024-12-20 11:39:35;543000.0;77404927;COMPLETED;4;25;2024-12;1;1;FALSE;FALSE
24122006;elmsteadculturalmemoryprojec;ronashcroft7;100349;2024-12-20 12:06:45;119000.0;23121126;COMPLETED;4;25;2024-12;2;2;TRUE;FALSE
24122007;orchardhousecommunityartsfou;lana.vasquez;100256;2024-12-20 12:42:05;120500.0;35242525;COMPLETED;4;25;2024-12;2;2;TRUE;FALSE
24122008;MWexler;stoneheritagesales;100808;2024-12-20 12:45:13;246500.0;87292197;COMPLETED;4;25;2024-12;1;1;FALSE;FALSE
24122009;jade.campbell;oakhollowmuseumofappliedarts;100301;2024-12-20 12:57:06;1192000.0;16498618;COMPLETED;4;25;2024-12;1;1;FALSE;FALSE
24122010;yara.flores;fairmontmaritimeheritagemuse;100187;2024-12-20 13:37:41;603000.0;75941901;COMPLETED;4;25;2024-12;2;2;TRUE;FALSE
24122011;MWexler;julia.roberts;100199;2024-12-20 14:02:54;266000.0;96187039;COMPLETED;4;25;2024-12;2;2;TRUE;FALSE
24122012;fairmontmaritimeheritagemuse;crosscapital2;100266;2024-12-20 15:46:04;149000.0;35242525;COMPLETED;4;25;2024-12;2;2;TRUE;FALSE
24122013;willowmererailwayhistorycent;rothartadvisory;100566;2024-12-20 16:28:24;394500.0;90907400;REJECTED;4;25;2024-12;1;;FALSE;FALSE
24122014;malik.johnson;foundrybennettfineobjects;100363;2024-12-20 16:48:03;480500.0;72880343;COMPLETED;4;25;2024-12;3;2;TRUE;FALSE
24122015;blair.kaur;selene78;100145;2024-12-20 16:57:14;320500.0;75941901;REVERSED;4;25;2024-12;3;;TRUE;FALSE
24122016;reina.rivera;cassidy.ito;100557;2024-12-20 17:18:24;563000.0;75941901;COMPLETED;4;25;2024-12;1;1;FALSE;FALSE
24122017;sofia.hayes;theo_kinc2;100087;2024-12-20 19:21:15;281500.0;23121126;COMPLETED;4;25;2024-12;1;1;FALSE;FALSE
24122101;rothcapital2;henry.ellis;100750;2024-12-21 09:12:24;140500.0;96187039;COMPLETED;4;25;2024-12;3;3;TRUE;FALSE
24122102;valecapital2;heritagerowmaterialculturein;100276;2024-12-21 11:46:36;1024000.0;75941901;COMPLETED;4;25;2024-12;2;2;TRUE;FALSE
24122103;elliscollections;wexlercapital2;100894;2024-12-21 13:51:58;1075000.0;12742361;COMPLETED;4;25;2024-12;1;1;FALSE;FALSE
24122104;selene78;theo_kinc2;100292;2024-12-21 15:50:05;308500.0;87658927;COMPLETED;4;25;2024-12;2;2;TRUE;FALSE
24122201;GrantMercer;helvale7;100806;2024-12-22 12:10:35;896000.0;77404927;COMPLETED;4;25;2024-12;1;1;FALSE;FALSE
24122202;quarrylanecraftpreservations;imani.reed;100814;2024-12-22 15:05:45;236000.0;75941901;COMPLETED;4;25;2024-12;1;1;FALSE;FALSE
24122203;ashlandmuseumofprintedarts;abigail.morgan;100475;2024-12-22 17:55:32;669000.0;23121126;COMPLETED;4;25;2024-12;1;1;FALSE;FALSE
24122301;silvermarsharchitecturalheri;abigail.bennett;100287;2024-12-23 09:07:29;409500.0;;CANCELLED;4;25;2024-12;1;;FALSE;FALSE
24122302;howellartadvisory;foundrybennettfineobjects;100947;2024-12-23 09:30:08;265500.0;77404927;REJECTED;4;25;2024-12;2;;TRUE;FALSE
24122303;abigail.bennett;meridianmillercollections;100572;2024-12-23 09:31:42;274500.0;87292197;REJECTED;4;25;2024-12;2;;TRUE;FALSE
24122304;leo.lane;valeheritagefund;100179;2024-12-23 16:43:03;1279000.0;;CANCELLED;4;25;2024-12;1;;FALSE;FALSE
24122401;elliscollections;malwexler7;100865;2024-12-24 17:11:11;679000.0;;CANCELLED;4;25;2024-12;3;;TRUE;FALSE
24122501;walkercollections;ronashcroft7;100383;2024-12-25 09:10:36;311500.0;75941901;REJECTED;4;25;2024-12;2;;TRUE;FALSE
24122502;daniel.campbell;ari.turner;100909;2024-12-25 11:56:12;570000.0;72880343;COMPLETED;4;25;2024-12;2;2;TRUE;FALSE
24122503;ashlandestatecollection;malwex_hold3;100431;2024-12-25 13:16:00;144000.0;;CANCELLED;4;25;2024-12;1;;FALSE;FALSE
24122504;osca_bexl6;georgia_elli;100356;2024-12-25 15:54:38;336500.0;87292197;COMPLETED;4;25;2024-12;2;2;TRUE;FALSE
24122505;mwexler_alt;georgia_elli;100718;2024-12-25 16:38:11;323500.0;;CANCELLED;4;25;2024-12;1;;FALSE;FALSE
24122601;crosscapital2;vanecapital2;100921;2024-12-26 11:10:18;1285000.0;16498618;COMPLETED;4;25;2024-12;2;2;TRUE;FALSE
24122602;walkercollections;nathan58;100941;2024-12-26 13:31:20;1308000.0;23121126;COMPLETED;4;25;2024-12;2;2;TRUE;FALSE
24122603;OscarBexley;valecapital2;100942;2024-12-26 13:36:23;781000.0;77404927;REJECTED;4;25;2024-12;1;;FALSE;FALSE
24122701;bellwethermaterialcultureins;fairmontmaritimeheritagemuse;100630;2024-12-27 10:43:27;585500.0;;PENDING;4;25;2024-12;1;;FALSE;FALSE
24122702;longfellowestatecollection;selene78;100429;2024-12-27 13:08:53;355500.0;;FAILED;4;25;2024-12;1;;FALSE;FALSE
24122703;farah.vasquez;bishopheritagesales;100748;2024-12-27 17:27:58;475500.0;87292197;COMPLETED;4;25;2024-12;1;1;FALSE;FALSE
24123001;cedarpointculturalmemoryproj;helvale7;100555;2024-12-30 08:58:52;1059000.0;;PENDING;4;25;2024-12;1;;FALSE;FALSE
24123002;windermeredesignheritagecent;malwex_hold3;100384;2024-12-30 12:14:45;1341000.0;87658927;FAILED;4;25;2024-12;2;;FALSE;FALSE
24123003;priya.nelson;castillocollections;100444;2024-12-30 12:53:24;507500.0;;FAILED;4;25;2024-12;1;;FALSE;FALSE
24123101;bishopheritagesales;foundryzimmermanfineobjects;100784;2024-12-31 09:12:10;2801000.0;16498618;COMPLETED;4;25;2024-12;1;1;FALSE;FALSE
24123102;GrantMercer;rothartadvisory;100917;2024-12-31 10:34:36;1048000.0;16498618;COMPLETED;4;25;2024-12;1;1;FALSE;FALSE
24123103;wexlercollection;anthony.garcia;100795;2024-12-31 10:41:39;581000.0;45562918;COMPLETED;4;25;2024-12;1;1;FALSE;FALSE
24123104;castillocollections;cassidy.ito;100714;2024-12-31 12:26:08;1634000.0;;CANCELLED;4;25;2024-12;2;;TRUE;FALSE
24123105;choiartadvisory;windermerepublicartconservan;100932;2024-12-31 14:03:06;1041000.0;23121126;COMPLETED;4;25;2024-12;1;1;FALSE;FALSE
24123106;northbridgemuseumofmoderncra;beatrice.kim;100013;2024-12-31 14:23:07;166000.0;12742361;FAILED;4;25;2024-12;1;;FALSE;FALSE
24123107;leo.lane;vivcro_hold4;100810;2024-12-31 14:44:34;1481000.0;;CANCELLED;4;25;2024-12;1;;FALSE;FALSE
24123108;emilia.cho;liucollections;100211;2024-12-31 16:16:49;821000.0;;CANCELLED;4;25;2024-12;1;;FALSE;FALSE
25010201;lana.mendez;vanecapital2;100583;2025-01-02 16:53:25;815500.0;;PENDING;4;25;2025-01;1;;FALSE;FALSE
25010301;rosemontdesignheritagecenter;blair.kaur;100949;2025-01-03 10:40:36;354000.0;96187039;COMPLETED;4;25;2025-01;1;1;FALSE;FALSE
25010302;southbankmaritimeheritagemus;howardfineobjects;100605;2025-01-03 11:28:07;195500.0;35242525;COMPLETED;4;25;2025-01;2;2;TRUE;FALSE
25010303;delilah.kim;wexlercapital2;100885;2025-01-03 12:01:19;312500.0;72880343;COMPLETED;4;25;2025-01;1;1;FALSE;FALSE
25010304;harper.flores;lucia.knight;100724;2025-01-03 12:39:15;1394000.0;96187039;COMPLETED;4;25;2025-01;2;2;TRUE;FALSE
25010305;brookfieldarchitecturalherit;ruby.reed;100421;2025-01-03 13:00:09;960000.0;36058655;COMPLETED;4;25;2025-01;1;1;FALSE;FALSE
25010306;santiago.alvarez;howellartadvisory;100771;2025-01-03 15:04:47;358500.0;23121126;COMPLETED;4;25;2025-01;1;1;FALSE;FALSE
25010307;andersonartadvisory;selene78;100874;2025-01-03 15:29:12;340500.0;75941901;COMPLETED;4;25;2025-01;2;2;TRUE;FALSE
25010308;valeheritagefund;rosemontdesignheritagecenter;100580;2025-01-03 15:34:26;986000.0;;PENDING;4;25;2025-01;3;;TRUE;FALSE
25010309;fairmontdesignheritagecenter;stoneartadvisory;100563;2025-01-03 15:36:51;908000.0;45562918;COMPLETED;4;25;2025-01;1;1;FALSE;FALSE
25010310;emilia.cho;quarrylanecraftpreservations;100211;2025-01-03 16:02:31;698000.0;72880343;REVERSED;4;25;2025-01;2;;FALSE;FALSE
25010311;priya.nelson;stoneartadvisory;100444;2025-01-03 16:23:43;502000.0;45562918;COMPLETED;4;25;2025-01;2;1;FALSE;FALSE
25010312;vanecapital2;castillocollections;100552;2025-01-03 16:48:15;81700.0;96187039;FAILED;4;25;2025-01;4;;TRUE;FALSE
25010313;CelesteRoth;andersonartadvisory;100783;2025-01-03 17:01:23;289500.0;16498618;COMPLETED;4;25;2025-01;1;1;FALSE;FALSE
25010314;celine.irwin;farah.vasquez;100293;2025-01-03 17:59:03;1901000.0;96187039;COMPLETED;4;25;2025-01;1;1;FALSE;FALSE
25010315;theo.kim;imani.reed;100594;2025-01-03 19:20:42;792500.0;90907400;COMPLETED;4;25;2025-01;2;1;FALSE;FALSE
25010316;quinn.cho;fairmontmaritimeheritagemuse;100704;2025-01-03 19:28:04;644500.0;16498618;COMPLETED;4;25;2025-01;2;2;TRUE;FALSE
25010401;vcross_alt;fairmontmaritimeheritagemuse;100851;2025-01-04 09:31:09;599000.0;36058655;COMPLETED;4;25;2025-01;1;1;FALSE;FALSE
25010402;wexlercollection;celine.irwin;100269;2025-01-04 09:31:33;265000.0;23121126;REJECTED;4;25;2025-01;2;;TRUE;FALSE
25010403;orchardhousecommunityartsfou;eastgateindustrialartsmuseum;100041;2025-01-04 09:54:46;240500.0;12742361;COMPLETED;4;25;2025-01;1;1;FALSE;FALSE
25010404;theo_kinc2;daniel.hall;100087;2025-01-04 10:15:47;280500.0;;CANCELLED;4;25;2025-01;2;;TRUE;FALSE
25010405;imani.reed;davisauctionpartners;100506;2025-01-04 10:18:11;766500.0;96187039;COMPLETED;4;25;2025-01;1;1;FALSE;FALSE
25010406;MWexler;dhale_family5;100919;2025-01-04 11:01:53;1006000.0;12742361;COMPLETED;4;25;2025-01;1;1;FALSE;FALSE
25010407;lana.vasquez;bishopheritagesales;100523;2025-01-04 13:41:53;300500.0;35242525;COMPLETED;4;25;2025-01;1;1;FALSE;FALSE
25010408;hearthstonefolkartarchiv_org;AuggieVane;100668;2025-01-04 15:00:55;45900.0;;PENDING;4;25;2025-01;1;;FALSE;FALSE
25010409;vanecapital2;vanefamilyoffice;100045;2025-01-04 15:28:23;127000.0;72880343;COMPLETED;4;25;2025-01;2;2;TRUE;FALSE
25010410;eastgateindustrialartsmuseum;felix.romero;100039;2025-01-04 16:37:02;228500.0;12742361;COMPLETED;4;25;2025-01;2;2;TRUE;FALSE
25010411;windermeredesignheritage_org;wexlercollection;100613;2025-01-04 17:12:45;662000.0;87658927;COMPLETED;4;25;2025-01;2;1;FALSE;FALSE
25010412;CelesteRoth;harborlightpublicartconserva;100812;2025-01-04 17:54:30;390500.0;36058655;COMPLETED;4;25;2025-01;1;1;FALSE;FALSE
25010501;aaron.olsen;bobby;100176;2025-01-05 15:23:11;229500.0;35242525;COMPLETED;4;25;2025-01;4;3;TRUE;FALSE
25010502;eastgatefolkartarchive;meridianmillercollections;100451;2025-01-05 17:19:54;390000.0;96187039;COMPLETED;4;25;2025-01;1;1;FALSE;FALSE
25010503;redcedarfolkartfoundation;chloe.shah;100448;2025-01-05 17:21:49;1916000.0;87658927;COMPLETED;4;25;2025-01;1;1;FALSE;FALSE
25010504;ftran_westhave;vanecapital2;100280;2025-01-05 17:45:05;463000.0;23121126;COMPLETED;4;25;2025-01;2;1;FALSE;FALSE
25010601;delilah.kim;imani.thomas;100355;2025-01-06 08:39:48;493500.0;90907400;COMPLETED;4;25;2025-01;2;2;TRUE;FALSE
25010602;crosscapital2;camila.park;100419;2025-01-06 08:51:16;271000.0;77404927;COMPLETED;4;25;2025-01;3;3;TRUE;FALSE
25010603;reyesfineobjects;juniperridgeartistslegacytru;100713;2025-01-06 09:18:44;2767000.0;87292197;COMPLETED;4;25;2025-01;1;1;FALSE;FALSE
25010604;ronash_hold5;franklincollections;100484;2025-01-06 09:42:46;659500.0;35242525;FAILED;4;25;2025-01;3;;TRUE;FALSE
25010605;vanefamilyoffice;quinn.cho;101002;2025-01-06 09:43:03;514000.0;87658927;COMPLETED;4;25;2025-01;1;1;FALSE;FALSE
25010606;ari.turner;andersonartadvisory;100773;2025-01-06 09:44:12;631000.0;36058655;COMPLETED;4;25;2025-01;1;1;FALSE;FALSE
25010607;franklincollections;EleanorRook;100361;2025-01-06 10:45:44;457500.0;35242525;CANCELLED;4;25;2025-01;2;;TRUE;FALSE
25010608;lana.vasquez;TheoKincaid;100357;2025-01-06 10:55:17;496000.0;96187039;COMPLETED;4;25;2025-01;1;1;FALSE;FALSE
25010609;juniperridgeartistslegacytru;vanefamilyoffice;100476;2025-01-06 11:33:31;442500.0;12742361;COMPLETED;4;25;2025-01;3;2;TRUE;FALSE
25010610;granitehillbotanicalheritage;theo_kinc2;100659;2025-01-06 11:40:28;145500.0;23121126;COMPLETED;4;25;2025-01;1;1;FALSE;FALSE
25010611;imani.reed;pineharborrailwayhistorycent;100338;2025-01-06 11:56:09;421500.0;77404927;COMPLETED;4;25;2025-01;1;1;FALSE;FALSE
25010612;emilia.cho;davisauctionpartners;100650;2025-01-06 12:37:29;790500.0;87292197;COMPLETED;4;25;2025-01;1;1;FALSE;FALSE
25010613;northbridgemuseumofmoderncra;eastgateindustrialartsmuseum;100751;2025-01-06 13:38:32;2441000.0;75941901;COMPLETED;4;25;2025-01;2;2;TRUE;FALSE
25010614;selene78;windermerepublicartconservan;100378;2025-01-06 14:16:54;702000.0;96187039;COMPLETED;4;25;2025-01;2;2;TRUE;FALSE
25010615;windermerepublicartconservan;liucollections;100638;2025-01-06 15:07:05;184500.0;23121126;COMPLETED;4;25;2025-01;2;2;TRUE;FALSE
25010616;liam.martin;ari.turner;100926;2025-01-06 15:35:42;307500.0;12742361;COMPLETED;4;25;2025-01;2;2;TRUE;FALSE
25010617;obexley_family3;ashcroftcollection;100221;2025-01-06 18:16:14;655500.0;96187039;COMPLETED;4;25;2025-01;3;3;TRUE;FALSE
25010701;celine.irwin;lana.vasquez;100329;2025-01-07 08:52:21;805500.0;96187039;COMPLETED;4;25;2025-01;1;1;FALSE;FALSE
25010702;ronashcroft7;santiago.jordan;100086;2025-01-07 09:05:23;567000.0;87292197;REJECTED;4;25;2025-01;2;;TRUE;FALSE
25010703;elena.desai;dhale_family5;100781;2025-01-07 12:36:36;674500.0;35242525;COMPLETED;4;25;2025-01;1;1;FALSE;FALSE
25010704;meridianmillercollections;rothcapital2;100491;2025-01-07 13:55:17;280500.0;77404927;COMPLETED;4;25;2025-01;3;3;TRUE;FALSE
25010705;ashcroftcollection;chloe.wilson;100437;2025-01-07 14:05:42;511000.0;35242525;COMPLETED;4;25;2025-01;2;2;TRUE;FALSE
25010706;ashlandmuseumofprintedarts;valeheritagefund;100025;2025-01-07 14:43:01;333500.0;16660212;COMPLETED;4;25;2025-01;2;2;TRUE;FALSE
25010707;reina.rivera;vivienne.cross;100904;2025-01-07 18:59:28;488000.0;90907400;COMPLETED;4;25;2025-01;1;1;FALSE;FALSE
25010801;bellwethermaterialcultureins;ruby.reed;100046;2025-01-08 09:09:16;261000.0;;CANCELLED;4;25;2025-01;1;;FALSE;FALSE
25010802;eva.howell;wexlercapital2;100127;2025-01-08 09:14:50;122500.0;;FAILED;4;25;2025-01;1;;FALSE;FALSE
25010803;elmsteadhistoricalsociety;cassidy.ito;100456;2025-01-08 09:59:54;407500.0;87658927;COMPLETED;4;25;2025-01;1;1;FALSE;FALSE
25010804;greatlakesindustrialartsmuse;aaron.olsen;100401;2025-01-08 10:08:27;1099000.0;90907400;COMPLETED;4;25;2025-01;1;1;FALSE;FALSE
25010805;elmsteadhistoricalsociety;farah.vasquez;100633;2025-01-08 12:23:34;409500.0;72880343;COMPLETED;4;25;2025-01;2;2;TRUE;FALSE
25010806;juniperridgeartistslegacytru;psethi_family6;100700;2025-01-08 12:31:35;990500.0;87292197;COMPLETED;4;25;2025-01;2;1;FALSE;FALSE
25010807;isaac.shah;crownyoungfineobjects;100353;2025-01-08 12:45:59;1081000.0;23121126;COMPLETED;4;25;2025-01;1;1;FALSE;FALSE
25010808;croth_alt;stonefieldmaterialcultureins;100979;2025-01-08 13:04:49;550000.0;96187039;COMPLETED;4;25;2025-01;1;1;FALSE;FALSE
25010809;aaron.olsen;naomi.reyes;100532;2025-01-08 13:39:27;1352000.0;90907400;COMPLETED;4;25;2025-01;2;2;TRUE;FALSE
25010810;theo_kinc2;davisauctionpartners;100747;2025-01-08 15:09:46;758000.0;77404927;COMPLETED;4;25;2025-01;2;2;TRUE;FALSE
25010811;jonah.irwin;malwexler7;100340;2025-01-08 15:17:57;511000.0;36058655;COMPLETED;4;25;2025-01;1;1;FALSE;FALSE
25010812;xavier.jacobs;malik.johnson;100901;2025-01-08 17:02:13;536000.0;35242525;COMPLETED;4;25;2025-01;1;1;FALSE;FALSE
25010813;fairmontmaritimeheritagemuse;wexlercapital2;100851;2025-01-08 17:38:41;577500.0;;PENDING;4;25;2025-01;2;;TRUE;FALSE
25010814;orchardhousecommunityartsfou;choiartadvisory;100049;2025-01-08 18:35:33;663500.0;77404927;COMPLETED;4;25;2025-01;3;3;TRUE;FALSE
25010815;croth_alt;rothartadvisory;100449;2025-01-08 19:08:11;390500.0;23121126;COMPLETED;4;25;2025-01;3;3;TRUE;FALSE
25010816;fairmontdesignheritagecenter;heritagerowmaterialculturein;100191;2025-01-08 19:58:31;1308000.0;35242525;COMPLETED;4;25;2025-01;1;1;FALSE;FALSE
25010817;hearthstonefolkartarchive;foundrybennettfineobjects;100092;2025-01-08 20:46:12;265500.0;72880343;COMPLETED;4;25;2025-01;1;1;FALSE;FALSE
25010901;eastgatefolkartarchive;northbridgemuseumofmoderncra;100100;2025-01-09 08:25:10;252000.0;45562918;COMPLETED;4;25;2025-01;1;1;FALSE;FALSE
25010902;andersonartadvisory;mina.singh;100937;2025-01-09 09:10:02;685500.0;77404927;COMPLETED;4;25;2025-01;2;2;TRUE;FALSE
25010903;imani.reed;eastgateindustrialartsmuseum;100637;2025-01-09 09:29:27;509000.0;;CANCELLED;4;25;2025-01;3;;TRUE;FALSE
25010904;valeheritagefund;greatlakesindustrialartsmuse;100875;2025-01-09 09:41:49;878000.0;87658927;COMPLETED;4;25;2025-01;1;1;FALSE;FALSE
25010905;martinheritagesales;nwhitmore_family2;100868;2025-01-09 10:30:53;411000.0;77404927;COMPLETED;4;25;2025-01;1;1;FALSE;FALSE
25010906;davisauctionpartners;avane_alt;100074;2025-01-09 11:08:53;376000.0;;PENDING;4;25;2025-01;2;;TRUE;FALSE
25010907;eastgateindustrialartsmuseum;rothcapital2;100108;2025-01-09 11:28:48;555500.0;96187039;COMPLETED;4;25;2025-01;1;1;FALSE;FALSE
25010908;harper.ellis;wexlercapital2;100381;2025-01-09 11:34:28;576500.0;45562918;COMPLETED;4;25;2025-01;1;1;FALSE;FALSE
25010909;fairmontmaritimeheritagemuse;heritagerowmaterialculturein;100255;2025-01-09 13:06:42;1453000.0;75941901;COMPLETED;4;25;2025-01;1;1;FALSE;FALSE
25010910;andersonartadvisory;brookfieldhistorichousefound;100498;2025-01-09 13:19:25;1847000.0;75941901;COMPLETED;4;25;2025-01;2;2;TRUE;FALSE
25010911;iris.knight;helvale7;100317;2025-01-09 13:38:43;1207000.0;72880343;COMPLETED;4;25;2025-01;3;3;TRUE;FALSE
25010912;emilia.cho;crossventuresart;100399;2025-01-09 14:21:58;3016000.0;96187039;COMPLETED;4;25;2025-01;1;1;FALSE;FALSE
25010913;longfellowestatecollection;felix.romero;100202;2025-01-09 16:46:25;1069000.0;90907400;FAILED;4;25;2025-01;1;;FALSE;FALSE
25010914;imani.reed;daniel.hall;100331;2025-01-09 16:52:21;371000.0;75941901;COMPLETED;4;25;2025-01;1;1;FALSE;FALSE
25010915;wexlercollection;ashlandmuseumofprintedarts;100632;2025-01-09 17:42:38;202500.0;16660212;COMPLETED;4;25;2025-01;2;2;TRUE;FALSE
25010916;imani.reed;parkhurstceramicsmuseum;100298;2025-01-09 20:59:04;206500.0;16660212;COMPLETED;4;25;2025-01;1;1;FALSE;FALSE
25011001;erook_family4;eastgateindustrialartsmuseum;100825;2025-01-10 12:26:55;650000.0;96187039;COMPLETED;4;25;2025-01;2;2;TRUE;FALSE
25011002;khalil.kapoor;elea_rook7;100404;2025-01-10 12:36:59;490500.0;12742361;COMPLETED;4;25;2025-01;1;1;FALSE;FALSE
25011003;redcedarfolkartfoundation;crossventuresart;100178;2025-01-10 13:02:11;1626000.0;35242525;COMPLETED;4;25;2025-01;1;1;FALSE;FALSE
25011004;elmsteadhistoricalsociety;redcedarfolkartfoundation;100413;2025-01-10 13:04:28;516500.0;45562918;COMPLETED;4;25;2025-01;2;2;TRUE;FALSE
25011005;celine.irwin;farah.vasquez;100310;2025-01-10 13:39:54;595500.0;96187039;COMPLETED;4;25;2025-01;2;2;TRUE;FALSE
25011006;ashlanddecorativeartsarchive;tariqinvests;100967;2025-01-10 14:37:27;310000.0;16660212;COMPLETED;4;25;2025-01;1;1;FALSE;FALSE
25011007;meridianmillercollections;southbanktextilearchive;100043;2025-01-10 14:44:53;473000.0;87658927;COMPLETED;4;25;2025-01;2;2;TRUE;FALSE
25011008;oakhollowmuseumofappliedarts;meridianmillercollections;100102;2025-01-10 14:52:19;158000.0;87658927;COMPLETED;4;25;2025-01;2;2;TRUE;FALSE
25011009;elmsteadculturalpreservation;northbridgemuseumofmoderncra;100642;2025-01-10 15:53:25;1617000.0;87658927;COMPLETED;4;25;2025-01;1;1;FALSE;FALSE
25011010;TheoKincaid;cassidy.ito;100357;2025-01-10 16:10:42;466500.0;45562918;REJECTED;4;25;2025-01;2;;TRUE;FALSE
25011011;jade.campbell;OscarBexley;100320;2025-01-10 16:41:28;393000.0;87658927;COMPLETED;4;25;2025-01;1;1;FALSE;FALSE
25011012;DominicHale;lucia.knight;100628;2025-01-10 18:08:07;751000.0;90907400;REJECTED;4;25;2025-01;3;;TRUE;FALSE
25011013;theo.foster;imani.thomas;100528;2025-01-10 19:28:29;1975000.0;90907400;COMPLETED;4;25;2025-01;1;1;FALSE;FALSE
25011014;amir.saito_director;ronashcroft7;100820;2025-01-10 19:31:29;1013000.0;77404927;CANCELLED;4;25;2025-01;1;;FALSE;FALSE
25011101;renee.kim;malik.johnson;100438;2025-01-11 10:15:16;648500.0;90907400;COMPLETED;4;25;2025-01;2;2;TRUE;FALSE
25011102;elena.desai;crosscapital2;100882;2025-01-11 10:46:01;951000.0;36058655;COMPLETED;4;25;2025-01;1;1;FALSE;FALSE
25011103;tariqinvests;selene78;100666;2025-01-11 11:09:58;185500.0;45562918;COMPLETED;4;25;2025-01;3;3;TRUE;FALSE
25011104;mwexler_alt;windermerepublicartconservan;100718;2025-01-11 14:27:21;382000.0;36058655;COMPLETED;4;25;2025-01;2;1;FALSE;FALSE
25011105;elliscollections;imani.thomas;100648;2025-01-11 14:48:08;385500.0;96187039;COMPLETED;4;25;2025-01;2;2;TRUE;FALSE
25011106;parkhurstceramicsmuseum;bobby;100200;2025-01-11 16:40:18;818500.0;16498618;COMPLETED;4;25;2025-01;1;1;FALSE;FALSE
25011107;quinn.campbell;vanecapital2;100727;2025-01-11 20:34:05;4884000.0;87658927;COMPLETED;4;25;2025-01;1;1;FALSE;FALSE
25011201;georgia.lee;liucollections;100671;2025-01-12 08:17:35;230000.0;;CANCELLED;4;25;2025-01;2;;FALSE;FALSE
25011202;windermeremuseumofmoderncraf;gran_merc4;100012;2025-01-12 10:13:00;125500.0;96187039;COMPLETED;4;25;2025-01;3;3;TRUE;FALSE
25011203;windermeredesignheritage_org;ashcroftcollection;100112;2025-01-12 11:43:10;828000.0;87292197;COMPLETED;4;25;2025-01;3;3;TRUE;FALSE
25011204;priya.lane;howellartadvisory;100934;2025-01-12 13:44:01;1274000.0;35242525;COMPLETED;4;25;2025-01;1;1;FALSE;FALSE
25011205;yasmin.roberts;wexlercapital2;100348;2025-01-12 17:49:08;422500.0;87658927;COMPLETED;4;25;2025-01;2;2;TRUE;FALSE
25011301;harborlightmuseumofprintedar;lana.vasquez;100662;2025-01-13 09:12:24;234000.0;16498618;COMPLETED;4;25;2025-01;1;1;FALSE;FALSE
25011302;akira.bennett;wexlercollection;100610;2025-01-13 10:20:00;269000.0;12742361;COMPLETED;4;25;2025-01;1;1;FALSE;FALSE
25011303;delilah.kim;psethi_family6;100558;2025-01-13 10:29:46;2219000.0;77404927;COMPLETED;4;25;2025-01;1;1;FALSE;FALSE
25011304;quinn.cho;ruby.reed;101046;2025-01-13 10:35:41;429000.0;45562918;COMPLETED;4;25;2025-01;1;1;FALSE;FALSE
25011305;MWexler;nathan58;100802;2025-01-13 11:26:13;1308000.0;23121126;COMPLETED;4;25;2025-01;1;1;FALSE;FALSE
25011306;harper7;davisauctionpartners;100703;2025-01-13 12:34:19;836000.0;45562918;COMPLETED;4;25;2025-01;1;1;FALSE;FALSE
25011307;helvale7;howellartadvisory;100806;2025-01-13 12:48:45;929000.0;12742361;COMPLETED;4;25;2025-01;2;2;TRUE;FALSE
25011308;southbanktextilearchive;anthony.garcia;100252;2025-01-13 13:47:34;222000.0;75941901;COMPLETED;4;25;2025-01;1;1;FALSE;FALSE
25011309;fairmontmaritimeheritagemuse;greatlakesindustrialartsmuse;100417;2025-01-13 14:12:40;3175000.0;72880343;COMPLETED;4;25;2025-01;2;1;FALSE;FALSE
25011310;chloe.shah;beatrice.kim;100634;2025-01-13 14:14:25;495500.0;36058655;FAILED;4;25;2025-01;2;;TRUE;FALSE
25011311;vanefamilyoffice;ethan.knight;101038;2025-01-13 15:16:22;497500.0;87658927;COMPLETED;4;25;2025-01;1;1;FALSE;FALSE
25011312;abigail.martinez;southbanktextilearchive;100559;2025-01-13 15:30:56;577500.0;11220767;COMPLETED;4;25;2025-01;1;1;FALSE;FALSE
25011313;vanefamilyoffice;chloe.shah;100482;2025-01-13 16:11:41;313000.0;16498618;COMPLETED;4;25;2025-01;2;2;TRUE;FALSE
25011314;valeheritagefund;tariqinvests;100842;2025-01-13 17:29:14;579000.0;45562918;COMPLETED;4;25;2025-01;2;2;TRUE;FALSE
25011315;eastgateindustrialartsmuseum;ronash_hold5;100739;2025-01-13 19:04:12;6559000.0;87658927;COMPLETED;4;25;2025-01;2;2;TRUE;FALSE
25011401;tariqinvests;southbanktextilearchive;100245;2025-01-14 09:10:48;570500.0;23121126;COMPLETED;4;25;2025-01;3;3;TRUE;FALSE
25011402;OscarBexley;howellartadvisory;100942;2025-01-14 09:13:45;830000.0;72880343;COMPLETED;4;25;2025-01;2;1;FALSE;FALSE
25011403;brookfieldarchitecturalherit;henry.ellis;100254;2025-01-14 09:31:53;405000.0;96187039;COMPLETED;4;25;2025-01;1;1;FALSE;FALSE
25011404;redcedarfolkartfoundation;rosemontmuseumofmoderncraftd;100351;2025-01-14 09:46:52;735500.0;96187039;COMPLETED;4;25;2025-01;1;1;FALSE;FALSE
25011405;isaac.shah;ronanA;100684;2025-01-14 10:00:43;745000.0;11220767;COMPLETED;4;25;2025-01;1;1;FALSE;FALSE
25011406;foxgloveartistslegacytrust;emilia.cho;100576;2025-01-14 11:49:19;379500.0;72880343;COMPLETED;4;25;2025-01;1;1;FALSE;FALSE
25011407;cassidy.ito;mina.singh;100844;2025-01-14 12:28:08;372000.0;11220767;COMPLETED;4;25;2025-01;2;2;TRUE;FALSE
25011408;HelenaVale;heritagerowmaterialculturein;100774;2025-01-14 13:01:14;1174000.0;87658927;COMPLETED;4;25;2025-01;2;2;TRUE;FALSE
25011409;celine.irwin;lana.vasquez;100889;2025-01-14 13:25:21;537500.0;23121126;COMPLETED;4;25;2025-01;2;2;TRUE;FALSE
25011410;crosscapital2;castillocollections;100201;2025-01-14 15:07:25;364000.0;96187039;COMPLETED;4;25;2025-01;3;3;TRUE;FALSE
25011411;northbridgemuseumofmoderncra;ftran_westhave;100786;2025-01-14 19:55:28;568000.0;90907400;REJECTED;4;25;2025-01;2;;TRUE;FALSE
25011501;meridianmillercollections;malwexler7;100560;2025-01-15 08:22:40;339500.0;75941901;COMPLETED;4;25;2025-01;2;2;TRUE;FALSE
25011502;henry.ellis;farah.vasquez;100750;2025-01-15 09:23:43;153000.0;36058655;COMPLETED;4;25;2025-01;4;4;TRUE;FALSE
25011503;croth_alt;lana.vasquez;100656;2025-01-15 11:35:45;41000.0;96187039;COMPLETED;4;25;2025-01;2;2;TRUE;FALSE
25011504;priya.nelson;lana.vasquez;101070;2025-01-15 13:16:20;557000.0;11220767;REJECTED;4;25;2025-01;1;;FALSE;FALSE
25011505;parkhurstceramicsmuseum;quinn.cho;100030;2025-01-15 13:21:27;409500.0;11220767;COMPLETED;4;25;2025-01;1;1;FALSE;FALSE
25011506;northbridgemuseumofmoderncra;fairmontdesignheritagecenter;100010;2025-01-15 14:03:17;142500.0;35242525;COMPLETED;4;25;2025-01;1;1;FALSE;FALSE
25011507;harper.flores;vcross_alt;100234;2025-01-15 14:13:14;310500.0;90907400;COMPLETED;4;25;2025-01;1;1;FALSE;FALSE
25011508;reina.sullivan;howellartadvisory;100655;2025-01-15 15:16:56;637000.0;35242525;COMPLETED;4;25;2025-01;1;1;FALSE;FALSE
25011509;windermerepublicartconservan;HelenaVale;100350;2025-01-15 16:27:32;228000.0;90907400;COMPLETED;4;25;2025-01;1;1;FALSE;FALSE
25011510;bellwethermaterialcultureins;jade.campbell;100436;2025-01-15 18:41:04;143500.0;;CANCELLED;4;25;2025-01;1;;FALSE;FALSE
25011511;theo_kinc2;GrantMercer;100087;2025-01-15 20:07:37;286000.0;36058655;COMPLETED;4;25;2025-01;3;2;TRUE;FALSE
25011512;fairmontmaritimeheritagemuse;quarrylanecraftpreservations;100111;2025-01-15 20:43:07;638000.0;12742361;REVERSED;4;25;2025-01;1;;FALSE;FALSE
25011601;rothartadvisory;beatrice.kim;100822;2025-01-16 09:06:41;1419000.0;77404927;COMPLETED;4;25;2025-01;1;1;FALSE;FALSE
25011602;priya.nelson;wexlercapital2;100537;2025-01-16 09:56:00;1045000.0;36058655;COMPLETED;4;25;2025-01;2;1;FALSE;FALSE
25011603;rosemontmuseumofmoderncraftd;andersonartadvisory;100067;2025-01-16 11:06:37;350500.0;96187039;COMPLETED;4;25;2025-01;2;2;TRUE;FALSE
25011604;avane_alt;wexlercapital2;101030;2025-01-16 11:43:39;256500.0;16660212;COMPLETED;4;25;2025-01;1;1;FALSE;FALSE
25011605;crosscapital2;ronash_hold5;100790;2025-01-16 13:00:09;599000.0;96187039;COMPLETED;4;25;2025-01;2;2;TRUE;FALSE
25011606;redcedarfolkartfoundation;abigail.morgan;100618;2025-01-16 14:46:07;502000.0;96187039;COMPLETED;4;25;2025-01;1;1;FALSE;FALSE
25011607;reina.rivera;santiago.alvarez;100057;2025-01-16 14:59:58;286000.0;87658927;COMPLETED;4;25;2025-01;1;1;FALSE;FALSE
25011608;franklincollections;liucollections;100361;2025-01-16 15:15:27;443500.0;35242525;COMPLETED;4;25;2025-01;3;2;TRUE;FALSE
25011609;elmsteadculturalmemoryprojec;cassidy.mason;100644;2025-01-16 16:44:53;755500.0;75941901;COMPLETED;4;25;2025-01;2;1;FALSE;FALSE
25011610;wexlercollection;rosemontmuseumofmoderncraftd;100722;2025-01-16 17:44:43;239500.0;11220767;COMPLETED;4;25;2025-01;1;1;FALSE;FALSE
25011611;wexlercollection;foundrybennettfineobjects;101043;2025-01-16 17:58:56;373500.0;77404927;COMPLETED;4;25;2025-01;1;1;FALSE;FALSE
25011612;eva.howell;tariqinvests;100758;2025-01-16 18:11:38;699500.0;75941901;COMPLETED;4;25;2025-01;1;1;FALSE;FALSE
25011701;abigail.morgan;gmercer_family1;100475;2025-01-17 09:10:23;759500.0;35242525;COMPLETED;4;25;2025-01;2;2;TRUE;FALSE
25011702;ari.turner;crossventuresart;100554;2025-01-17 09:53:16;560000.0;12742361;COMPLETED;4;25;2025-01;4;4;TRUE;FALSE
25011703;sofia.hayes;howardfineobjects;100793;2025-01-17 11:51:10;275000.0;90907400;COMPLETED;4;25;2025-01;2;2;TRUE;FALSE
25011704;clara.yoon;celine.irwin;100884;2025-01-17 11:59:13;327000.0;12742361;COMPLETED;4;25;2025-01;1;1;FALSE;FALSE
25011705;priya.nelson;mwexler_alt;101020;2025-01-17 12:07:27;2129000.0;87658927;COMPLETED;4;25;2025-01;1;1;FALSE;FALSE
25011706;whiteclifffolkartarchive;fairmontmaritimeheritagemuse;100115;2025-01-17 12:25:36;476000.0;11220767;COMPLETED;4;25;2025-01;1;1;FALSE;FALSE
25011707;eastgateindustrialartsmuseum;sabrina.shah;100590;2025-01-17 13:53:21;684000.0;23121126;COMPLETED;4;25;2025-01;1;1;FALSE;FALSE
25011708;emilia.sullivan_curator;renee.kim;100564;2025-01-17 14:35:12;743500.0;;PENDING;4;25;2025-01;1;;FALSE;FALSE
25011709;tanglewoodfolkartarchive;ashcroftcollection;101054;2025-01-17 14:44:34;1538000.0;96187039;FAILED;4;25;2025-01;1;;FALSE;FALSE
25011710;georgia_elli;nadia_whitmore;100356;2025-01-17 15:35:04;343000.0;12742361;COMPLETED;4;25;2025-01;3;3;TRUE;FALSE
25011711;TheoKincaid;stoneheritagesales;100938;2025-01-17 15:44:40;1637000.0;77404927;COMPLETED;4;25;2025-01;1;1;FALSE;FALSE
25011712;quarrylanecraftpreservations;aaron.olsen;101028;2025-01-17 16:03:48;377500.0;35242525;COMPLETED;4;25;2025-01;1;1;FALSE;FALSE
25011713;vanecapital2;castillocollections;100805;2025-01-17 16:38:55;563500.0;36058655;COMPLETED;4;25;2025-01;2;2;TRUE;FALSE
25011714;reyesfineobjects;georgia_elli;100410;2025-01-17 20:16:59;722000.0;36058655;COMPLETED;4;25;2025-01;2;2;TRUE;FALSE
25011801;crossventuresart;elena.desai;100370;2025-01-18 11:03:34;177000.0;35242525;COMPLETED;4;25;2025-01;4;2;TRUE;FALSE
25011802;davisauctionpartners;vanecapital2;100757;2025-01-18 12:31:41;381500.0;87658927;COMPLETED;4;25;2025-01;2;2;TRUE;FALSE
25011803;TheoKincaid;sabrina.shah;100540;2025-01-18 12:43:36;1510000.0;90907400;COMPLETED;4;25;2025-01;2;2;TRUE;FALSE
25011804;ashcroftcollection;lucia.knight;100807;2025-01-18 13:20:31;320500.0;87658927;COMPLETED;4;25;2025-01;2;2;TRUE;FALSE
25011805;abigail.bennett;windermeremuseumofmoderncraf;100572;2025-01-18 13:51:56;286500.0;87292197;COMPLETED;4;25;2025-01;3;2;TRUE;FALSE
25011806;valeheritagefund;HelenaVale;100425;2025-01-18 16:36:08;843000.0;36058655;COMPLETED;4;25;2025-01;2;2;TRUE;FALSE
25011807;harborlightpublicartconserva;stoneartadvisory;100346;2025-01-18 17:58:20;1203000.0;75941901;REVERSED;4;25;2025-01;3;;TRUE;FALSE
25011901;theo_kinc2;howellartadvisory;100292;2025-01-19 09:26:19;335500.0;75941901;COMPLETED;4;25;2025-01;3;3;TRUE;FALSE
25011902;isaac.rivera;beatrice.kim;100462;2025-01-19 10:14:49;385500.0;87292197;COMPLETED;4;25;2025-01;2;1;FALSE;FALSE
25011903;mwexler_alt;howellartadvisory;101061;2025-01-19 11:45:35;2293000.0;23121126;COMPLETED;4;25;2025-01;1;1;FALSE;FALSE
25011904;heritagerowceramicsmuseum;abigail.bennett;100442;2025-01-19 12:01:24;642500.0;16660212;COMPLETED;4;25;2025-01;1;1;FALSE;FALSE
25011905;bishopheritagesales;howellartadvisory;100523;2025-01-19 12:17:11;301500.0;23121126;COMPLETED;4;25;2025-01;2;2;TRUE;FALSE
25011906;wellingtonmaterialcultureins;foundrybennettfineobjects;100701;2025-01-19 13:06:20;1595000.0;12742361;FAILED;4;25;2025-01;1;;FALSE;FALSE
25011907;amir.miller;aiden.patel;100968;2025-01-19 13:47:56;129000.0;12742361;COMPLETED;4;25;2025-01;1;1;FALSE;FALSE
25011908;castillocollections;obexley_family3;100761;2025-01-19 16:17:10;3077000.0;23121126;COMPLETED;4;25;2025-01;2;2;TRUE;FALSE
25012001;priya.nelson;meridianmillercollections;101070;2025-01-20 08:03:24;441000.0;23121126;COMPLETED;4;25;2025-01;2;1;FALSE;FALSE
25012002;julia.roberts;rosemontdesignheritagecenter;100223;2025-01-20 09:04:39;1369000.0;96187039;COMPLETED;4;25;2025-01;1;1;FALSE;FALSE
25012003;vivcross7;erook_family4;100759;2025-01-20 10:08:44;699000.0;45562918;COMPLETED;4;25;2025-01;2;2;TRUE;FALSE
25012004;redcedarfolkartfoundation;cassidy.ito;100277;2025-01-20 10:46:42;121500.0;96187039;COMPLETED;4;25;2025-01;2;1;FALSE;FALSE
25012005;kai.romero;foundryzimmermanfineobjects;100235;2025-01-20 10:53:53;212500.0;35242525;COMPLETED;4;25;2025-01;1;1;FALSE;FALSE
25012006;jade.campbell;lana.vasquez;100354;2025-01-20 10:57:25;410500.0;87658927;COMPLETED;4;25;2025-01;1;1;FALSE;FALSE
25012007;emilia.cho;crosscapital2;100211;2025-01-20 11:41:05;852500.0;96187039;COMPLETED;4;25;2025-01;3;1;FALSE;FALSE
25012008;greatlakesindustrialartsmuse;celrot_hold2;100093;2025-01-20 12:28:22;300000.0;36058655;COMPLETED;4;25;2025-01;1;1;FALSE;FALSE
25012009;OscarBexley;meridianmillercollections;100320;2025-01-20 12:50:00;348000.0;12742361;COMPLETED;4;25;2025-01;2;2;TRUE;FALSE
25012010;quarrylanecraftpreservations;cassidy.ito;100481;2025-01-20 13:32:37;962000.0;45562918;COMPLETED;4;25;2025-01;1;1;FALSE;FALSE
25012011;howellartadvisory;harper7;100771;2025-01-20 13:35:56;370500.0;45562918;COMPLETED;4;25;2025-01;2;2;TRUE;FALSE
25012012;davisauctionpartners;farah.vasquez;100650;2025-01-20 13:49:41;827000.0;87658927;COMPLETED;4;25;2025-01;2;2;TRUE;FALSE
25012013;lucia.knight;ashlandmuseumofprintedarts;100935;2025-01-20 14:41:11;1373000.0;77404927;COMPLETED;4;25;2025-01;2;2;TRUE;FALSE
25012014;reyesfineobjects;howellartadvisory;100832;2025-01-20 14:48:24;376000.0;16498618;COMPLETED;4;25;2025-01;1;1;FALSE;FALSE
25012015;eastgateindustrialartsmuseum;vanefamilyoffice;100362;2025-01-20 16:44:23;2011000.0;;CANCELLED;4;25;2025-01;1;;FALSE;FALSE
25012016;anthony.garcia;crosscapital2;100969;2025-01-20 16:59:00;166000.0;23121126;COMPLETED;4;25;2025-01;1;1;FALSE;FALSE
25012017;chloe.shah;abigail.morgan;101069;2025-01-20 17:03:16;1031000.0;11220767;COMPLETED;4;25;2025-01;1;1;FALSE;FALSE
25012018;stonefieldmaterialcultureins;castillocollections;100961;2025-01-20 18:30:19;1255000.0;72880343;COMPLETED;4;25;2025-01;1;1;FALSE;FALSE
25012019;harborlightpublicartconserva;ashcroftcollection;100346;2025-01-20 19:14:42;1115000.0;23121126;COMPLETED;4;25;2025-01;4;2;TRUE;FALSE
25012020;vivienne.cross;elmsteadculturalmemoryprojec;100711;2025-01-20 20:29:24;1985000.0;90907400;COMPLETED;4;25;2025-01;1;1;FALSE;FALSE
25012101;sofia.hayes;ashlanddecorativeartsarchive;100090;2025-01-21 09:10:58;318000.0;96187039;COMPLETED;4;25;2025-01;3;3;TRUE;FALSE
25012102;vivcross7;ashcroftcollection;100333;2025-01-21 09:19:32;94300.0;96187039;CANCELLED;4;25;2025-01;2;;TRUE;FALSE
25012103;walkercollections;howardfineobjects;100150;2025-01-21 09:49:36;457000.0;35242525;COMPLETED;4;25;2025-01;2;2;TRUE;FALSE
25012104;sofia.hayes;ari.turner;100213;2025-01-21 10:16:01;97200.0;96187039;COMPLETED;4;25;2025-01;1;1;FALSE;FALSE
25012105;crossventuresart;vanefamilyoffice;100399;2025-01-21 11:27:54;2929000.0;96187039;COMPLETED;4;25;2025-01;2;2;TRUE;FALSE
25012106;OscarBexley;reina.rivera;101001;2025-01-21 11:28:41;132000.0;96187039;COMPLETED;4;25;2025-01;1;1;FALSE;FALSE
25012107;vanecapital2;elmsteadculturalpreservation;100552;2025-01-21 11:42:56;100500.0;87292197;COMPLETED;4;25;2025-01;5;2;TRUE;FALSE
25012108;walkercollections;osca_bexl6;100519;2025-01-21 11:48:12;4275000.0;72880343;COMPLETED;4;25;2025-01;3;3;TRUE;FALSE
25012109;southbankmaritimeheritagemus;amir.miller;100591;2025-01-21 12:32:41;392500.0;90907400;COMPLETED;4;25;2025-01;1;1;FALSE;FALSE
25012110;cassidy.ito;vanefamilyoffice;100326;2025-01-21 12:36:11;60000.0;87658927;COMPLETED;4;25;2025-01;1;1;FALSE;FALSE
25012111;aaron.olsen;ashlandmuseumofprintedarts;100168;2025-01-21 14:47:50;1117000.0;23121126;COMPLETED;4;25;2025-01;1;1;FALSE;FALSE
25012112;southbanktextilearchive;PriyaSethi;100307;2025-01-21 15:59:09;265000.0;87658927;COMPLETED;4;25;2025-01;1;1;FALSE;FALSE
25012113;ashlandmuseumofprintedarts;ashcroftcollection;100236;2025-01-21 17:22:36;529500.0;16660212;COMPLETED;4;25;2025-01;3;3;TRUE;FALSE
25012114;granitehillmuseumoflocalindu;vanefamilyoffice;100972;2025-01-21 17:53:21;888000.0;36058655;COMPLETED;4;25;2025-01;1;1;FALSE;FALSE
25012115;theo.foster;PriyaSethi;100981;2025-01-21 20:38:22;235500.0;45562918;COMPLETED;4;25;2025-01;1;1;FALSE;FALSE
25012201;imani.reed;wexlercapital2;100594;2025-01-22 08:37:59;798000.0;72880343;COMPLETED;4;25;2025-01;3;2;TRUE;FALSE
25012202;CeliaSterling;windermerepublicartconservan;100916;2025-01-22 09:17:16;565500.0;87658927;COMPLETED;4;25;2025-01;1;1;FALSE;FALSE
25012203;akira.bennett;ramirezauctionpartners;101037;2025-01-22 09:48:41;1298000.0;75941901;COMPLETED;4;25;2025-01;1;1;FALSE;FALSE
25012204;juniperridgeartistslegacytru;ashcroftcollection;100674;2025-01-22 10:13:41;1064000.0;87658927;COMPLETED;4;25;2025-01;1;1;FALSE;FALSE
25012205;quarrylanecraftpreservations;dhale_family5;101036;2025-01-22 10:33:28;289500.0;35242525;COMPLETED;4;25;2025-01;1;1;FALSE;FALSE
25012206;jade.campbell;ruby.reed;100282;2025-01-22 10:50:11;215500.0;11220767;COMPLETED;4;25;2025-01;1;1;FALSE;FALSE
25012207;longfellowestatecollection;oakhollowmuseumofappliedarts;100535;2025-01-22 10:53:35;764000.0;23121126;REJECTED;4;25;2025-01;1;;FALSE;FALSE
25012208;MWexler;ruby.reed;100056;2025-01-22 11:06:40;253500.0;11220767;COMPLETED;4;25;2025-01;2;2;TRUE;FALSE
25012209;howardfineobjects;davisauctionpartners;101079;2025-01-22 12:02:44;269000.0;77404927;COMPLETED;4;25;2025-01;1;1;FALSE;FALSE
25012210;wexlercollection;windermerepublicartconservan;100653;2025-01-22 12:05:59;75700.0;87292197;COMPLETED;4;25;2025-01;2;2;TRUE;FALSE
25012211;atlastaylorauctions;ari.turner;100798;2025-01-22 12:41:54;1060000.0;23121126;COMPLETED;4;25;2025-01;1;1;FALSE;FALSE
25012212;ashcroftcollection;fairmontmaritimeheritagemuse;100589;2025-01-22 12:44:53;320500.0;12742361;COMPLETED;4;25;2025-01;3;2;TRUE;FALSE
25012213;harper7;cassidy.mason;101026;2025-01-22 12:51:11;558500.0;75941901;COMPLETED;4;25;2025-01;1;1;FALSE;FALSE
25012214;copperlinemuseumofphotograph;clara.ross;100371;2025-01-22 13:24:52;410500.0;87292197;COMPLETED;4;25;2025-01;1;1;FALSE;FALSE
25012215;atlastaylorauctions;GrantMercer;100708;2025-01-22 13:48:11;1642000.0;90907400;COMPLETED;4;25;2025-01;1;1;FALSE;FALSE
25012216;isaac.rivera;highlandartistslegacytrust;100683;2025-01-22 14:31:12;1413000.0;35242525;COMPLETED;4;25;2025-01;1;1;FALSE;FALSE
25012217;EleanorRook;davisauctionpartners;100896;2025-01-22 15:10:59;245000.0;11220767;COMPLETED;4;25;2025-01;2;2;TRUE;FALSE
25012218;brookfieldarchitecturalherit;castillocollections;100505;2025-01-22 15:32:08;2441000.0;87292197;COMPLETED;4;25;2025-01;1;1;FALSE;FALSE
25012219;parkhurstceramicsmuseum;crownyoungfineobjects;100194;2025-01-22 19:16:58;202000.0;96187039;COMPLETED;4;25;2025-01;1;1;FALSE;FALSE
25012301;ruby.reed;aiden.patel;101046;2025-01-23 10:34:54;464500.0;;PENDING;4;25;2025-01;2;;TRUE;FALSE
25012302;davisauctionpartners;robertsheritagesales;100506;2025-01-23 10:37:24;771000.0;72880343;COMPLETED;4;25;2025-01;2;2;TRUE;FALSE
25012303;farah.vasquez;blair.kaur;100310;2025-01-23 13:22:06;640000.0;72880343;CANCELLED;4;25;2025-01;3;;TRUE;FALSE
25012304;ruby.reed;vanefamilyoffice;100056;2025-01-23 13:29:42;261500.0;;PENDING;4;25;2025-01;3;;TRUE;FALSE
25012305;andersonartadvisory;celrot_hold2;100783;2025-01-23 20:19:29;301000.0;36058655;COMPLETED;4;25;2025-01;2;2;TRUE;FALSE
25012401;theo_kinc2;northbridgemuseumofmoderncra;100659;2025-01-24 13:21:45;152500.0;87658927;COMPLETED;4;25;2025-01;2;2;TRUE;FALSE
25012402;bobby;liucollections;100176;2025-01-24 15:36:02;229000.0;96187039;FAILED;4;25;2025-01;5;;TRUE;FALSE
25012501;lana.mendez;aiden.patel;100238;2025-01-25 11:03:52;192500.0;;CANCELLED;4;25;2025-01;1;;FALSE;FALSE
25012502;malwexler7;oakhollowmuseumofappliedarts;100340;2025-01-25 17:03:51;473000.0;96187039;COMPLETED;4;25;2025-01;2;2;TRUE;FALSE
25012601;lila.estrada;ronanA;100575;2025-01-26 12:35:01;913000.0;16660212;REVERSED;4;25;2025-01;1;;FALSE;FALSE
25012701;pineharborrailwayhistorycent;wexlercollection;100338;2025-01-27 13:45:39;434000.0;72880343;REJECTED;4;25;2025-01;2;;TRUE;FALSE
25012702;malwex_hold3;bobby;100161;2025-01-27 19:36:01;387000.0;96187039;REVERSED;4;25;2025-01;2;;TRUE;FALSE
25012801;EleanorRook;cassidy.mason;100106;2025-01-28 12:01:15;593000.0;;CANCELLED;4;25;2025-01;2;;TRUE;FALSE
25012901;DominicHale;augvane7;100992;2025-01-29 14:32:39;584500.0;75941901;REJECTED;4;25;2025-01;1;;FALSE;FALSE
25013001;windermerepublicartconservan;fairmontmaritimeheritagemuse;100653;2025-01-30 09:22:38;84700.0;;FAILED;4;25;2025-01;3;;TRUE;FALSE
25013101;vcross_alt;davisauctionpartners;101017;2025-01-31 09:21:59;380500.0;12742361;COMPLETED;4;25;2025-01;1;1;FALSE;FALSE
25013102;GrantMercer;farah.vasquez;101098;2025-01-31 10:45:49;428000.0;90907400;COMPLETED;4;25;2025-01;1;1;FALSE;FALSE
25013103;harper.flores;eva.howell;100691;2025-01-31 11:09:17;345500.0;90907400;FAILED;4;25;2025-01;1;;FALSE;FALSE
25013104;foundrybennettfineobjects;vcross_alt;101043;2025-01-31 11:49:28;353500.0;16660212;REVERSED;4;25;2025-01;2;;TRUE;FALSE
25013105;daniel.ito;harper7;100905;2025-01-31 13:15:01;385500.0;75941901;COMPLETED;4;25;2025-01;1;1;FALSE;FALSE
25013106;lana.vasquez;rothartadvisory;101048;2025-01-31 13:18:51;1036000.0;16498618;COMPLETED;4;25;2025-01;1;1;FALSE;FALSE
25013107;ari.turner;AuggieVane;101088;2025-01-31 14:01:25;325000.0;36058655;COMPLETED;4;25;2025-01;1;1;FALSE;FALSE
25013108;avane_alt;nathan58;101068;2025-01-31 14:19:52;637000.0;12742361;COMPLETED;4;25;2025-01;1;1;FALSE;FALSE
25013109;bishopheritagesales;augvan_hold1;101029;2025-01-31 15:23:01;322500.0;96187039;COMPLETED;4;25;2025-01;1;1;FALSE;FALSE
25013110;franklincollections;psethi_family6;100987;2025-01-31 15:41:57;969000.0;23121126;COMPLETED;4;25;2025-01;1;1;FALSE;FALSE
25013111;cassidy.lane;ashcroftcollection;101073;2025-01-31 16:40:14;628500.0;87658927;COMPLETED;4;25;2025-01;1;1;FALSE;FALSE
25020201;vanefamilyoffice;ari.turner;100399;2025-02-02 11:55:48;2784000.0;96187039;REJECTED;4;25;2025-02;3;;TRUE;FALSE
25020301;sofia.hayes;ashcroftcapital2;100660;2025-02-03 08:17:06;110000.0;77404927;COMPLETED;4;25;2025-02;1;1;FALSE;FALSE
25020302;kai.zimmerman;rosemontmuseumofmoderncraftd;100845;2025-02-03 10:05:46;210000.0;90907400;COMPLETED;4;25;2025-02;1;1;FALSE;FALSE
25020303;highlandartistslegacytru_org;selene78;100297;2025-02-03 10:12:22;349500.0;11220767;FAILED;4;25;2025-02;1;;FALSE;FALSE
25020304;ashlandestatecollection;ashcroftcapital2;100203;2025-02-03 10:19:55;302500.0;;FAILED;4;25;2025-02;1;;FALSE;FALSE
25020305;windermerepublicartconservan;helval_hold6;100603;2025-02-03 11:14:15;1634000.0;96187039;COMPLETED;4;25;2025-02;1;1;FALSE;FALSE
25020306;brookfieldhistorichousefound;farahholdings1;100498;2025-02-03 11:48:33;1925000.0;77404927;REJECTED;4;25;2025-02;3;;TRUE;FALSE
25020307;harborlightmuseumofprintedar;copperlinemuseumofphotograph;100813;2025-02-03 12:04:53;687000.0;75941901;COMPLETED;4;25;2025-02;1;1;FALSE;FALSE
25020308;stoneartadvisory;celine.irwin;100563;2025-02-03 12:07:36;922000.0;87292197;COMPLETED;4;25;2025-02;2;2;TRUE;FALSE
25020309;reina.rivera;julia.roberts;100735;2025-02-03 12:18:09;899500.0;72880343;COMPLETED;4;25;2025-02;1;1;FALSE;FALSE
25020310;delilah.kim;ashcroftcapital2;100767;2025-02-03 15:47:42;4728000.0;;PENDING;4;25;2025-02;1;;FALSE;FALSE
25020311;howellartadvisory;ashcroftcapital2;100815;2025-02-03 16:50:11;369500.0;77404927;COMPLETED;4;25;2025-02;2;2;TRUE;FALSE
25020312;tariqinvests;nadi_whit5;100967;2025-02-03 16:56:11;318500.0;35242525;COMPLETED;4;25;2025-02;2;2;TRUE;FALSE
25020313;beatrice.kim;vanefamilyoffice;100122;2025-02-03 16:56:20;390500.0;96187039;COMPLETED;4;25;2025-02;2;2;TRUE;FALSE
25020314;harborlightpublicartconserva;liucollections;100812;2025-02-03 17:03:58;385500.0;11220767;COMPLETED;4;25;2025-02;2;2;TRUE;FALSE
25020315;redcedarfolkartfoundation;bobby;100267;2025-02-03 17:04:56;779500.0;72880343;COMPLETED;4;25;2025-02;1;1;FALSE;FALSE
25020316;fairmontmaritimeheritagemuse;bishopheritagesales;100589;2025-02-03 19:28:48;315500.0;45562918;COMPLETED;4;25;2025-02;4;3;TRUE;FALSE
25020401;brookfieldarchitecturalherit;wexlercollection;101087;2025-02-04 08:33:34;623500.0;96187039;COMPLETED;4;25;2025-02;1;1;FALSE;FALSE
25020402;brookfieldarchitecturalherit;windermeremuseumofmoderncraf;100114;2025-02-04 09:32:49;1301000.0;72880343;COMPLETED;4;25;2025-02;1;1;FALSE;FALSE
25020403;ashcroftcollection;malik.johnson;100797;2025-02-04 09:34:32;314500.0;87658927;COMPLETED;4;25;2025-02;1;1;FALSE;FALSE
25020404;renee.kim;howellartadvisory;100038;2025-02-04 10:15:23;110000.0;12742361;COMPLETED;4;25;2025-02;1;1;FALSE;FALSE
25020405;castillocollections;northbridgemuseumofmoderncra;100505;2025-02-04 11:02:13;2597000.0;72880343;COMPLETED;4;25;2025-02;2;2;TRUE;FALSE
25020406;farah.vasquez;crosscapital2;100310;2025-02-04 11:58:36;615500.0;23121126;COMPLETED;4;25;2025-02;4;3;TRUE;FALSE
25020407;daniel.hall;crossventuresart;100779;2025-02-04 12:06:43;651000.0;16498618;COMPLETED;4;25;2025-02;1;1;FALSE;FALSE
25020408;crosscapital2;helval_hold6;100302;2025-02-04 12:37:28;731500.0;72880343;COMPLETED;4;25;2025-02;2;2;TRUE;FALSE
25020409;juniperridgepublicartconserv;rothcapital2;100116;2025-02-04 14:03:33;412500.0;35242525;COMPLETED;4;25;2025-02;1;1;FALSE;FALSE
25020410;abigail.martinez;stoneheritagesales;100113;2025-02-04 16:26:17;1185000.0;72880343;COMPLETED;4;25;2025-02;1;1;FALSE;FALSE
25020411;liam.martin;foundryzimmermanfineobjects;101009;2025-02-04 17:06:04;360000.0;96187039;COMPLETED;4;25;2025-02;1;1;FALSE;FALSE
25020412;cassidy.ito;howardfineobjects;100277;2025-02-04 17:14:36;125500.0;72880343;COMPLETED;4;25;2025-02;3;2;TRUE;FALSE
25020413;wexlercapital2;osca_bexl6;100885;2025-02-04 17:38:17;326000.0;72880343;COMPLETED;4;25;2025-02;2;2;TRUE;FALSE
25020414;quarrylanemuseumofphotograph;yorkfieldfurnituredesignarch;100856;2025-02-04 20:06:48;611000.0;;CANCELLED;4;25;2025-02;1;;FALSE;FALSE
25020501;imani.thomas;windermerepublicartconservan;100648;2025-02-05 09:23:53;408000.0;45562918;COMPLETED;4;25;2025-02;3;3;TRUE;FALSE
25020502;TheoKincaid;wexlercapital2;101086;2025-02-05 09:35:02;521000.0;35242525;COMPLETED;4;25;2025-02;1;1;FALSE;FALSE
25020503;isaac.shah;abigail.bennett;100347;2025-02-05 09:45:22;874000.0;23121126;COMPLETED;4;25;2025-02;1;1;FALSE;FALSE
25020504;howellartadvisory;valecapital2;100038;2025-02-05 10:28:13;112000.0;87658927;REVERSED;4;25;2025-02;2;;TRUE;FALSE
25020505;howellartadvisory;elea_rook7;101061;2025-02-05 11:31:51;2379000.0;12742361;COMPLETED;4;25;2025-02;2;2;TRUE;FALSE
25020506;juniperridgepublicartconserv;akira.bennett;100647;2025-02-05 12:27:05;6864000.0;16498618;COMPLETED;4;25;2025-02;1;1;FALSE;FALSE
25020507;eastgateindustrialartsmuseum;malwex_hold3;100760;2025-02-05 13:17:43;274000.0;12742361;COMPLETED;4;25;2025-02;3;3;TRUE;FALSE
25020508;eva.howell;rosemontmuseumofmoderncraftd;100127;2025-02-05 13:28:55;121000.0;16498618;COMPLETED;4;25;2025-02;2;1;FALSE;FALSE
25020509;elliscollections;EleanorRook;100865;2025-02-05 14:32:18;676000.0;87292197;COMPLETED;4;25;2025-02;4;3;TRUE;FALSE
25020510;lana.vasquez;foundrybennettfineobjects;100329;2025-02-05 14:38:26;861000.0;96187039;COMPLETED;4;25;2025-02;2;2;TRUE;FALSE
25020511;eastgateindustrialartsmuseum;celine.irwin;100636;2025-02-05 16:37:22;728000.0;87658927;COMPLETED;4;25;2025-02;1;1;FALSE;FALSE
25020512;orchardhousecommunityartsfou;eastgateindustrialartsmuseum;100322;2025-02-05 16:39:16;153500.0;72880343;COMPLETED;4;25;2025-02;2;1;FALSE;FALSE
25020513;quinn.campbell;santiago.alvarez;100222;2025-02-05 16:42:38;324500.0;16498618;COMPLETED;4;25;2025-02;1;1;FALSE;FALSE
25020514;mina.singh;blair.kaur;100956;2025-02-05 17:05:07;1271000.0;72880343;COMPLETED;4;25;2025-02;1;1;FALSE;FALSE
25020515;southbanktextilearchive;jade.campbell;100323;2025-02-05 17:25:08;227000.0;77404927;COMPLETED;4;25;2025-02;1;1;FALSE;FALSE
25020516;dhale_family5;vanefamilyoffice;100781;2025-02-05 18:24:55;722500.0;16660212;COMPLETED;4;25;2025-02;2;2;TRUE;FALSE
25020517;ronanA;croth_alt;101011;2025-02-05 18:58:08;1068000.0;16498618;COMPLETED;4;25;2025-02;1;1;FALSE;FALSE
25020518;meridianmillercollections;brookfieldhistorichousefound;101070;2025-02-05 19:01:18;425000.0;96187039;COMPLETED;4;25;2025-02;3;2;TRUE;FALSE
25020601;vanecapital2;meridianmillercollections;100727;2025-02-06 09:02:04;5633000.0;;PENDING;4;25;2025-02;2;;TRUE;FALSE
25020602;lana.vasquez;malwexler7;100662;2025-02-06 10:29:21;237500.0;16660212;COMPLETED;4;25;2025-02;2;2;TRUE;FALSE
25020603;emilia.cho;tanglewoodculturalmemoryproj;100576;2025-02-06 12:16:35;383500.0;23121126;COMPLETED;4;25;2025-02;2;2;TRUE;FALSE
25020604;imani.reed;elliscollections;100539;2025-02-06 13:17:11;555000.0;35242525;COMPLETED;4;25;2025-02;1;1;FALSE;FALSE
25020605;psethi_family6;imani.reed;100700;2025-02-06 13:45:11;949500.0;72880343;CANCELLED;4;25;2025-02;3;;TRUE;FALSE
25020606;vanefamilyoffice;pineharborrailwayhistorycent;100837;2025-02-06 13:49:52;272000.0;96187039;COMPLETED;4;25;2025-02;1;1;FALSE;FALSE
25020607;heritagerowmaterialculturein;avane_alt;100191;2025-02-06 13:59:21;1248000.0;11220767;COMPLETED;4;25;2025-02;2;2;TRUE;FALSE
25020608;pineharborrailwayhistorycent;martinheritagesales;100338;2025-02-06 15:49:22;397500.0;12742361;COMPLETED;4;25;2025-02;3;2;TRUE;FALSE
25020609;windermeremuseumofmoderncraf;ruby.reed;100308;2025-02-06 16:25:49;1389000.0;72880343;COMPLETED;4;25;2025-02;1;1;FALSE;FALSE
25020610;valeheritagefund;vcross_alt;100025;2025-02-06 17:35:59;349500.0;12742361;COMPLETED;4;25;2025-02;3;3;TRUE;FALSE
25020611;ashlandmuseumofprintedarts;vivienne.cross;100318;2025-02-06 17:52:14;207500.0;77404927;COMPLETED;4;25;2025-02;1;1;FALSE;FALSE
25020612;tanglewoodfolkartarchive;aaron.olsen;100412;2025-02-06 18:37:33;964500.0;36058655;COMPLETED;4;25;2025-02;1;1;FALSE;FALSE
25020613;ari.turner;liucollections;100909;2025-02-06 20:19:31;590500.0;72880343;COMPLETED;4;25;2025-02;3;3;TRUE;FALSE
25020701;abigail.lee_curator;clara.ross;100726;2025-02-07 10:58:44;395500.0;11220767;REJECTED;4;25;2025-02;1;;FALSE;FALSE
25020702;DominicHale;valentina.klein;101077;2025-02-07 12:03:10;284500.0;77404927;COMPLETED;4;25;2025-02;1;1;FALSE;FALSE
25020703;foundrybennettfineobjects;wexlercollection;100092;2025-02-07 12:17:41;296500.0;35242525;COMPLETED;4;25;2025-02;2;2;TRUE;FALSE
25020704;heritagerowdecorativeartsarc;elmsteadculturalpreservation;100082;2025-02-07 13:07:10;358500.0;42365420;REJECTED;4;25;2025-02;1;;FALSE;FALSE
25020705;redcedarfolkartfoundation;southbanktextilearchive;100534;2025-02-07 13:22:54;1096000.0;77404927;COMPLETED;4;25;2025-02;1;1;FALSE;FALSE
25020706;EleanorRook;celine.irwin;100365;2025-02-07 14:25:51;1349000.0;77404927;COMPLETED;4;25;2025-02;3;3;TRUE;FALSE
25020707;GrantMercer;vanecapital2;100910;2025-02-07 15:46:57;405000.0;75941901;COMPLETED;4;25;2025-02;2;2;TRUE;FALSE
25020708;ashcroftcollection;nadia_whitmore;101073;2025-02-07 16:12:02;658500.0;72880343;COMPLETED;4;25;2025-02;2;2;TRUE;FALSE
25020709;ronashcroft7;fairmontdesignheritagecenter;100086;2025-02-07 16:25:16;548000.0;23121126;COMPLETED;4;25;2025-02;3;2;TRUE;FALSE
25020710;windermerepublicartconservan;ronash_hold5;100932;2025-02-07 16:56:55;1009000.0;72880343;COMPLETED;4;25;2025-02;2;2;TRUE;FALSE
25020711;rosemontmuseumofmoderncraftd;theo_kinc2;100722;2025-02-07 17:17:38;227500.0;23121126;COMPLETED;4;25;2025-02;2;2;TRUE;FALSE
25020712;lucia.knight;rosemontmuseumofmoderncraftd;100394;2025-02-07 17:27:42;382500.0;12742361;COMPLETED;4;25;2025-02;1;1;FALSE;FALSE
25020713;rosemontmuseumofmoderncraftd;beatrice.kim;100616;2025-02-07 17:41:27;693500.0;35242525;COMPLETED;4;25;2025-02;1;1;FALSE;FALSE
25020801;howellartadvisory;castillocollections;100292;2025-02-08 08:04:22;324000.0;87658927;COMPLETED;4;25;2025-02;4;4;TRUE;FALSE
25020802;vcross_alt;castillocollections;100709;2025-02-08 10:11:54;1338000.0;96187039;COMPLETED;4;25;2025-02;1;1;FALSE;FALSE
25020803;greatlakesindustrialartsmuse;dhale_family5;100875;2025-02-08 12:20:49;859000.0;36058655;COMPLETED;4;25;2025-02;2;2;TRUE;FALSE
25020804;quinn.campbell;crossventuresart;100652;2025-02-08 17:41:31;188000.0;36058655;CANCELLED;4;25;2025-02;1;;FALSE;FALSE
25020901;southbanktextilearchive;elmsteadculturalmemoryprojec;100559;2025-02-09 11:26:51;583000.0;75941901;COMPLETED;4;25;2025-02;2;2;TRUE;FALSE
25020902;EleanorRook;crossventuresart;100927;2025-02-09 12:19:23;365000.0;36058655;COMPLETED;4;25;2025-02;1;1;FALSE;FALSE
25020903;abigail.morgan;aaron.olsen;101069;2025-02-09 13:20:30;1023000.0;42365420;CANCELLED;4;25;2025-02;2;;TRUE;FALSE
25020904;delilah.kim;nadia_whitmore;100960;2025-02-09 15:17:03;158000.0;72880343;COMPLETED;4;25;2025-02;1;1;FALSE;FALSE
25020905;heritagerowmaterialculturein;windermeredesignheritage_org;100891;2025-02-09 17:39:36;456500.0;16498618;COMPLETED;4;25;2025-02;1;1;FALSE;FALSE
25020906;georgia.park;daniel.ito;100253;2025-02-09 17:43:15;965500.0;87292197;REJECTED;4;25;2025-02;1;;FALSE;FALSE
25021001;julia.roberts;TheoKincaid;100643;2025-02-10 09:13:30;481000.0;87658927;COMPLETED;4;25;2025-02;3;3;TRUE;FALSE
25021002;yasmin.roberts;cassidy.mason;100463;2025-02-10 09:41:10;475000.0;36058655;COMPLETED;4;25;2025-02;1;1;FALSE;FALSE
25021003;nathan58;crossventuresart;100494;2025-02-10 09:44:17;907000.0;36058655;COMPLETED;4;25;2025-02;2;2;TRUE;FALSE
25021004;harper7;liucollections;100905;2025-02-10 09:48:22;422500.0;16660212;COMPLETED;4;25;2025-02;2;2;TRUE;FALSE
25021005;eva.howell;dhale_family5;100848;2025-02-10 10:03:53;745500.0;75941901;COMPLETED;4;25;2025-02;1;1;FALSE;FALSE
25021006;rosemontmuseumofmoderncraftd;rothartadvisory;100682;2025-02-10 10:57:08;577000.0;96187039;COMPLETED;4;25;2025-02;1;1;FALSE;FALSE
25021007;priya.nelson;tanglewoodfolkartarchive;101071;2025-02-10 12:32:49;412500.0;75941901;COMPLETED;4;25;2025-02;1;1;FALSE;FALSE
25021008;cassidy.ito;jade.campbell;100397;2025-02-10 12:56:01;407500.0;96187039;COMPLETED;4;25;2025-02;1;1;FALSE;FALSE
25021009;choiartadvisory;meridianmillercollections;100900;2025-02-10 13:07:26;922500.0;35242525;COMPLETED;4;25;2025-02;1;1;FALSE;FALSE
25021010;oakhollowmuseumofappliedarts;ashlanddecorativeartsarchive;100694;2025-02-10 13:25:40;2235000.0;36058655;COMPLETED;4;25;2025-02;1;1;FALSE;FALSE
25021011;mina.singh;celine.irwin;100864;2025-02-10 13:55:36;1313000.0;72880343;COMPLETED;4;25;2025-02;1;1;FALSE;FALSE
25021012;chloe.shah;nathan58;100482;2025-02-10 13:55:57;347500.0;77404927;COMPLETED;4;25;2025-02;3;3;TRUE;FALSE
25021013;delilah.kim;ari.turner;100486;2025-02-10 14:00:56;1280000.0;;PENDING;4;25;2025-02;1;;FALSE;FALSE
25021014;sofia.hayes;sabrina.shah;100055;2025-02-10 14:04:31;290000.0;36058655;COMPLETED;4;25;2025-02;2;2;TRUE;FALSE
25021015;fairmontmaritimeheritagemuse;liucollections;100111;2025-02-10 14:18:54;593000.0;96187039;COMPLETED;4;25;2025-02;2;1;FALSE;FALSE
25021016;augvan_hold1;malik.johnson;101029;2025-02-10 15:55:41;299500.0;90907400;COMPLETED;4;25;2025-02;2;2;TRUE;FALSE
25021017;nathan.hassan;abigail.bennett;100692;2025-02-10 17:12:35;526000.0;90907400;CANCELLED;4;25;2025-02;1;;FALSE;FALSE
25021018;tanglewoodfolkartarchive;tariqinvests;101054;2025-02-10 17:13:04;1690000.0;45562918;COMPLETED;4;25;2025-02;2;1;FALSE;FALSE
25021019;vanecapital2;howellartadvisory;100280;2025-02-10 20:12:52;477500.0;45562918;COMPLETED;4;25;2025-02;3;2;TRUE;FALSE
25021101;northbridgemuseumofmoderncra;santiago.alvarez;100164;2025-02-11 08:15:36;308500.0;16498618;COMPLETED;4;25;2025-02;1;1;FALSE;FALSE
25021102;highlandartistslegacytrust;ftran_westhave;101035;2025-02-11 09:02:55;304500.0;75941901;COMPLETED;4;25;2025-02;1;1;FALSE;FALSE
25021103;wexlercollection;farah.vasquez;100745;2025-02-11 09:22:21;457500.0;75941901;FAILED;4;25;2025-02;3;;TRUE;FALSE
25021104;northbridgemuseumofmoderncra;beatrice.kim;100869;2025-02-11 09:43:03;1172000.0;45562918;COMPLETED;4;25;2025-02;1;1;FALSE;FALSE
25021105;felix.romero;theo_kinc2;101091;2025-02-11 09:45:43;239000.0;90907400;COMPLETED;4;25;2025-02;1;1;FALSE;FALSE
25021106;harborlightpublicartconserva;southbankmaritimeheritagemus;100018;2025-02-11 10:26:34;193000.0;16498618;COMPLETED;4;25;2025-02;3;3;TRUE;FALSE
25021107;yasmin.roberts;blair.kaur;100042;2025-02-11 10:27:10;720000.0;96187039;COMPLETED;4;25;2025-02;1;1;FALSE;FALSE
25021108;valeheritagefund;ari.turner;100580;2025-02-11 11:45:59;871000.0;87292197;COMPLETED;4;25;2025-02;4;3;TRUE;FALSE
25021109;eastgateindustrialartsmuseum;howellartadvisory;100635;2025-02-11 12:16:57;539000.0;72880343;COMPLETED;4;25;2025-02;2;1;FALSE;FALSE
25021110;vivienne.cross;vanefamilyoffice;100904;2025-02-11 12:47:13;441500.0;36058655;COMPLETED;4;25;2025-02;2;2;TRUE;FALSE
25021111;celrot_hold2;lana.vasquez;100625;2025-02-11 14:51:12;621000.0;90907400;COMPLETED;4;25;2025-02;3;3;TRUE;FALSE
25021112;isaac.shah;nathan58;100196;2025-02-11 17:12:14;598500.0;36058655;COMPLETED;4;25;2025-02;2;2;TRUE;FALSE
25021113;adamscollections;rothcapital2;100736;2025-02-11 17:35:40;1669000.0;72880343;COMPLETED;4;25;2025-02;1;1;FALSE;FALSE
25021201;howardfineobjects;meridianmillercollections;100016;2025-02-12 09:34:34;74600.0;87658927;COMPLETED;4;25;2025-02;2;2;TRUE;FALSE
25021202;vanecapital2;malwex_hold3;100757;2025-02-12 09:48:59;402000.0;11220767;COMPLETED;4;25;2025-02;3;3;TRUE;FALSE
25021203;reina.chen;wexlercollection;101065;2025-02-12 11:08:29;390000.0;77404927;COMPLETED;4;25;2025-02;1;1;FALSE;FALSE
25021204;farah.vasquez;vivienne.cross;101098;2025-02-12 11:27:57;447500.0;77404927;COMPLETED;4;25;2025-02;2;2;TRUE;FALSE
25021205;rothcapital2;GrantMercer;100491;2025-02-12 11:51:12;293500.0;87292197;COMPLETED;4;25;2025-02;4;4;TRUE;FALSE
25021206;highlandartistslegacytrust;rosemontmuseumofmoderncraftd;100434;2025-02-12 12:06:02;716000.0;77404927;COMPLETED;4;25;2025-02;1;1;FALSE;FALSE
25021207;elena.desai;southbankmaritimeheritagemus;100370;2025-02-12 12:07:20;167000.0;87292197;COMPLETED;4;25;2025-02;5;3;TRUE;FALSE
25021208;julia.roberts;jade.campbell;100199;2025-02-12 13:11:22;268500.0;45562918;COMPLETED;4;25;2025-02;3;3;TRUE;FALSE
25021209;bobby;rosemontdesignheritagecenter;100521;2025-02-12 14:02:48;1234000.0;23121126;COMPLETED;4;25;2025-02;3;3;TRUE;FALSE
25021210;beatrice.kim;howardfineobjects;100462;2025-02-12 14:09:34;374500.0;12742361;COMPLETED;4;25;2025-02;3;2;TRUE;FALSE
25021211;crownyoungfineobjects;crossventuresart;100194;2025-02-12 15:16:17;188000.0;87292197;COMPLETED;4;25;2025-02;2;2;TRUE;FALSE
25021212;gianna.young;vanefamilyoffice;101032;2025-02-12 15:28:06;194500.0;16498618;COMPLETED;4;25;2025-02;1;1;FALSE;FALSE
25021213;ashlandmuseumofprintedarts;eastgateindustrialartsmuseum;100621;2025-02-12 16:12:16;926500.0;87658927;COMPLETED;4;25;2025-02;4;3;TRUE;FALSE
25021214;wexlercollection;anthony.garcia;100613;2025-02-12 17:22:12;703000.0;16498618;COMPLETED;4;25;2025-02;3;2;TRUE;FALSE
25021215;EleanorRook;castillocollections;100106;2025-02-12 17:52:59;578500.0;16498618;COMPLETED;4;25;2025-02;3;2;TRUE;FALSE
25021301;elea_rook7;windermerepublicartconservan;100404;2025-02-13 08:59:07;485500.0;42365420;COMPLETED;4;25;2025-02;2;2;TRUE;FALSE
25021302;ari.turner;theo_kinc2;100499;2025-02-13 10:05:41;443500.0;96187039;COMPLETED;4;25;2025-02;2;2;TRUE;FALSE
25021303;xavier.jacobs;valentina.klein;101062;2025-02-13 10:13:48;1803000.0;;PENDING;4;25;2025-02;1;;FALSE;FALSE
25021304;quarrylanemuseumofphotograph;davisauctionpartners;100230;2025-02-13 10:21:19;1920000.0;;PENDING;4;25;2025-02;1;;FALSE;FALSE
25021305;aiden.patel;northbridgemuseumofmoderncra;100155;2025-02-13 10:28:12;1307000.0;87292197;COMPLETED;4;25;2025-02;4;3;TRUE;FALSE
25021306;foundryzimmermanfineobjects;cassidy.mason;100235;2025-02-13 10:38:52;202500.0;87658927;COMPLETED;4;25;2025-02;2;2;TRUE;FALSE
25021307;DominicHale;andersonartadvisory;100974;2025-02-13 10:46:42;675000.0;16660212;COMPLETED;4;25;2025-02;1;1;FALSE;FALSE
25021308;ruby.reed;zane.thomas;100421;2025-02-13 11:33:23;1037000.0;45562918;COMPLETED;4;25;2025-02;2;2;TRUE;FALSE
25021309;lucia.knight;blair.kaur;100117;2025-02-13 12:26:49;584500.0;16660212;COMPLETED;4;25;2025-02;1;1;FALSE;FALSE
25021310;cedarpointculturalmemoryproj;akira.bennett;100555;2025-02-13 12:42:16;848500.0;75941901;REVERSED;4;25;2025-02;2;;FALSE;FALSE
25021311;amir.miller;wexlercollection;100615;2025-02-13 12:49:53;1124000.0;87658927;COMPLETED;4;25;2025-02;1;1;FALSE;FALSE
25021312;crossventuresart;rosemontmuseumofmoderncraftd;100720;2025-02-13 13:46:53;1054000.0;36058655;COMPLETED;4;25;2025-02;2;2;TRUE;FALSE
25021313;mwexler_alt;lana.vasquez;101020;2025-02-13 17:13:55;2207000.0;23121126;COMPLETED;4;25;2025-02;2;2;TRUE;FALSE
25021314;vivcross7;erook_family4;100333;2025-02-13 17:32:16;94300.0;77404927;COMPLETED;4;25;2025-02;3;2;TRUE;FALSE
25021315;delilah.kim;stonefieldmaterialcultureins;100767;2025-02-13 17:57:14;4241000.0;96187039;COMPLETED;4;25;2025-02;2;1;FALSE;FALSE
25021316;stoneartadvisory;ronanA;100444;2025-02-13 20:24:45;473500.0;16660212;COMPLETED;4;25;2025-02;3;2;TRUE;FALSE
25021401;howellartadvisory;gran_merc4;100832;2025-02-14 09:13:38;383500.0;72880343;COMPLETED;4;25;2025-02;2;2;TRUE;FALSE
25021402;ashcroftcollection;parkhurstceramicsmuseum;100859;2025-02-14 10:17:45;977500.0;75941901;COMPLETED;4;25;2025-02;1;1;FALSE;FALSE
25021403;northbridgemuseumofmoderncra;rothcapital2;100013;2025-02-14 10:55:26;163500.0;72880343;COMPLETED;4;25;2025-02;2;1;FALSE;FALSE
25021404;daniel.campbell;howellartadvisory;100988;2025-02-14 11:47:04;254000.0;45562918;COMPLETED;4;25;2025-02;1;1;FALSE;FALSE
25021405;PriyaSethi;tariqinvests;100262;2025-02-14 11:50:33;261500.0;23121126;COMPLETED;4;25;2025-02;3;3;TRUE;FALSE
25021406;eastgateindustrialartsmuseum;celine.irwin;100362;2025-02-14 12:03:40;1900000.0;96187039;COMPLETED;4;25;2025-02;2;1;FALSE;FALSE
25021407;oakhollowmuseumofappliedarts;augvan_hold1;100340;2025-02-14 13:05:56;501500.0;77404927;COMPLETED;4;25;2025-02;3;3;TRUE;FALSE
25021408;iris.knight;crownyoungfineobjects;101010;2025-02-14 16:22:34;1258000.0;23121126;COMPLETED;4;25;2025-02;1;1;FALSE;FALSE
25021409;GrantMercer;celi_ster3;100491;2025-02-14 16:29:12;323000.0;87658927;REJECTED;4;25;2025-02;5;;TRUE;FALSE
25021410;ari.turner;CeliaSterling;100936;2025-02-14 20:19:30;567000.0;23121126;COMPLETED;4;25;2025-02;2;2;TRUE;FALSE
25021501;TheoKincaid;southbanktextilearchive;100357;2025-02-15 12:04:32;495500.0;45562918;COMPLETED;4;25;2025-02;3;2;TRUE;FALSE
25021502;quinn.campbell;ruby.reed;100652;2025-02-15 12:27:45;195500.0;16498618;COMPLETED;4;25;2025-02;2;1;FALSE;FALSE
25021503;orchardhousecommunityartsfou;davisauctionpartners;100952;2025-02-15 13:06:41;619500.0;96187039;COMPLETED;4;25;2025-02;1;1;FALSE;FALSE
25021504;ronash_hold5;juniperridgeartistslegacytru;100484;2025-02-15 13:34:44;625000.0;12742361;FAILED;4;25;2025-02;4;;TRUE;FALSE
25021505;ari.turner;naomi.reyes;100213;2025-02-15 13:42:56;91500.0;72880343;COMPLETED;4;25;2025-02;2;2;TRUE;FALSE
25021506;psethi_family6;EleanorRook;100224;2025-02-15 15:01:47;253000.0;16498618;COMPLETED;4;25;2025-02;2;2;TRUE;FALSE
25021507;nadia_whitmore;redcedarfolkartfoundation;101097;2025-02-15 15:21:26;3389000.0;35242525;COMPLETED;4;25;2025-02;1;1;FALSE;FALSE
25021508;orchardhousecommunityartsfou;foundryzimmermanfineobjects;100826;2025-02-15 15:58:41;537500.0;72880343;COMPLETED;4;25;2025-02;1;1;FALSE;FALSE
25021509;gran_merc4;reina.sullivan;100832;2025-02-15 18:41:33;359500.0;;CANCELLED;4;25;2025-02;3;;TRUE;FALSE
25021510;rosemontmuseumofmoderncraftd;pineharborrailwayhistorycent;100060;2025-02-15 19:35:57;317000.0;11220767;COMPLETED;4;25;2025-02;1;1;FALSE;FALSE
25021511;howardfineobjects;cassidy.lane;100150;2025-02-15 20:53:51;493500.0;96187039;CANCELLED;4;25;2025-02;3;;TRUE;FALSE
25021601;ronanA;ruby.reed;100063;2025-02-16 10:06:27;749500.0;35242525;COMPLETED;4;25;2025-02;2;2;TRUE;FALSE
25021602;greatlakesindustrialartsmuse;ronashcroft7;100324;2025-02-16 16:24:33;412500.0;90907400;COMPLETED;4;25;2025-02;1;1;FALSE;FALSE
25021701;hearthstonefolkartarchive;abigail.martinez;100473;2025-02-17 09:02:59;865500.0;45562918;COMPLETED;4;25;2025-02;1;1;FALSE;FALSE
25021702;abigail.morgan;meridianmillercollections;100556;2025-02-17 09:07:33;1164000.0;96187039;COMPLETED;4;25;2025-02;3;2;TRUE;FALSE
25021703;croth_alt;theo.kim;100847;2025-02-17 10:14:01;505500.0;75941901;COMPLETED;4;25;2025-02;1;1;FALSE;FALSE
25021704;ruby.reed;ashcroftcollection;101046;2025-02-17 10:23:07;459500.0;35242525;COMPLETED;4;25;2025-02;3;2;TRUE;FALSE
25021705;croth_alt;reina.rivera;100732;2025-02-17 10:25:45;1596000.0;87658927;COMPLETED;4;25;2025-02;2;1;FALSE;FALSE
25021706;OscarBexley;fairmontmaritimeheritagemuse;101024;2025-02-17 10:50:11;284500.0;45562918;COMPLETED;4;25;2025-02;1;1;FALSE;FALSE
25021707;windermerepublicartconservan;akira.bennett;100718;2025-02-17 11:15:45;376000.0;45562918;COMPLETED;4;25;2025-02;3;2;TRUE;FALSE
25021708;cassidy.ito;blair.kaur;100593;2025-02-17 11:35:54;2192000.0;75941901;COMPLETED;4;25;2025-02;1;1;FALSE;FALSE
25021709;MWexler;adamscollections;101013;2025-02-17 11:39:41;1304000.0;35242525;COMPLETED;4;25;2025-02;1;1;FALSE;FALSE
25021710;tanglewoodfolkartarchive;wexlercollection;100840;2025-02-17 11:46:20;1598000.0;12742361;COMPLETED;4;25;2025-02;1;1;FALSE;FALSE
25021711;castillocollections;georgia_elli;101099;2025-02-17 12:30:34;998000.0;42365420;COMPLETED;4;25;2025-02;1;1;FALSE;FALSE
25021712;quinn.cho;elena.desai;100156;2025-02-17 13:53:04;126500.0;12742361;COMPLETED;4;25;2025-02;1;1;FALSE;FALSE
25021713;southbankmaritimeheritagemus;psethi_family6;100831;2025-02-17 14:07:28;312500.0;16498618;COMPLETED;4;25;2025-02;1;1;FALSE;FALSE
25021714;heritagerowmaterialculturein;jade.campbell;100774;2025-02-17 14:16:52;1102000.0;87292197;COMPLETED;4;25;2025-02;3;3;TRUE;FALSE
25021715;eastgatefolkartarchive;crosscapital2;101074;2025-02-17 15:10:38;612000.0;96187039;COMPLETED;4;25;2025-02;1;1;FALSE;FALSE
25021716;elmsteadculturalpreservation;valecapital2;100552;2025-02-17 15:13:00;103500.0;75941901;COMPLETED;4;25;2025-02;6;3;TRUE;FALSE
25021717;PriyaSethi;foundrybennettfineobjects;100981;2025-02-17 15:27:17;250500.0;87658927;COMPLETED;4;25;2025-02;2;2;TRUE;FALSE
25021718;davisauctionpartners;nathan58;101079;2025-02-17 15:41:27;288000.0;87658927;COMPLETED;4;25;2025-02;2;2;TRUE;FALSE
25021719;malik.johnson;PriyaSethi;100077;2025-02-17 16:00:33;411500.0;87292197;COMPLETED;4;25;2025-02;2;2;TRUE;FALSE
25021720;redcedarfolkartfoundation;elmsteadculturalpreservation;100467;2025-02-17 16:04:00;478500.0;35242525;COMPLETED;4;25;2025-02;2;1;FALSE;FALSE
25021721;ronanA;vivienne.cross;101018;2025-02-17 16:39:43;416500.0;87292197;COMPLETED;4;25;2025-02;1;1;FALSE;FALSE
25021722;GrantMercer;caesar;100087;2025-02-17 16:41:45;283500.0;87658927;COMPLETED;4;25;2025-02;4;3;TRUE;FALSE
25021723;mwexler_alt;mina.singh;100791;2025-02-17 17:24:53;2521000.0;96187039;COMPLETED;4;25;2025-02;1;1;FALSE;FALSE
25021724;windermerepublicartconservan;rosemontmuseumofmoderncraftd;100653;2025-02-17 19:49:53;80800.0;35242525;COMPLETED;4;25;2025-02;4;3;TRUE;FALSE
25021725;theo_kinc2;sabrina.shah;100722;2025-02-17 20:00:42;228500.0;;PENDING;4;25;2025-02;3;;TRUE;FALSE
25021801;davisauctionpartners;wexlercollection;101017;2025-02-18 08:14:05;378500.0;12742361;COMPLETED;4;25;2025-02;2;2;TRUE;FALSE
25021802;xavier.jacobs;gran_merc4;100690;2025-02-18 08:21:27;1207000.0;11220767;COMPLETED;4;25;2025-02;1;1;FALSE;FALSE
25021803;celine.irwin;gran_merc4;100884;2025-02-18 11:10:21;342500.0;96187039;COMPLETED;4;25;2025-02;2;2;TRUE;FALSE
25021804;ftran_westhave;caesar;100271;2025-02-18 11:41:37;1103000.0;87658927;COMPLETED;4;25;2025-02;2;2;TRUE;FALSE
25021805;greatlakesindustrialartsmuse;OscarBexley;100428;2025-02-18 11:47:44;1592000.0;16660212;CANCELLED;4;25;2025-02;2;;TRUE;FALSE
25021806;malik.johnson;ronashcroft7;100516;2025-02-18 12:01:52;780000.0;42365420;COMPLETED;4;25;2025-02;1;1;FALSE;FALSE
25021807;HelenaVale;foundrybennettfineobjects;100886;2025-02-18 12:39:08;258000.0;77404927;COMPLETED;4;25;2025-02;1;1;FALSE;FALSE
25021808;abigail.martinez;avane_alt;100273;2025-02-18 12:45:19;622500.0;75941901;REVERSED;4;25;2025-02;4;;TRUE;FALSE
25021809;northbridgemuseumofmoderncra;farahholdings1;100073;2025-02-18 12:56:39;1342000.0;90907400;COMPLETED;4;25;2025-02;1;1;FALSE;FALSE
25021810;windermeremuseumofmoderncraf;theo.foster;100572;2025-02-18 12:58:04;300500.0;96187039;COMPLETED;4;25;2025-02;4;3;TRUE;FALSE
25021811;fairmontmaritimeheritagemuse;gmercer_family1;100220;2025-02-18 13:10:00;327000.0;45562918;COMPLETED;4;25;2025-02;1;1;FALSE;FALSE
25021812;abigail.bennett;ashcroftcapital2;100994;2025-02-18 13:31:22;309000.0;23121126;COMPLETED;4;25;2025-02;1;1;FALSE;FALSE
25021813;henry.franklin;vanefamilyoffice;101047;2025-02-18 13:37:01;882000.0;35242525;COMPLETED;4;25;2025-02;1;1;FALSE;FALSE
25021814;jade.campbell;elias.garcia;100420;2025-02-18 14:14:59;110000.0;87658927;COMPLETED;4;25;2025-02;1;1;FALSE;FALSE
25021815;copperlinemuseumofphotograph;pineharborrailwayhistorycent;100673;2025-02-18 15:50:43;257500.0;77404927;COMPLETED;4;25;2025-02;2;1;FALSE;FALSE
25021816;EleanorRook;foundryzimmermanfineobjects;100337;2025-02-18 16:17:32;397500.0;96187039;COMPLETED;4;25;2025-02;2;2;TRUE;FALSE
25021817;abigail.morgan;obexley_family3;100240;2025-02-18 17:03:42;201000.0;35242525;REJECTED;4;25;2025-02;3;;TRUE;FALSE
25021818;celrot_hold2;ashcroftcapital2;100783;2025-02-18 20:15:53;288000.0;16498618;REJECTED;4;25;2025-02;3;;TRUE;FALSE
25021819;DominicHale;harborlightmuseumofprintedar;100992;2025-02-18 20:28:08;479000.0;96187039;COMPLETED;4;25;2025-02;2;1;FALSE;FALSE
25021901;northbridgemuseumofmoderncra;rothcapital2;100009;2025-02-19 10:20:14;186500.0;36058655;COMPLETED;4;25;2025-02;1;1;FALSE;FALSE
25021902;malwex_hold3;mina.singh;100760;2025-02-19 11:24:23;308000.0;;CANCELLED;4;25;2025-02;4;;TRUE;FALSE
25021903;renee.kim;blair.kaur;100995;2025-02-19 11:26:15;1134000.0;87658927;COMPLETED;4;25;2025-02;1;1;FALSE;FALSE
25021904;foundryxucollections;cassidy.mason;100985;2025-02-19 12:23:14;569500.0;75941901;COMPLETED;4;25;2025-02;1;1;FALSE;FALSE
25021905;tanglewoodculturalmemoryproj;bobby;100215;2025-02-19 12:46:35;391000.0;96187039;COMPLETED;4;25;2025-02;1;1;FALSE;FALSE
25021906;andersonartadvisory;cassidy.mason;100997;2025-02-19 14:46:52;424000.0;87658927;COMPLETED;4;25;2025-02;1;1;FALSE;FALSE
25021907;cassidy.mason;harper.flores;100644;2025-02-19 14:56:05;738500.0;12742361;COMPLETED;4;25;2025-02;3;2;TRUE;FALSE
25021908;croth_alt;harper7;101084;2025-02-19 15:00:54;334500.0;42365420;COMPLETED;4;25;2025-02;1;1;FALSE;FALSE
25021909;isaac.shah;vanefamilyoffice;100368;2025-02-19 16:27:29;303000.0;87292197;COMPLETED;4;25;2025-02;1;1;FALSE;FALSE
25021910;heritagerowmaterialculturein;foundryzimmermanfineobjects;100255;2025-02-19 17:37:48;1566000.0;23121126;COMPLETED;4;25;2025-02;2;2;TRUE;FALSE
25021911;ravenwoodcraftpreservationso;henry.ellis;100257;2025-02-19 18:40:42;202500.0;96187039;COMPLETED;4;25;2025-02;2;2;TRUE;FALSE
25021912;heritagerowmaterialculturein;lucia.knight;100094;2025-02-19 18:44:04;446000.0;96187039;COMPLETED;4;25;2025-02;1;1;FALSE;FALSE
25021913;aaron.olsen;howellartadvisory;101028;2025-02-19 18:46:25;390000.0;77404927;COMPLETED;4;25;2025-02;2;2;TRUE;FALSE
25021914;rothcapital2;crossventuresart;100116;2025-02-19 19:00:54;391500.0;96187039;COMPLETED;4;25;2025-02;2;2;TRUE;FALSE
25021915;elmsteadhistoricalsociety;bishopheritagesales;100742;2025-02-19 20:05:25;1100000.0;45562918;COMPLETED;4;25;2025-02;1;1;FALSE;FALSE
25022001;GrantMercer;rohan.vasquez;100819;2025-02-20 08:02:59;1010000.0;11220767;COMPLETED;4;25;2025-02;1;1;FALSE;FALSE
25022002;renee.kim;howellartadvisory;100468;2025-02-20 09:18:12;770000.0;96187039;COMPLETED;4;25;2025-02;1;1;FALSE;FALSE
25022003;walkercollections;howellartadvisory;100989;2025-02-20 09:49:22;1393000.0;36058655;COMPLETED;4;25;2025-02;1;1;FALSE;FALSE
25022004;felix.romero;valeheritagefund;100411;2025-02-20 09:52:34;1721000.0;87658927;COMPLETED;4;25;2025-02;1;1;FALSE;FALSE
25022005;ashlandmuseumofprintedarts;henry.ellis;100935;2025-02-20 10:55:35;1427000.0;75941901;COMPLETED;4;25;2025-02;3;3;TRUE;FALSE
25022006;ravenwoodcraftpreservationso;foundryzimmermanfineobjects;100984;2025-02-20 10:55:47;645000.0;96187039;COMPLETED;4;25;2025-02;1;1;FALSE;FALSE
25022007;howellartadvisory;elmsteadculturalpreservation;100934;2025-02-20 11:12:53;1281000.0;90907400;COMPLETED;4;25;2025-02;2;2;TRUE;FALSE
25022008;isaac.shah;vanecapital2;100598;2025-02-20 11:18:15;531500.0;23121126;COMPLETED;4;25;2025-02;2;2;TRUE;FALSE
25022009;eastgatefolkartarchive;ashcroftcollection;100061;2025-02-20 11:40:08;362500.0;87658927;REVERSED;4;25;2025-02;1;;FALSE;FALSE
25022010;timberlinerestorationfoundat;EleanorRook;100877;2025-02-20 11:41:36;359000.0;36058655;COMPLETED;4;25;2025-02;1;1;FALSE;FALSE
25022011;northbridgemuseumofmoderncra;foxgloveartistslegacytrust;100316;2025-02-20 11:44:47;270500.0;72880343;COMPLETED;4;25;2025-02;1;1;FALSE;FALSE
25022012;parkhurstceramicsmuseum;valeheritagefund;100298;2025-02-20 12:38:51;217000.0;12742361;COMPLETED;4;25;2025-02;2;2;TRUE;FALSE
25022013;aaron.olsen;ari.turner;100343;2025-02-20 13:24:04;118500.0;36058655;COMPLETED;4;25;2025-02;1;1;FALSE;FALSE
25022014;ronashcroft7;atlaspatelauctions;100516;2025-02-20 14:59:07;700000.0;96187039;REJECTED;4;25;2025-02;2;;TRUE;FALSE
25022015;julia.roberts;ashcroftcollection;100109;2025-02-20 15:00:48;281500.0;90907400;COMPLETED;4;25;2025-02;2;1;FALSE;FALSE
25022016;sabrina.shah;ashcroftcollection;100120;2025-02-20 16:18:15;1008000.0;23121126;COMPLETED;4;25;2025-02;2;2;TRUE;FALSE
25022017;ftran_westhave;sabrina.shah;100415;2025-02-20 16:36:10;781500.0;36058655;COMPLETED;4;25;2025-02;1;1;FALSE;FALSE
25022018;henry.ellis;MWexler;100254;2025-02-20 16:59:36;432500.0;11220767;COMPLETED;4;25;2025-02;2;2;TRUE;FALSE
25022019;harborlightpublicartconserva;andersonartadvisory;100550;2025-02-20 17:23:58;412000.0;75941901;COMPLETED;4;25;2025-02;1;1;FALSE;FALSE
25022020;nadi_whit5;isaac.shah;100278;2025-02-20 17:27:48;266500.0;;FAILED;4;25;2025-02;4;;TRUE;FALSE
25022021;nathan58;choiartadvisory;101068;2025-02-20 17:38:37;679500.0;87658927;COMPLETED;4;25;2025-02;2;2;TRUE;FALSE
25022101;priya.lane;stoneartadvisory;100500;2025-02-21 09:32:18;1826000.0;16660212;COMPLETED;4;25;2025-02;1;1;FALSE;FALSE
25022102;ronanA;howellartadvisory;100850;2025-02-21 09:33:25;577500.0;16498618;COMPLETED;4;25;2025-02;1;1;FALSE;FALSE
25022103;georgia.lee;northbridgemuseumofmoderncra;100205;2025-02-21 10:00:26;256500.0;;PENDING;4;25;2025-02;1;;FALSE;FALSE
25022104;lana.vasquez;granitehillbotanicalheritage;100256;2025-02-21 10:12:40;121500.0;36058655;COMPLETED;4;25;2025-02;3;3;TRUE;FALSE
25022105;xavier.jacobs;elliscollections;101062;2025-02-21 10:40:56;1565000.0;87292197;COMPLETED;4;25;2025-02;2;1;FALSE;FALSE
25022106;khalil.kapoor;windermerepublicartconservan;100763;2025-02-21 10:52:58;819500.0;75941901;COMPLETED;4;25;2025-02;1;1;FALSE;FALSE
25022107;celine.irwin;ruby.reed;100880;2025-02-21 11:09:05;955500.0;11220767;COMPLETED;4;25;2025-02;2;2;TRUE;FALSE
25022108;ashlanddecorativeartsarchive;nathan58;100955;2025-02-21 11:11:11;115500.0;77404927;COMPLETED;4;25;2025-02;1;1;FALSE;FALSE
25022109;mwexler_alt;wexlercollection;101023;2025-02-21 11:48:11;1236000.0;16660212;COMPLETED;4;25;2025-02;1;1;FALSE;FALSE
25022110;cassidy.ito;celine.irwin;100991;2025-02-21 11:55:47;604000.0;35242525;COMPLETED;4;25;2025-02;1;1;FALSE;FALSE
25022111;cedarpointculturalmemoryproj;akira.bennett;100518;2025-02-21 12:15:20;1512000.0;72880343;REVERSED;4;25;2025-02;1;;FALSE;FALSE
25022112;silvermarshdecorativeartsarc;GrantMercer;100508;2025-02-21 13:02:05;826000.0;45562918;FAILED;4;25;2025-02;1;;FALSE;FALSE
25022113;andersonartadvisory;imani.reed;100134;2025-02-21 13:23:14;362500.0;36058655;COMPLETED;4;25;2025-02;2;2;TRUE;FALSE
25022114;wexlercapital2;vanefamilyoffice;101030;2025-02-21 13:35:08;299000.0;90907400;COMPLETED;4;25;2025-02;2;2;TRUE;FALSE
25022115;celrot_hold2;elmsteadculturalpreservation;100093;2025-02-21 14:12:07;310500.0;96187039;COMPLETED;4;25;2025-02;2;2;TRUE;FALSE
25022116;yorkfieldfurnituredesignarch;ashcroftcapital2;100490;2025-02-21 14:13:51;609500.0;96187039;COMPLETED;4;25;2025-02;2;1;FALSE;FALSE
25022117;rothartadvisory;ruby.reed;100789;2025-02-21 14:22:01;5240000.0;75941901;COMPLETED;4;25;2025-02;2;1;FALSE;FALSE
25022118;granitehillmuseumoflocalindu;elmsteadculturalpreservation;100976;2025-02-21 14:42:18;207000.0;72880343;COMPLETED;4;25;2025-02;1;1;FALSE;FALSE
25022119;windermeremuseumofmoderncraf;selene78;100327;2025-02-21 15:08:48;190000.0;96187039;COMPLETED;4;25;2025-02;1;1;FALSE;FALSE
25022120;zane.thomas;atlaspatelauctions;100604;2025-02-21 16:27:51;690000.0;72880343;FAILED;4;25;2025-02;2;;TRUE;FALSE
25022121;EleanorRook;avane_alt;100998;2025-02-21 16:29:42;262500.0;87292197;COMPLETED;4;25;2025-02;1;1;FALSE;FALSE
25022122;AuggieVane;liucollections;101088;2025-02-21 16:49:09;326500.0;35242525;COMPLETED;4;25;2025-02;2;2;TRUE;FALSE
25022123;rosemontmuseumofmoderncraftd;wexlercollection;100845;2025-02-21 17:57:00;220000.0;87292197;COMPLETED;4;25;2025-02;2;2;TRUE;FALSE
25022124;abigail.bennett;windermeredesignheritage_org;100442;2025-02-21 20:27:59;713500.0;87658927;COMPLETED;4;25;2025-02;2;2;TRUE;FALSE
25022201;ashcroftcollection;andersonartadvisory;100824;2025-02-22 09:05:36;402000.0;75941901;COMPLETED;4;25;2025-02;1;1;FALSE;FALSE
25022202;EleanorRook;meridianmillercollections;100372;2025-02-22 14:54:23;211500.0;87292197;COMPLETED;4;25;2025-02;2;2;TRUE;FALSE
25022203;quarrylanecraftpreservations;augvane7;100978;2025-02-22 16:53:00;580500.0;42365420;COMPLETED;4;25;2025-02;1;1;FALSE;FALSE
25022401;jade.campbell;aaron.olsen;100177;2025-02-24 13:06:26;635500.0;77404927;FAILED;4;25;2025-02;3;;TRUE;FALSE
25022402;aaron.olsen;vivcross7;100412;2025-02-24 14:21:29;1004000.0;96187039;COMPLETED;4;25;2025-02;2;2;TRUE;FALSE
25022403;santiago.alvarez;bobby;100222;2025-02-24 15:15:25;329500.0;11220767;COMPLETED;4;25;2025-02;2;2;TRUE;FALSE
25022404;howellartadvisory;southbankmaritimeheritagemus;100038;2025-02-24 17:50:04;112000.0;87658927;COMPLETED;4;25;2025-02;3;2;TRUE;FALSE
25022501;imani.thomas;ftran_westhave;100607;2025-02-25 10:43:06;817500.0;;FAILED;4;25;2025-02;2;;TRUE;FALSE
25022502;howellartadvisory;wexlercapital2;100402;2025-02-25 13:39:23;441500.0;;PENDING;4;25;2025-02;3;;TRUE;FALSE
25022503;selene78;isaac.shah;100874;2025-02-25 16:02:49;354000.0;23121126;FAILED;4;25;2025-02;3;;TRUE;FALSE
25022504;nadi_whit5;valeheritagefund;100278;2025-02-25 16:09:33;258000.0;;FAILED;4;25;2025-02;5;;TRUE;FALSE
25022505;foundrybennettfineobjects;foundryxucollections;101043;2025-02-25 17:52:55;436500.0;;CANCELLED;4;25;2025-02;3;;TRUE;FALSE
25022601;ari.morgan;rothcapital2;100693;2025-02-26 13:36:20;290500.0;;PENDING;4;25;2025-02;1;;FALSE;FALSE
25022602;ronash_hold5;rothartadvisory;100484;2025-02-26 14:11:43;557500.0;;CANCELLED;4;25;2025-02;5;;TRUE;FALSE
25022603;oakhollowmuseumofappliedarts;felix.romero;100301;2025-02-26 15:16:20;1276000.0;96187039;REVERSED;4;25;2025-02;2;;TRUE;FALSE
25022604;celine.irwin;granitehillmuseumoflocalindu;100636;2025-02-26 15:54:51;758500.0;96187039;COMPLETED;4;25;2025-02;2;2;TRUE;FALSE
25022605;yasmin.roberts;mwexler_alt;101044;2025-02-26 17:17:25;146500.0;;CANCELLED;4;25;2025-02;1;;FALSE;FALSE
25022701;nathan.hassan;ashlandmuseumofprintedarts;100479;2025-02-27 12:34:12;174000.0;42365420;REJECTED;4;25;2025-02;1;;FALSE;FALSE
25022801;CelesteRoth;GrantMercer;101094;2025-02-28 09:19:51;1205000.0;96187039;COMPLETED;4;25;2025-02;1;1;FALSE;FALSE
25022802;ramirezauctionpartners;heritagerowmaterialculturein;100990;2025-02-28 10:39:47;326500.0;36058655;COMPLETED;4;25;2025-02;1;1;FALSE;FALSE
25022803;AuggieVane;elmsteadhistoricalsociety;100953;2025-02-28 10:47:13;1719000.0;96187039;COMPLETED;4;25;2025-02;1;1;FALSE;FALSE
25022804;harper.ellis;xavier.jacobs;100980;2025-02-28 15:00:53;139500.0;11220767;COMPLETED;4;25;2025-02;1;1;FALSE;FALSE
25022805;keystoneandersonauctions;howellartadvisory;101095;2025-02-28 16:43:38;1476000.0;12742361;COMPLETED;4;25;2025-02;1;1;FALSE;FALSE
25030301;malwex_hold3;sabrina.shah;100161;2025-03-03 09:27:45;342500.0;45562918;COMPLETED;4;25;2025-03;3;2;TRUE;FALSE
25030302;GrantMercer;elmsteadculturalpreservation;100918;2025-03-03 10:18:23;1453000.0;96187039;COMPLETED;4;25;2025-03;2;2;TRUE;FALSE
25030303;zane.thomas;beatrice.kim;101078;2025-03-03 10:22:21;664000.0;72880343;COMPLETED;4;25;2025-03;1;1;FALSE;FALSE
25030304;greatlakesindustrialartsmuse;georgia_elli;100417;2025-03-03 10:32:21;3284000.0;;FAILED;4;25;2025-03;3;;TRUE;FALSE
25030305;ashcroftcapital2;harper7;100660;2025-03-03 12:34:33;113000.0;90907400;COMPLETED;4;25;2025-03;2;2;TRUE;FALSE
25030306;chloe.singh;ronanA;100663;2025-03-03 14:04:43;550000.0;75941901;REJECTED;4;25;2025-03;1;;FALSE;FALSE
25030307;cassidy.mason;southbankmaritimeheritagemus;100985;2025-03-03 14:47:27;580500.0;16498618;COMPLETED;4;25;2025-03;2;2;TRUE;FALSE
25030308;cassidy.ito;crosscapital2;100481;2025-03-03 15:03:08;980000.0;16660212;COMPLETED;4;25;2025-03;2;2;TRUE;FALSE
25030309;heritagerowmaterialculturein;rothartadvisory;100811;2025-03-03 15:59:52;258500.0;36058655;COMPLETED;4;25;2025-03;1;1;FALSE;FALSE
25030310;lana.vasquez;ronashcroft7;100294;2025-03-03 16:05:27;213000.0;16498618;COMPLETED;4;25;2025-03;1;1;FALSE;FALSE
25030311;stonefieldpublicartconservan;avane_alt;101064;2025-03-03 16:33:34;144000.0;;CANCELLED;4;25;2025-03;1;;FALSE;FALSE
25030312;celine.irwin;elliscollections;100058;2025-03-03 16:40:55;126500.0;72880343;COMPLETED;4;25;2025-03;1;1;FALSE;FALSE
25030313;ironwoodcraftpreservationsoc;ashcroftcollection;100158;2025-03-03 17:00:36;420000.0;12742361;FAILED;4;25;2025-03;1;;FALSE;FALSE
25030314;redcedarfolkartfoundation;rothcapital2;100639;2025-03-03 17:08:24;657000.0;12742361;COMPLETED;4;25;2025-03;1;1;FALSE;FALSE
25030315;howellartadvisory;cassidy.mason;100635;2025-03-03 20:55:55;513000.0;75941901;COMPLETED;4;25;2025-03;3;2;TRUE;FALSE
25030401;elmsteadculturalpreservation;granitehillmuseumoflocalindu;100976;2025-03-04 08:14:45;196500.0;36058655;COMPLETED;4;25;2025-03;2;2;TRUE;FALSE
25030402;rosemontmuseumofmoderncraftd;copperlinemuseumofphotograph;100351;2025-03-04 09:53:26;726500.0;75941901;COMPLETED;4;25;2025-03;2;2;TRUE;FALSE
25030403;daniel.hall;AuggieVane;100331;2025-03-04 09:55:25;372500.0;16660212;COMPLETED;4;25;2025-03;2;2;TRUE;FALSE
25030404;theo.foster;rosemontmuseumofmoderncraftd;100572;2025-03-04 09:59:20;295500.0;45562918;COMPLETED;4;25;2025-03;5;4;TRUE;FALSE
25030405;foundryzimmermanfineobjects;andersonartadvisory;100587;2025-03-04 11:48:45;4570000.0;75941901;COMPLETED;4;25;2025-03;3;2;TRUE;FALSE
25030406;malwexler7;OscarBexley;100560;2025-03-04 12:01:36;341000.0;75941901;COMPLETED;4;25;2025-03;3;3;TRUE;FALSE
25030407;eastgateindustrialartsmuseum;cassidy.ito;100140;2025-03-04 12:15:14;205000.0;12742361;COMPLETED;4;25;2025-03;1;1;FALSE;FALSE
25030408;southbankmaritimeheritagemus;foundryzimmermanfineobjects;100319;2025-03-04 12:29:09;128000.0;45562918;COMPLETED;4;25;2025-03;1;1;FALSE;FALSE
25030409;crownyoungfineobjects;noelle.palmer;100353;2025-03-04 13:09:55;965500.0;16660212;COMPLETED;4;25;2025-03;2;2;TRUE;FALSE
25030410;psethi_family6;wexlercapital2;100987;2025-03-04 13:19:31;1055000.0;72880343;COMPLETED;4;25;2025-03;2;2;TRUE;FALSE
25030411;eastgateindustrialartsmuseum;gmercer_family1;100322;2025-03-04 13:46:04;150500.0;72880343;COMPLETED;4;25;2025-03;3;2;TRUE;FALSE
25030412;chloe.wilson;yorkfieldfurnituredesignarch;100437;2025-03-04 13:46:48;521500.0;23121126;COMPLETED;4;25;2025-03;3;3;TRUE;FALSE
25030413;northbridgemuseumofmoderncra;henry.ellis;100100;2025-03-04 14:17:47;232000.0;87292197;COMPLETED;4;25;2025-03;2;2;TRUE;FALSE
25030414;ashlandmuseumofprintedarts;chloe.wilson;100632;2025-03-04 14:22:58;201500.0;90907400;COMPLETED;4;25;2025-03;3;3;TRUE;FALSE
25030415;gran_merc4;henry.ellis;100119;2025-03-04 14:27:52;709500.0;87292197;COMPLETED;4;25;2025-03;3;2;TRUE;FALSE
25030416;windermerepublicartconservan;vcross_alt;100369;2025-03-04 14:44:27;401500.0;45562918;COMPLETED;4;25;2025-03;1;1;FALSE;FALSE
25030417;castillocollections;harper7;100645;2025-03-04 14:45:28;174500.0;35242525;COMPLETED;4;25;2025-03;2;2;TRUE;FALSE
25030418;greatlakesindustrialartsmuse;ruby.reed;100614;2025-03-04 15:12:05;3407000.0;96187039;COMPLETED;4;25;2025-03;1;1;FALSE;FALSE
25030419;CeliaSterling;elliscollections;100936;2025-03-04 16:02:57;577000.0;42365420;COMPLETED;4;25;2025-03;3;3;TRUE;FALSE
25030420;northbridgemuseumofmoderncra;stoneartadvisory;100306;2025-03-04 16:19:42;584500.0;75941901;COMPLETED;4;25;2025-03;5;4;TRUE;FALSE
25030421;eastgaterailwayhistorycenter;abigail.morgan;100561;2025-03-04 16:22:22;109500.0;72880343;FAILED;4;25;2025-03;1;;FALSE;FALSE
25030422;ashlandmuseumofprintedarts;kai.chen;100330;2025-03-04 17:15:16;467500.0;16498618;COMPLETED;4;25;2025-03;2;1;FALSE;FALSE
25030423;oakhollowmuseumofappliedarts;lana.vasquez;100301;2025-03-04 17:33:52;1172000.0;36058655;COMPLETED;4;25;2025-03;3;2;TRUE;FALSE
25030424;croth_alt;paola.santos;100279;2025-03-04 17:44:50;197500.0;77404927;COMPLETED;4;25;2025-03;2;2;TRUE;FALSE
25030425;jonah.irwin;granitehillmuseumoflocalindu;100068;2025-03-04 19:46:37;724500.0;87292197;COMPLETED;4;25;2025-03;1;1;FALSE;FALSE
25030426;harborlightmuseumofprintedar;aiden.patel;100151;2025-03-04 19:51:34;195000.0;72880343;COMPLETED;4;25;2025-03;1;1;FALSE;FALSE
25030427;adamscollections;howardfineobjects;100738;2025-03-04 19:51:54;1467000.0;36058655;COMPLETED;4;25;2025-03;1;1;FALSE;FALSE
25030428;elliscollections;oakhollowmuseumofappliedarts;100539;2025-03-04 20:07:31;586500.0;16498618;COMPLETED;4;25;2025-03;2;2;TRUE;FALSE
25030429;dhale_family5;helvale7;100848;2025-03-04 20:28:33;767000.0;23121126;COMPLETED;4;25;2025-03;2;2;TRUE;FALSE
25030501;ashcroftcollection;kai.chen;100062;2025-03-05 10:39:08;78600.0;16498618;COMPLETED;4;25;2025-03;3;3;TRUE;FALSE
25030502;rothcapital2;harper7;100013;2025-03-05 10:45:12;162000.0;77404927;COMPLETED;4;25;2025-03;3;2;TRUE;FALSE
25030503;theo.foster;wexlercapital2;100511;2025-03-05 11:46:55;414000.0;11220767;COMPLETED;4;25;2025-03;1;1;FALSE;FALSE
25030504;zane.thomas;bishopheritagesales;100872;2025-03-05 11:52:14;760000.0;11220767;COMPLETED;4;25;2025-03;1;1;FALSE;FALSE
25030505;redcedarfolkartfoundation;howellartadvisory;101015;2025-03-05 13:41:04;823000.0;35242525;COMPLETED;4;25;2025-03;1;1;FALSE;FALSE
25030506;liucollections;camila.park;100924;2025-03-05 13:52:39;704500.0;87292197;COMPLETED;4;25;2025-03;2;2;TRUE;FALSE
25030507;croth_alt;foundrybennettfineobjects;101014;2025-03-05 13:54:59;294000.0;87658927;COMPLETED;4;25;2025-03;1;1;FALSE;FALSE
25030508;DominicHale;henry.franklin;100782;2025-03-05 14:50:05;893000.0;;PENDING;4;25;2025-03;3;;TRUE;FALSE
25030509;quinn.cho;vanefamilyoffice;101002;2025-03-05 14:50:15;541500.0;75941901;COMPLETED;4;25;2025-03;2;2;TRUE;FALSE
25030510;sabrina.shah;greatlakesindustrialartsmuse;100590;2025-03-05 15:06:22;687500.0;45562918;COMPLETED;4;25;2025-03;2;2;TRUE;FALSE
25030511;erook_family4;gmercer_family1;100333;2025-03-05 15:32:45;95400.0;77404927;COMPLETED;4;25;2025-03;4;3;TRUE;FALSE
25030512;abigail.bennett;gmercer_family1;100347;2025-03-05 15:42:01;947500.0;12742361;CANCELLED;4;25;2025-03;2;;TRUE;FALSE
25030513;harper.flores;crossventuresart;100312;2025-03-05 16:06:08;537500.0;16498618;COMPLETED;4;25;2025-03;3;2;TRUE;FALSE
25030514;lorenzo.xu;jade.campbell;100729;2025-03-05 16:08:54;503500.0;75941901;COMPLETED;4;25;2025-03;1;1;FALSE;FALSE
25030515;vivienne.cross;camila.park;100318;2025-03-05 16:25:45;219500.0;77404927;COMPLETED;4;25;2025-03;2;2;TRUE;FALSE
25030516;akira.bennett;vanecapital2;100622;2025-03-05 16:31:56;696000.0;16498618;COMPLETED;4;25;2025-03;2;1;FALSE;FALSE
25030517;yasmin.roberts;stoneartadvisory;101044;2025-03-05 16:39:28;144000.0;11220767;COMPLETED;4;25;2025-03;2;1;FALSE;FALSE
25030518;fairmontdesignheritagecenter;ari.turner;100010;2025-03-05 16:56:40;155000.0;23121126;COMPLETED;4;25;2025-03;2;2;TRUE;FALSE
25030519;vanecapital2;psethi_family6;100344;2025-03-05 20:03:47;1220000.0;23121126;COMPLETED;4;25;2025-03;2;2;TRUE;FALSE
25030601;georgia.lee;wexlercollection;100453;2025-03-06 11:15:23;233500.0;;CANCELLED;4;25;2025-03;1;;FALSE;FALSE
25030602;foundryzimmermanfineobjects;dhale_family5;100784;2025-03-06 12:08:56;2646000.0;16660212;COMPLETED;4;25;2025-03;2;2;TRUE;FALSE
25030603;amir.miller;reyesfineobjects;100591;2025-03-06 12:38:40;372000.0;87292197;COMPLETED;4;25;2025-03;2;2;TRUE;FALSE
25030604;elmsteadhistoricalsociety;valecapital2;101021;2025-03-06 13:06:31;740000.0;;PENDING;4;25;2025-03;1;;FALSE;FALSE
25030605;lana.vasquez;augvane7;101020;2025-03-06 13:14:57;2164000.0;87658927;FAILED;4;25;2025-03;3;;TRUE;FALSE
25030606;castillocollections;ronashcroft7;100961;2025-03-06 14:22:29;1414000.0;16660212;COMPLETED;4;25;2025-03;2;2;TRUE;FALSE
25030607;granitehillmuseumoflocalindu;lana.vasquez;100446;2025-03-06 14:33:11;300500.0;72880343;FAILED;4;25;2025-03;2;;TRUE;FALSE
25030608;CelesteRoth;lucia.knight;100803;2025-03-06 16:20:24;695500.0;23121126;COMPLETED;4;25;2025-03;3;3;TRUE;FALSE
25030609;julia.roberts;nadi_whit5;100044;2025-03-06 17:15:49;153000.0;16660212;COMPLETED;4;25;2025-03;1;1;FALSE;FALSE
25030610;wexlercollection;nadia_whitmore;101065;2025-03-06 17:44:37;387000.0;16498618;COMPLETED;4;25;2025-03;2;2;TRUE;FALSE
25030611;oakhollowmuseumofappliedarts;davisauctionpartners;100032;2025-03-06 20:38:14;157000.0;72880343;COMPLETED;4;25;2025-03;2;2;TRUE;FALSE
25030701;MWexler;andersonartadvisory;101250;2025-03-07 10:55:14;1080000.0;90907400;COMPLETED;4;25;2025-03;1;1;FALSE;FALSE
25030702;meridianmillercollections;javier.hayes;100285;2025-03-07 11:24:22;206500.0;75941901;COMPLETED;4;25;2025-03;3;3;TRUE;FALSE
25030703;windermerepublicartconservan;helvale7;100916;2025-03-07 12:00:48;621500.0;23121126;COMPLETED;4;25;2025-03;2;2;TRUE;FALSE
25030704;EleanorRook;oakhollowmuseumofappliedarts;101022;2025-03-07 13:20:48;208500.0;96187039;COMPLETED;4;25;2025-03;1;1;FALSE;FALSE
25030705;anthony.garcia;ruby.reed;100252;2025-03-07 14:42:42;214500.0;35242525;COMPLETED;4;25;2025-03;2;2;TRUE;FALSE
25030706;elmsteadhistoricalsociety;ashcroftcollection;100953;2025-03-07 15:04:56;1737000.0;96187039;COMPLETED;4;25;2025-03;2;2;TRUE;FALSE
25030707;stoneheritagesales;ruby.reed;100871;2025-03-07 16:11:17;200000.0;11220767;COMPLETED;4;25;2025-03;1;1;FALSE;FALSE
25030708;sabrina.shah;ftran_westhave;100415;2025-03-07 16:19:31;779500.0;96187039;COMPLETED;4;25;2025-03;2;2;TRUE;FALSE
25030709;tariqinvests;ruby.reed;101054;2025-03-07 16:25:06;1791000.0;16498618;COMPLETED;4;25;2025-03;3;2;TRUE;FALSE
25030710;cassidy.ito;eastgateindustrialartsmuseum;100456;2025-03-07 17:02:38;433000.0;45562918;COMPLETED;4;25;2025-03;2;2;TRUE;FALSE
25030711;mwexler_alt;andersonartadvisory;100676;2025-03-07 17:08:42;313500.0;36058655;COMPLETED;4;25;2025-03;3;3;TRUE;FALSE
25030801;nadia_whitmore;psethi_family6;100960;2025-03-08 12:09:58;158000.0;16498618;REJECTED;4;25;2025-03;2;;TRUE;FALSE
25030802;HelenaVale;farah.vasquez;100818;2025-03-08 13:27:21;254500.0;96187039;COMPLETED;4;25;2025-03;1;1;FALSE;FALSE
25030803;howellartadvisory;rothartadvisory;100947;2025-03-08 15:04:55;269000.0;16498618;COMPLETED;4;25;2025-03;3;2;TRUE;FALSE
25030804;orchardhousecommunityartsfou;ftran_westhave;100817;2025-03-08 15:32:35;605000.0;23121126;COMPLETED;4;25;2025-03;1;1;FALSE;FALSE
25030805;yorkfieldfurnituredesignarch;ashcroftcollection;100873;2025-03-08 15:42:51;521000.0;11220767;COMPLETED;4;25;2025-03;1;1;FALSE;FALSE
25030806;eastgateindustrialartsmuseum;liucollections;100081;2025-03-08 15:44:29;260000.0;11220767;COMPLETED;4;25;2025-03;1;1;FALSE;FALSE
25030807;clara.ross;ashcroftcollection;100371;2025-03-08 16:49:14;431000.0;23121126;COMPLETED;4;25;2025-03;2;2;TRUE;FALSE
25030901;amir.miller;ftran_westhave;100950;2025-03-09 11:08:12;1177000.0;42365420;COMPLETED;4;25;2025-03;1;1;FALSE;FALSE
25030902;caleb.campbell;nadia_whitmore;101089;2025-03-09 14:05:06;1420000.0;16660212;COMPLETED;4;25;2025-03;1;1;FALSE;FALSE
25030903;ashcroftcapital2;crossventuresart;100994;2025-03-09 15:40:28;327000.0;42365420;COMPLETED;4;25;2025-03;2;2;TRUE;FALSE
25030904;aiden.patel;yorkfieldfurnituredesignarch;100374;2025-03-09 17:21:31;597500.0;35242525;COMPLETED;4;25;2025-03;4;4;TRUE;FALSE
25030905;eastgateindustrialartsmuseum;javier.hayes;100041;2025-03-09 19:15:40;255000.0;11220767;COMPLETED;4;25;2025-03;2;2;TRUE;FALSE
25031001;aaron.olsen;sabrina.shah;100088;2025-03-10 09:20:31;195500.0;75941901;COMPLETED;4;25;2025-03;3;2;TRUE;FALSE
25031002;gmercer_family1;howellartadvisory;100333;2025-03-10 10:33:42;89200.0;42365420;FAILED;4;25;2025-03;5;;TRUE;FALSE
25031003;abigail.bennett;ashcroftcapital2;100737;2025-03-10 10:48:34;5292000.0;87658927;COMPLETED;4;25;2025-03;3;2;TRUE;FALSE
25031004;heritagerowceramicsmuseum;rothcapital2;100573;2025-03-10 12:02:01;852000.0;42365420;COMPLETED;4;25;2025-03;1;1;FALSE;FALSE
25031005;liucollections;wexlercollection;100812;2025-03-10 12:20:37;420500.0;96187039;COMPLETED;4;25;2025-03;3;3;TRUE;FALSE
25031006;highlandartistslegacytrust;vivienne.cross;101082;2025-03-10 12:34:19;731000.0;35242525;COMPLETED;4;25;2025-03;1;1;FALSE;FALSE
25031007;wexlercapital2;farah.vasquez;100206;2025-03-10 12:44:49;321500.0;87292197;COMPLETED;4;25;2025-03;4;3;TRUE;FALSE
25031008;rohan.vasquez;fairmontmaritimeheritagemuse;100819;2025-03-10 13:45:06;942000.0;87658927;COMPLETED;4;25;2025-03;2;2;TRUE;FALSE
25031009;foxgloveartistslegacytrust;farah.vasquez;100316;2025-03-10 13:56:45;289000.0;90907400;COMPLETED;4;25;2025-03;2;2;TRUE;FALSE
25031010;granitehillmuseumoflocalindu;isaac.shah;101196;2025-03-10 14:15:43;292000.0;35242525;COMPLETED;4;25;2025-03;1;1;FALSE;FALSE
25031011;TheoKincaid;nadi_whit5;101225;2025-03-10 16:21:32;72700.0;42365420;COMPLETED;4;25;2025-03;1;1;FALSE;FALSE
25031012;nia.sims;aaron.olsen;100982;2025-03-10 16:34:36;478000.0;36058655;COMPLETED;4;25;2025-03;1;1;FALSE;FALSE
25031013;juniperridgepublicartconserv;gmercer_family1;101155;2025-03-10 16:57:30;515500.0;75941901;COMPLETED;4;25;2025-03;1;1;FALSE;FALSE
25031014;copperlinemuseumofphotograph;eastgateindustrialartsmuseum;100510;2025-03-10 17:25:02;3817000.0;96187039;COMPLETED;4;25;2025-03;1;1;FALSE;FALSE
25031015;julia.roberts;meridianmillercollections;100735;2025-03-10 17:34:48;970500.0;12742361;COMPLETED;4;25;2025-03;2;2;TRUE;FALSE
25031016;stoneheritagesales;andersonartadvisory;100113;2025-03-10 18:48:30;1200000.0;87658927;COMPLETED;4;25;2025-03;2;2;TRUE;FALSE
25031017;nia.jensen;naomi.reyes;101147;2025-03-10 20:03:34;672000.0;77404927;COMPLETED;4;25;2025-03;1;1;FALSE;FALSE
25031101;highlandartistslegacytrust;santiago.alvarez;100683;2025-03-11 10:08:21;1592000.0;87292197;COMPLETED;4;25;2025-03;2;2;TRUE;FALSE
25031102;robertsheritagesales;gmercer_family1;100959;2025-03-11 10:31:02;501000.0;16498618;COMPLETED;4;25;2025-03;1;1;FALSE;FALSE
25031103;abigail.morgan;brookfieldarchitecturalherit;100128;2025-03-11 10:40:12;610500.0;35242525;COMPLETED;4;25;2025-03;4;2;TRUE;FALSE
25031104;gmercer_family1;noelle.palmer;100475;2025-03-11 10:41:24;818500.0;87292197;COMPLETED;4;25;2025-03;3;3;TRUE;FALSE
25031105;rosemontmuseumofmoderncraftd;wexlercollection;100434;2025-03-11 10:53:30;652500.0;87292197;COMPLETED;4;25;2025-03;2;2;TRUE;FALSE
25031106;valecapital2;wexlercollection;100552;2025-03-11 11:21:47;100500.0;72880343;COMPLETED;4;25;2025-03;7;4;TRUE;FALSE
25031107;howardfineobjects;harper7;100738;2025-03-11 11:42:14;1451000.0;;CANCELLED;4;25;2025-03;2;;TRUE;FALSE
25031108;longfellowestatecollection;davisauctionpartners;101063;2025-03-11 11:54:35;508000.0;96187039;FAILED;4;25;2025-03;1;;FALSE;FALSE
25031109;yasmin.roberts;vanefamilyoffice;100133;2025-03-11 12:43:57;387000.0;87658927;COMPLETED;4;25;2025-03;1;1;FALSE;FALSE
25031110;liucollections;meridianmillercollections;100111;2025-03-11 12:45:21;598500.0;16660212;COMPLETED;4;25;2025-03;3;2;TRUE;FALSE
25031111;crosscapital2;EleanorRook;100310;2025-03-11 14:43:05;590500.0;87292197;COMPLETED;4;25;2025-03;5;4;TRUE;FALSE
25031112;isaac.shah;celine.irwin;100011;2025-03-11 15:20:43;87900.0;16660212;COMPLETED;4;25;2025-03;2;2;TRUE;FALSE
25031113;valentina.klein;avane_alt;101077;2025-03-11 15:51:50;293500.0;45562918;COMPLETED;4;25;2025-03;2;2;TRUE;FALSE
25031114;blair.kaur;psethi_family6;100117;2025-03-11 16:02:18;605000.0;87658927;COMPLETED;4;25;2025-03;2;2;TRUE;FALSE
25031115;redcedarfolkartfoundation;vanefamilyoffice;100017;2025-03-11 16:30:48;75000.0;16498618;COMPLETED;4;25;2025-03;2;2;TRUE;FALSE
25031116;ashcroftcollection;nadia_whitmore;100109;2025-03-11 17:11:13;290000.0;36058655;CANCELLED;4;25;2025-03;3;;TRUE;FALSE
25031201;priya.nelson;wexlercollection;100188;2025-03-12 09:11:16;1053000.0;87658927;COMPLETED;4;25;2025-03;1;1;FALSE;FALSE
25031202;castillocollections;orchardhousecommunityartsfou;100435;2025-03-12 10:33:17;939000.0;11220767;COMPLETED;4;25;2025-03;2;2;TRUE;FALSE
25031203;xavier.jacobs;sabrina.shah;100980;2025-03-12 10:50:23;150500.0;90907400;COMPLETED;4;25;2025-03;2;2;TRUE;FALSE
25031204;howardfineobjects;sabrina.shah;100264;2025-03-12 12:48:20;406500.0;87292197;COMPLETED;4;25;2025-03;2;2;TRUE;FALSE
25031205;stonefieldmaterialcultureins;windermeredesignheritage_org;100979;2025-03-12 13:49:55;524000.0;11220767;COMPLETED;4;25;2025-03;2;2;TRUE;FALSE
25031206;theo.kim;robertsheritagesales;100847;2025-03-12 14:48:21;524500.0;42365420;COMPLETED;4;25;2025-03;2;2;TRUE;FALSE
25031207;castillocollections;foundryzimmermanfineobjects;100714;2025-03-12 15:45:19;1344000.0;75941901;REVERSED;4;25;2025-03;3;;TRUE;FALSE
25031208;CelesteRoth;vcross_alt;101159;2025-03-12 15:57:49;360500.0;12742361;COMPLETED;4;25;2025-03;1;1;FALSE;FALSE
25031209;juniperridgeartistslegacytru;rothcapital2;100713;2025-03-12 16:51:29;2696000.0;96187039;COMPLETED;4;25;2025-03;2;2;TRUE;FALSE
25031210;wexlercapital2;windermeremuseumofmoderncraf;100594;2025-03-12 17:16:04;795000.0;42365420;COMPLETED;4;25;2025-03;4;3;TRUE;FALSE
25031211;whiteclifffolkartarchive;beatrice.kim;100695;2025-03-12 17:47:12;276500.0;23121126;COMPLETED;4;25;2025-03;1;1;FALSE;FALSE
25031212;howardfineobjects;santiago.alvarez;100462;2025-03-12 17:55:36;412500.0;87658927;COMPLETED;4;25;2025-03;4;3;TRUE;FALSE
25031301;howellartadvisory;fairmontmaritimeheritagemuse;100942;2025-03-13 09:03:46;793000.0;75941901;COMPLETED;4;25;2025-03;3;2;TRUE;FALSE
25031302;howellartadvisory;lucia.tran;100468;2025-03-13 09:45:02;758500.0;23121126;COMPLETED;4;25;2025-03;2;2;TRUE;FALSE
25031303;amir.miller;redcedarfolkartfoundation;100284;2025-03-13 10:34:56;266500.0;75941901;COMPLETED;4;25;2025-03;1;1;FALSE;FALSE
25031304;greatlakesindustrialartsmuse;adriana.adams;100975;2025-03-13 11:14:47;1454000.0;75941901;COMPLETED;4;25;2025-03;1;1;FALSE;FALSE
25031305;howellartadvisory;abigail.bennett;100523;2025-03-13 11:22:22;297000.0;87292197;COMPLETED;4;25;2025-03;3;3;TRUE;FALSE
25031306;celine.irwin;elmsteadculturalpreservation;100362;2025-03-13 11:42:43;1934000.0;35242525;COMPLETED;4;25;2025-03;3;2;TRUE;FALSE
25031307;rothcapital2;aaliyah.baker;100009;2025-03-13 12:13:23;196500.0;16660212;COMPLETED;4;25;2025-03;2;2;TRUE;FALSE
25031308;howardfineobjects;sabrina.shah;100793;2025-03-13 12:18:54;261000.0;87292197;COMPLETED;4;25;2025-03;3;3;TRUE;FALSE
25031309;naomi.reyes;northbridgemuseumofmoderncra;100876;2025-03-13 12:31:17;643500.0;23121126;COMPLETED;4;25;2025-03;1;1;FALSE;FALSE
25031310;chloe.shah;farah.vasquez;100764;2025-03-13 13:56:37;1232000.0;72880343;COMPLETED;4;25;2025-03;1;1;FALSE;FALSE
25031311;reina.rivera;gran_merc4;101001;2025-03-13 15:03:52;137000.0;11220767;COMPLETED;4;25;2025-03;2;2;TRUE;FALSE
25031312;ruby.reed;cassidy.ito;100768;2025-03-13 15:24:01;1028000.0;90907400;COMPLETED;4;25;2025-03;1;1;FALSE;FALSE
25031313;foundrybennettfineobjects;celine.irwin;100886;2025-03-13 15:26:50;252500.0;35242525;COMPLETED;4;25;2025-03;2;2;TRUE;FALSE
25031314;pineharborrailwayhistorycent;erook_family4;100060;2025-03-13 16:37:03;335000.0;36058655;COMPLETED;4;25;2025-03;2;2;TRUE;FALSE
25031315;crossventuresart;blair.kaur;100927;2025-03-13 16:43:54;362500.0;75941901;COMPLETED;4;25;2025-03;2;2;TRUE;FALSE
25031316;vivienne.cross;crownyoungfineobjects;101005;2025-03-13 17:20:49;71300.0;96187039;COMPLETED;4;25;2025-03;1;1;FALSE;FALSE
25031317;andersonartadvisory;lucia.knight;100550;2025-03-13 17:24:20;422000.0;90907400;COMPLETED;4;25;2025-03;2;2;TRUE;FALSE
25031318;howellartadvisory;lana.vasquez;101095;2025-03-13 18:39:59;1486000.0;96187039;REJECTED;4;25;2025-03;2;;TRUE;FALSE
25031319;psethi_family6;beatrice.kim;100700;2025-03-13 19:57:02;1105000.0;72880343;COMPLETED;4;25;2025-03;4;2;TRUE;FALSE
25031401;imani.thomas;akira.bennett;100607;2025-03-14 08:20:21;868500.0;23121126;COMPLETED;4;25;2025-03;3;2;TRUE;FALSE
25031402;granitehillmuseumoflocalindu;valecapital2;100446;2025-03-14 09:12:33;336000.0;87292197;COMPLETED;4;25;2025-03;3;2;TRUE;FALSE
25031403;quinn.cho;ruby.reed;100586;2025-03-14 12:13:23;3016000.0;87658927;COMPLETED;4;25;2025-03;1;1;FALSE;FALSE
25031404;reina.sullivan;ashcroftcollection;101172;2025-03-14 13:14:44;215500.0;72880343;COMPLETED;4;25;2025-03;1;1;FALSE;FALSE
25031405;foundrybennettfineobjects;jocelyn.huang;100363;2025-03-14 13:47:24;546000.0;87658927;COMPLETED;4;25;2025-03;4;3;TRUE;FALSE
25031406;akira.bennett;santiago.jordan;100183;2025-03-14 14:05:13;1335000.0;96187039;COMPLETED;4;25;2025-03;1;1;FALSE;FALSE
25031407;rosemontdesignheritagecenter;windermeredesignheritage_org;100530;2025-03-14 14:26:56;874000.0;16498618;COMPLETED;4;25;2025-03;1;1;FALSE;FALSE
25031408;vanefamilyoffice;northbridgemuseumofmoderncra;100326;2025-03-14 14:32:51;61100.0;87292197;COMPLETED;4;25;2025-03;2;2;TRUE;FALSE
25031409;imani.reed;santiago.jordan;100546;2025-03-14 15:37:05;887000.0;77404927;COMPLETED;4;25;2025-03;1;1;FALSE;FALSE
25031410;abigail.martinez;windermerepublicartconservan;100473;2025-03-14 15:49:14;939500.0;12742361;COMPLETED;4;25;2025-03;2;2;TRUE;FALSE
25031411;howardfineobjects;abigail.morgan;100738;2025-03-14 16:10:58;1445000.0;;CANCELLED;4;25;2025-03;3;;TRUE;FALSE
25031412;augvane7;ronashcroft7;100978;2025-03-14 16:19:38;570000.0;75941901;COMPLETED;4;25;2025-03;2;2;TRUE;FALSE
25031413;avane_alt;clara.ross;100998;2025-03-14 17:02:32;280000.0;96187039;COMPLETED;4;25;2025-03;2;2;TRUE;FALSE
25031414;foundryzimmermanfineobjects;ruby.reed;100826;2025-03-14 17:42:10;571500.0;75941901;COMPLETED;4;25;2025-03;2;2;TRUE;FALSE
25031415;howardfineobjects;crossventuresart;100605;2025-03-14 17:57:56;215000.0;72880343;COMPLETED;4;25;2025-03;3;3;TRUE;FALSE
25031501;dhale_family5;augvan_hold1;100875;2025-03-15 10:13:31;881500.0;75941901;COMPLETED;4;25;2025-03;3;3;TRUE;FALSE
25031502;liucollections;blair.kaur;100361;2025-03-15 11:18:35;464000.0;72880343;COMPLETED;4;25;2025-03;4;3;TRUE;FALSE
25031503;mwexler_alt;ashlanddecorativeartsarchive;100983;2025-03-15 11:20:18;743000.0;16660212;COMPLETED;4;25;2025-03;1;1;FALSE;FALSE
25031504;cedarpointculturalmemoryproj;davisauctionpartners;100518;2025-03-15 12:40:09;1409000.0;16660212;FAILED;4;25;2025-03;2;;FALSE;FALSE
25031505;oakhollowmuseumofappliedarts;castillocollections;100626;2025-03-15 13:10:22;2522000.0;42365420;COMPLETED;4;25;2025-03;1;1;FALSE;FALSE
25031506;fairmontmaritimeheritagemuse;southbankmaritimeheritagemus;100602;2025-03-15 14:28:09;464500.0;87658927;COMPLETED;4;25;2025-03;1;1;FALSE;FALSE
25031507;OscarBexley;helval_hold6;101144;2025-03-15 15:38:39;220500.0;23121126;COMPLETED;4;25;2025-03;1;1;FALSE;FALSE
25031508;GrantMercer;malwexler7;100708;2025-03-15 16:00:18;1717000.0;35242525;COMPLETED;4;25;2025-03;2;2;TRUE;FALSE
25031509;wexlercollection;ari.turner;100552;2025-03-15 19:09:18;92800.0;87292197;FAILED;4;25;2025-03;8;;TRUE;FALSE
25031601;CeliaSterling;santiago.alvarez;101243;2025-03-16 10:54:18;335500.0;36058655;COMPLETED;4;25;2025-03;1;1;FALSE;FALSE
25031602;cassidy.mason;farahholdings1;100997;2025-03-16 12:17:34;456500.0;72880343;COMPLETED;4;25;2025-03;2;2;TRUE;FALSE
25031603;windermeredesignheritage_org;vanefamilyoffice;100979;2025-03-16 13:04:12;539000.0;;PENDING;4;25;2025-03;3;;TRUE;FALSE
25031604;davisauctionpartners;howellartadvisory;100074;2025-03-16 13:55:23;418000.0;;FAILED;4;25;2025-03;3;;TRUE;FALSE
25031605;vanefamilyoffice;crosscapital2;100368;2025-03-16 14:16:13;286000.0;;CANCELLED;4;25;2025-03;2;;TRUE;FALSE
25031701;choiartadvisory;santiago.jordan;101050;2025-03-17 09:00:31;877500.0;72880343;REJECTED;4;25;2025-03;1;;FALSE;FALSE
25031702;naomi.reyes;kai.romero;100213;2025-03-17 09:09:47;93800.0;16498618;COMPLETED;4;25;2025-03;3;3;TRUE;FALSE
25031703;cassidy.mason;rothcapital2;100463;2025-03-17 09:52:30;427500.0;75941901;COMPLETED;4;25;2025-03;2;2;TRUE;FALSE
25031704;ruby.reed;foundryzimmermanfineobjects;100056;2025-03-17 10:02:59;236000.0;77404927;COMPLETED;4;25;2025-03;4;3;TRUE;FALSE
25031705;choiartadvisory;psethi_family6;101050;2025-03-17 11:11:18;882000.0;36058655;COMPLETED;4;25;2025-03;2;1;FALSE;FALSE
25031706;GrantMercer;liucollections;101033;2025-03-17 12:14:55;878000.0;72880343;COMPLETED;4;25;2025-03;1;1;FALSE;FALSE
25031707;CeliaSterling;ashcroftcapital2;100667;2025-03-17 12:32:08;263500.0;11220767;COMPLETED;4;25;2025-03;2;2;TRUE;FALSE
25031708;davisauctionpartners;farah.vasquez;100074;2025-03-17 13:48:57;431000.0;42365420;COMPLETED;4;25;2025-03;4;2;TRUE;FALSE
25031709;PriyaSethi;foundrybennettfineobjects;100940;2025-03-17 14:12:30;1226000.0;75941901;COMPLETED;4;25;2025-03;1;1;FALSE;FALSE
25031710;franklincollections;ruby.reed;101120;2025-03-17 14:12:40;1884000.0;16660212;REJECTED;4;25;2025-03;1;;FALSE;FALSE
25031711;redcedarfolkartfoundation;northbridgemuseumofmoderncra;100553;2025-03-17 14:20:47;240000.0;36058655;COMPLETED;4;25;2025-03;1;1;FALSE;FALSE
25031712;howellartadvisory;avane_alt;101095;2025-03-17 15:29:31;1345000.0;72880343;COMPLETED;4;25;2025-03;3;2;TRUE;FALSE
25031713;harper.ellis;jocelyn.huang;100549;2025-03-17 16:08:11;1938000.0;77404927;COMPLETED;4;25;2025-03;1;1;FALSE;FALSE
25031714;mwexler_alt;howellartadvisory;101007;2025-03-17 17:17:29;1207000.0;16498618;COMPLETED;4;25;2025-03;1;1;FALSE;FALSE
25031801;emilia.cho;vanefamilyoffice;100565;2025-03-18 08:08:09;466000.0;23121126;COMPLETED;4;25;2025-03;2;2;TRUE;FALSE
25031802;sabrina.shah;timberlinerestorationfoundat;100474;2025-03-18 08:37:23;1052000.0;35242525;COMPLETED;4;25;2025-03;3;2;TRUE;FALSE
25031803;ramirezauctionpartners;imani.thomas;101037;2025-03-18 08:47:38;1474000.0;42365420;COMPLETED;4;25;2025-03;2;2;TRUE;FALSE
25031804;TheoKincaid;ari.turner;101117;2025-03-18 09:17:27;1024000.0;96187039;COMPLETED;4;25;2025-03;1;1;FALSE;FALSE
25031805;AuggieVane;adriana.adams;100131;2025-03-18 09:57:35;678500.0;16498618;COMPLETED;4;25;2025-03;2;2;TRUE;FALSE
25031806;fairmontmaritimeheritagemuse;martinheritagesales;100851;2025-03-18 10:42:41;580000.0;72880343;COMPLETED;4;25;2025-03;3;2;TRUE;FALSE
25031807;celine.norris;santiago.alvarez;100887;2025-03-18 12:01:30;277000.0;42365420;COMPLETED;4;25;2025-03;1;1;FALSE;FALSE
25031808;tanglewoodmuseumofmoderncraf;robertsheritagesales;100314;2025-03-18 12:36:20;145000.0;35242525;CANCELLED;4;25;2025-03;1;;FALSE;FALSE
25031809;augvan_hold1;DominicHale;100340;2025-03-18 13:24:19;506000.0;87658927;COMPLETED;4;25;2025-03;4;4;TRUE;FALSE
25031810;howellartadvisory;foxgloveartistslegacytrust;100501;2025-03-18 13:47:32;755000.0;45562918;COMPLETED;4;25;2025-03;2;2;TRUE;FALSE
25031811;rosemontmuseumofmoderncraftd;ari.turner;100536;2025-03-18 13:50:15;194500.0;87658927;COMPLETED;4;25;2025-03;1;1;FALSE;FALSE
25031812;renee.kim;lucia.knight;100520;2025-03-18 13:59:56;614500.0;87292197;COMPLETED;4;25;2025-03;1;1;FALSE;FALSE
25031813;rosemontmuseumofmoderncraftd;nathan58;100394;2025-03-18 14:08:04;332000.0;23121126;COMPLETED;4;25;2025-03;2;2;TRUE;FALSE
25031814;vivienne.cross;GrantMercer;101018;2025-03-18 14:41:30;413000.0;96187039;COMPLETED;4;25;2025-03;2;2;TRUE;FALSE
25031815;greatlakesindustrialartsmuse;abigail.morgan;100590;2025-03-18 14:46:19;611500.0;;CANCELLED;4;25;2025-03;3;;TRUE;FALSE
25031816;bishopheritagesales;granitehillbotanicalheritage;100964;2025-03-18 14:57:31;174500.0;96187039;COMPLETED;4;25;2025-03;1;1;FALSE;FALSE
25031817;croth_alt;clara.yoon;101004;2025-03-18 15:16:57;315500.0;90907400;COMPLETED;4;25;2025-03;1;1;FALSE;FALSE
25031818;cassidy.ito;georgia_elli;100140;2025-03-18 15:18:57;213000.0;;CANCELLED;4;25;2025-03;2;;TRUE;FALSE
25031819;sofia.hayes;DominicHale;101171;2025-03-18 16:45:45;1493000.0;35242525;COMPLETED;4;25;2025-03;1;1;FALSE;FALSE
25031820;yasmin.roberts;CelesteRoth;100432;2025-03-18 18:20:28;404000.0;45562918;COMPLETED;4;25;2025-03;2;1;FALSE;FALSE
25031821;elliscollections;ashcroftcollection;100765;2025-03-18 18:40:06;544500.0;87292197;COMPLETED;4;25;2025-03;1;1;FALSE;FALSE
25031901;vanefamilyoffice;vivienne.cross;100476;2025-03-19 09:06:50;494500.0;11220767;REVERSED;4;25;2025-03;4;;TRUE;FALSE
25031902;javier.hayes;stoneheritagesales;100862;2025-03-19 09:24:41;950000.0;16660212;COMPLETED;4;25;2025-03;1;1;FALSE;FALSE
25031903;anthony.garcia;daniel.hall;100795;2025-03-19 09:29:38;576000.0;11220767;COMPLETED;4;25;2025-03;2;2;TRUE;FALSE
25031904;rothartadvisory;castillocollections;101193;2025-03-19 09:50:15;295500.0;75941901;CANCELLED;4;25;2025-03;1;;FALSE;FALSE
25031905;elliscollections;adamscollections;100204;2025-03-19 10:00:23;152500.0;75941901;COMPLETED;4;25;2025-03;3;3;TRUE;FALSE
25031906;brookfieldhistorichousefound;crossventuresart;100498;2025-03-19 10:14:04;1908000.0;36058655;COMPLETED;4;25;2025-03;4;3;TRUE;FALSE
25031907;TheoKincaid;rohan.vasquez;101042;2025-03-19 11:11:48;883500.0;45562918;COMPLETED;4;25;2025-03;1;1;FALSE;FALSE
25031908;elmsteadhistoricalsociety;malwexler7;101021;2025-03-19 11:13:14;612000.0;72880343;COMPLETED;4;25;2025-03;2;1;FALSE;FALSE
25031909;zane.thomas;adamscollections;100604;2025-03-19 11:40:00;704500.0;35242525;COMPLETED;4;25;2025-03;3;2;TRUE;FALSE
25031910;mina.singh;daniel.hall;100699;2025-03-19 11:53:41;630000.0;23121126;COMPLETED;4;25;2025-03;1;1;FALSE;FALSE
25031911;elmsteadculturalmemoryprojec;liucollections;100595;2025-03-19 12:00:11;892000.0;87658927;COMPLETED;4;25;2025-03;1;1;FALSE;FALSE
25031912;howardfineobjects;malik.johnson;100121;2025-03-19 12:13:36;382500.0;23121126;COMPLETED;4;25;2025-03;2;2;TRUE;FALSE
25031913;harper7;yorkfieldfurnituredesignarch;100771;2025-03-19 12:17:28;355500.0;77404927;COMPLETED;4;25;2025-03;3;3;TRUE;FALSE
25031914;mwexler_alt;southbanktextilearchive;101176;2025-03-19 12:29:25;262000.0;42365420;COMPLETED;4;25;2025-03;1;1;FALSE;FALSE
25031915;wexlercollection;vanefamilyoffice;100745;2025-03-19 13:15:57;467000.0;75941901;COMPLETED;4;25;2025-03;4;3;TRUE;FALSE
25031916;quinn.campbell;howardfineobjects;100019;2025-03-19 14:50:19;140000.0;90907400;COMPLETED;4;25;2025-03;2;2;TRUE;FALSE
25031917;greatlakesindustrialartsmuse;priya.nelson;100417;2025-03-19 14:53:28;3314000.0;87658927;COMPLETED;4;25;2025-03;4;2;TRUE;FALSE
25031918;fairmontmaritimeheritagemuse;juniperridgeartistslegacytru;101024;2025-03-19 15:27:34;283000.0;96187039;COMPLETED;4;25;2025-03;2;2;TRUE;FALSE
25031919;meridianhassancollections;cassidy.ito;101245;2025-03-19 15:28:42;658500.0;75941901;COMPLETED;4;25;2025-03;1;1;FALSE;FALSE
25031920;elliscollections;ruby.reed;101115;2025-03-19 15:30:34;536500.0;42365420;COMPLETED;4;25;2025-03;1;1;FALSE;FALSE
25031921;harborlightdecorativeartsarc;redcedarfolkartfoundation;101182;2025-03-19 15:54:09;677500.0;;PENDING;4;25;2025-03;1;;FALSE;FALSE
25031922;isaac.rivera;abigail.morgan;101000;2025-03-19 16:03:50;571500.0;77404927;COMPLETED;4;25;2025-03;1;1;FALSE;FALSE
25031923;farah.vasquez;castillocollections;100818;2025-03-19 16:21:41;254000.0;12742361;COMPLETED;4;25;2025-03;2;2;TRUE;FALSE
25031924;arcadialamauctions;ftran_westhave;100733;2025-03-19 16:46:57;3443000.0;87658927;COMPLETED;4;25;2025-03;1;1;FALSE;FALSE
25031925;malik.johnson;howardfineobjects;100321;2025-03-19 18:12:23;125500.0;77404927;COMPLETED;4;25;2025-03;4;2;TRUE;FALSE
25031926;bellwethermaterialcultureins;imani.reed;100046;2025-03-19 18:38:18;225000.0;72880343;REJECTED;4;25;2025-03;2;;FALSE;FALSE
25031927;abigail.martinez;ari.turner;100273;2025-03-19 20:11:53;553000.0;12742361;COMPLETED;4;25;2025-03;5;3;TRUE;FALSE
25031928;redcedarfolkartfoundation;aaron.olsen;100527;2025-03-19 20:47:44;1344000.0;45562918;COMPLETED;4;25;2025-03;1;1;FALSE;FALSE
25032001;yara.flores;abigail.bennett;100895;2025-03-20 08:12:42;2370000.0;36058655;COMPLETED;4;25;2025-03;1;1;FALSE;FALSE
25032002;GrantMercer;meridianmillercollections;101094;2025-03-20 10:36:49;1225000.0;96187039;COMPLETED;4;25;2025-03;2;2;TRUE;FALSE
25032003;khalil.kapoor;OscarBexley;100911;2025-03-20 11:17:18;4813000.0;96187039;COMPLETED;4;25;2025-03;1;1;FALSE;FALSE
25032004;bobby;ashcroftcollection;100146;2025-03-20 11:18:08;254000.0;45562918;COMPLETED;4;25;2025-03;2;2;TRUE;FALSE
25032005;crosscapital2;cassidy.ito;100211;2025-03-20 12:20:23;869500.0;87658927;COMPLETED;4;25;2025-03;4;2;TRUE;FALSE
25032006;kai.zimmerman;rothartadvisory;100939;2025-03-20 13:14:40;1929000.0;16498618;COMPLETED;4;25;2025-03;1;1;FALSE;FALSE
25032007;howellartadvisory;ashcroftcapital2;101028;2025-03-20 13:23:51;413000.0;96187039;COMPLETED;4;25;2025-03;3;3;TRUE;FALSE
25032008;avane_alt;GrantMercer;101123;2025-03-20 13:29:50;243500.0;45562918;COMPLETED;4;25;2025-03;1;1;FALSE;FALSE
25032009;malik.johnson;foundryxucollections;100290;2025-03-20 14:05:36;2060000.0;12742361;COMPLETED;4;25;2025-03;2;1;FALSE;FALSE
25032010;elmsteadhistoricalsociety;valecapital2;101240;2025-03-20 14:11:21;422000.0;35242525;COMPLETED;4;25;2025-03;1;1;FALSE;FALSE
25032011;celi_ster3;rosemontmuseumofmoderncraftd;100710;2025-03-20 14:24:18;1155000.0;16660212;COMPLETED;4;25;2025-03;2;2;TRUE;FALSE
25032012;adamscollections;santiago.alvarez;101057;2025-03-20 14:50:00;729500.0;16498618;COMPLETED;4;25;2025-03;1;1;FALSE;FALSE
25032013;liucollections;HelenaVale;101033;2025-03-20 15:55:03;934500.0;16660212;REVERSED;4;25;2025-03;2;;TRUE;FALSE
25032014;bobby;ashlandmuseumofprintedarts;100200;2025-03-20 16:29:51;766500.0;96187039;COMPLETED;4;25;2025-03;2;2;TRUE;FALSE
25032015;harborlightmuseumofprintedar;andersonartadvisory;100270;2025-03-20 16:48:12;746500.0;90907400;COMPLETED;4;25;2025-03;3;2;TRUE;FALSE
25032016;tariqinvests;chloe.wilson;100758;2025-03-20 17:04:30;662500.0;87292197;COMPLETED;4;25;2025-03;2;2;TRUE;FALSE
25032017;isaac.shah;malwexler7;101191;2025-03-20 17:44:55;452000.0;87658927;COMPLETED;4;25;2025-03;1;1;FALSE;FALSE
25032018;malik.johnson;GrantMercer;100901;2025-03-20 20:17:32;551000.0;87658927;COMPLETED;4;25;2025-03;2;2;TRUE;FALSE
25032101;imani.reed;cassidy.ito;100637;2025-03-21 08:37:19;499500.0;45562918;COMPLETED;4;25;2025-03;4;3;TRUE;FALSE
25032102;meridianmillercollections;TheoKincaid;100339;2025-03-21 08:56:14;984000.0;16498618;COMPLETED;4;25;2025-03;2;2;TRUE;FALSE
25032103;celine.irwin;quinn.campbell;100091;2025-03-21 09:18:10;390000.0;42365420;COMPLETED;4;25;2025-03;2;2;TRUE;FALSE
25032104;cassidy.mason;andersonartadvisory;100235;2025-03-21 09:40:01;205500.0;72880343;COMPLETED;4;25;2025-03;3;3;TRUE;FALSE
25032105;tariqinvests;celrot_hold2;100842;2025-03-21 10:20:24;552500.0;90907400;COMPLETED;4;25;2025-03;3;3;TRUE;FALSE
25032106;sabrina.shah;valecapital2;100912;2025-03-21 10:39:28;294500.0;77404927;COMPLETED;4;25;2025-03;2;2;TRUE;FALSE
25032107;keystonepatelfineobjects;northbridgemuseumofmoderncra;100838;2025-03-21 10:42:48;329000.0;87292197;COMPLETED;4;25;2025-03;1;1;FALSE;FALSE
25032108;CelesteRoth;augvan_hold1;101142;2025-03-21 11:40:32;517500.0;42365420;COMPLETED;4;25;2025-03;1;1;FALSE;FALSE
25032109;ronanA;ashcroftcapital2;101167;2025-03-21 12:38:47;3212000.0;23121126;COMPLETED;4;25;2025-03;1;1;FALSE;FALSE
25032110;robertsheritagesales;crosscapital2;101156;2025-03-21 12:41:39;3578000.0;96187039;COMPLETED;4;25;2025-03;1;1;FALSE;FALSE
25032111;orchardhousecommunityartsfou;gianna.young;100185;2025-03-21 12:44:51;1424000.0;72880343;COMPLETED;4;25;2025-03;1;1;FALSE;FALSE
25032112;sabrina.shah;psethi_family6;101221;2025-03-21 12:48:15;2034000.0;36058655;COMPLETED;4;25;2025-03;1;1;FALSE;FALSE
25032113;foundrybennettfineobjects;ashcroftcollection;100286;2025-03-21 12:51:08;562500.0;35242525;REJECTED;4;25;2025-03;5;;TRUE;FALSE
25032114;crossventuresart;theo_kinc2;100194;2025-03-21 14:24:18;200500.0;11220767;COMPLETED;4;25;2025-03;3;3;TRUE;FALSE
25032115;croth_alt;vcross_alt;101207;2025-03-21 14:45:53;447000.0;11220767;COMPLETED;4;25;2025-03;1;1;FALSE;FALSE
25032116;jade.campbell;ruby.reed;100627;2025-03-21 15:22:11;1224000.0;35242525;COMPLETED;4;25;2025-03;1;1;FALSE;FALSE
25032117;rothartadvisory;dhale_family5;101193;2025-03-21 15:40:38;299500.0;75941901;COMPLETED;4;25;2025-03;2;1;FALSE;FALSE
25032118;meridianmillercollections;crossventuresart;100900;2025-03-21 15:57:24;965000.0;90907400;COMPLETED;4;25;2025-03;2;2;TRUE;FALSE
25032119;ronashcroft7;augvan_hold1;100324;2025-03-21 17:01:54;405500.0;16660212;COMPLETED;4;25;2025-03;2;2;TRUE;FALSE
25032120;heritagerowmaterialculturein;vanecapital2;100990;2025-03-21 17:06:36;323000.0;42365420;COMPLETED;4;25;2025-03;2;2;TRUE;FALSE
25032121;davisauctionpartners;ashcroftcollection;100747;2025-03-21 18:09:35;740500.0;16660212;COMPLETED;4;25;2025-03;3;3;TRUE;FALSE
25032122;nia.sims;chloe.wilson;100892;2025-03-21 19:41:54;71300.0;36058655;COMPLETED;4;25;2025-03;1;1;FALSE;FALSE
25032123;abigail.martinez;khalil.johnson;100707;2025-03-21 19:49:45;2143000.0;36058655;COMPLETED;4;25;2025-03;1;1;FALSE;FALSE
25032201;tanglewoodfolkartarchive;rosemontmuseumofmoderncraftd;100469;2025-03-22 09:33:49;7208000.0;23121126;COMPLETED;4;25;2025-03;1;1;FALSE;FALSE
25032202;cassidy.ito;julia.roberts;100557;2025-03-22 10:22:27;610500.0;87292197;COMPLETED;4;25;2025-03;2;2;TRUE;FALSE
25032203;jocelyn.huang;davisauctionpartners;100730;2025-03-22 10:34:12;1564000.0;75941901;COMPLETED;4;25;2025-03;1;1;FALSE;FALSE
25032204;windermerepublicartconservan;reina.reed;100225;2025-03-22 10:37:02;134000.0;11220767;COMPLETED;4;25;2025-03;1;1;FALSE;FALSE
25032205;crosscapital2;abigail.bennett;100969;2025-03-22 11:11:42;161000.0;75941901;COMPLETED;4;25;2025-03;2;2;TRUE;FALSE
25032206;parkhurstpublicartconservanc;caesar;101174;2025-03-22 11:47:07;246500.0;45562918;COMPLETED;4;25;2025-03;1;1;FALSE;FALSE
25032207;DominicHale;vivcross7;101025;2025-03-22 14:30:19;550500.0;;PENDING;4;25;2025-03;1;;FALSE;FALSE
25032208;HelenaVale;farah.vasquez;101213;2025-03-22 15:05:35;380000.0;12742361;COMPLETED;4;25;2025-03;1;1;FALSE;FALSE
25032301;emilia.yoon;clara.ross;100719;2025-03-23 10:42:48;686000.0;87658927;COMPLETED;4;25;2025-03;1;1;FALSE;FALSE
25032302;leo.lane;vivcro_hold4;100661;2025-03-23 13:04:01;306500.0;23121126;REVERSED;4;25;2025-03;1;;FALSE;FALSE
25032401;nadi_whit5;daniel.campbell;100967;2025-03-24 13:58:00;331500.0;;PENDING;4;25;2025-03;3;;TRUE;FALSE
25032402;liucollections;crosscapital2;100081;2025-03-24 16:32:55;274500.0;72880343;COMPLETED;4;25;2025-03;2;2;TRUE;FALSE
25032403;ruby.reed;celine.irwin;100614;2025-03-24 17:05:58;3253000.0;23121126;COMPLETED;4;25;2025-03;2;2;TRUE;FALSE
25032501;wexlercapital2;vcross_alt;100511;2025-03-25 10:48:31;422000.0;90907400;COMPLETED;4;25;2025-03;2;2;TRUE;FALSE
25032502;nathan58;windermerepublicartconservan;100802;2025-03-25 13:21:17;1293000.0;77404927;REJECTED;4;25;2025-03;2;;TRUE;FALSE
25032503;southbankmaterialcultureinst;northbridgemuseumofmoderncra;100190;2025-03-25 14:28:55;127500.0;;CANCELLED;4;25;2025-03;1;;FALSE;FALSE
25032601;windermerepublicartconservan;reina.chen;100404;2025-03-26 09:33:35;495500.0;45562918;CANCELLED;4;25;2025-03;3;;TRUE;FALSE
25032602;crossventuresart;ashcroftcapital2;100472;2025-03-26 11:36:19;1168000.0;12742361;REJECTED;4;25;2025-03;3;;TRUE;FALSE
25032603;meridianmillercollections;valecapital2;100735;2025-03-26 16:01:18;976000.0;;PENDING;4;25;2025-03;3;;TRUE;FALSE
25032604;meridiancolemancollections;CeliaSterling;100898;2025-03-26 17:22:52;762500.0;87658927;COMPLETED;4;25;2025-03;1;1;FALSE;FALSE
25032701;gmercer_family1;atlastaylorauctions;100220;2025-03-27 09:29:07;297000.0;12742361;REJECTED;4;25;2025-03;2;;TRUE;FALSE
25032702;wellingtonmaterialcultureins;liucollections;100585;2025-03-27 14:21:42;854500.0;;PENDING;4;25;2025-03;1;;FALSE;FALSE
25032801;ruby.reed;nathan58;100826;2025-03-28 17:00:45;553500.0;;PENDING;4;25;2025-03;3;;TRUE;FALSE
25032901;emilia.ortiz;vanecapital2;100849;2025-03-29 10:18:36;464500.0;23121126;COMPLETED;4;25;2025-03;1;1;FALSE;FALSE
25033101;northbridgemuseumofmoderncra;quinn.campbell;101208;2025-03-31 08:35:26;139500.0;45562918;COMPLETED;4;25;2025-03;1;1;FALSE;FALSE
25033102;mina.singh;celine.palmer;101131;2025-03-31 09:24:09;573000.0;16498618;COMPLETED;4;25;2025-03;1;1;FALSE;FALSE
25033103;atlaspatelauctions;windermeremuseumofmoderncraf;101118;2025-03-31 10:01:23;188500.0;16498618;COMPLETED;4;25;2025-03;1;1;FALSE;FALSE
25033104;crossventuresart;heritagerowceramicsmuseum;101108;2025-03-31 12:13:46;202500.0;72880343;COMPLETED;4;25;2025-03;1;1;FALSE;FALSE
25033105;vivienne.cross;bobby;101195;2025-03-31 12:47:01;238000.0;42365420;COMPLETED;4;25;2025-03;1;1;FALSE;FALSE
25033106;howellartadvisory;imani.thomas;101105;2025-03-31 12:57:19;1390000.0;72880343;COMPLETED;4;25;2025-03;1;1;FALSE;FALSE
25033107;vanefamilyoffice;reina.chen;101241;2025-03-31 13:56:37;579000.0;75941901;COMPLETED;4;25;2025-03;1;1;FALSE;FALSE
25033108;howardfineobjects;PriyaSethi;101107;2025-03-31 14:42:46;404000.0;23121126;COMPLETED;4;25;2025-03;1;1;FALSE;FALSE
25033109;blair.kaur;ronanA;101203;2025-03-31 15:25:24;743500.0;16498618;COMPLETED;4;25;2025-03;1;1;FALSE;FALSE
25033110;rosemontmuseumofmoderncraftd;meridianmillercollections;100469;2025-03-31 15:43:12;7138000.0;;PENDING;4;25;2025-03;2;;TRUE;FALSE
25033111;anthony.garcia;davisauctionpartners;101166;2025-03-31 16:11:23;523000.0;45562918;COMPLETED;4;25;2025-03;1;1;FALSE;FALSE
25033112;daniel.ito;vanefamilyoffice;101232;2025-03-31 16:34:47;547500.0;42365420;COMPLETED;4;25;2025-03;1;1;FALSE;FALSE
25033113;DominicHale;northbridgemuseumofmoderncra;101220;2025-03-31 17:08:08;1007000.0;42365420;COMPLETED;4;25;2025-03;1;1;FALSE;FALSE
25033114;PriyaSethi;ashlandmuseumofprintedarts;101107;2025-03-31 17:31:58;446000.0;;PENDING;4;25;2025-03;2;;TRUE;FALSE
25033115;aaliyah.zimmerman;nwhitmore_family2;100047;2025-03-31 18:28:48;111500.0;;PENDING;4;25;2025-03;1;;FALSE;FALSE
25033116;oakhollowmuseumofappliedarts;chloe.shah;100596;2025-03-31 18:43:30;1898000.0;;PENDING;4;25;2025-03;5;;TRUE;FALSE
25033117;nadia_whitmore;oakhollowmuseumofappliedarts;101111;2025-03-31 20:22:45;132000.0;87292197;COMPLETED;4;25;2025-03;1;1;FALSE;FALSE
25040201;vanefamilyoffice;aaron.olsen;101030;2025-04-02 08:30:57;300500.0;;CANCELLED;4;25;2025-04;3;;TRUE;FALSE
25040202;howellartadvisory;jade.campbell;100988;2025-04-02 13:38:46;235500.0;36058655;CANCELLED;4;25;2025-04;2;;TRUE;FALSE
25040301;granitehillmuseumoflocalindu;ftran_westhave;100068;2025-04-03 09:41:39;690500.0;16498618;COMPLETED;4;25;2025-04;2;2;TRUE;FALSE
25040302;elliscollections;sofia.hayes;100450;2025-04-03 11:14:51;441000.0;16660212;COMPLETED;4;25;2025-04;3;3;TRUE;FALSE
25040303;paola.santos;windermerepublicartconservan;100279;2025-04-03 11:59:28;204500.0;12742361;COMPLETED;4;25;2025-04;3;3;TRUE;FALSE
25040304;bobby;ashlandmuseumofprintedarts;100267;2025-04-03 12:02:59;812000.0;96187039;COMPLETED;4;25;2025-04;2;2;TRUE;FALSE
25040305;eva.howell;CeliaSterling;100485;2025-04-03 12:04:28;1277000.0;45562918;COMPLETED;4;25;2025-04;1;1;FALSE;FALSE
25040306;cassidy.mason;davisauctionpartners;101026;2025-04-03 12:07:27;628000.0;23121126;COMPLETED;4;25;2025-04;2;2;TRUE;FALSE
25040307;henry.ellis;nadi_whit5;100119;2025-04-03 12:11:36;694000.0;87292197;COMPLETED;4;25;2025-04;4;3;TRUE;FALSE
25040308;mina.singh;ftran_westhave;100937;2025-04-03 12:19:59;616000.0;87658927;CANCELLED;4;25;2025-04;3;;TRUE;FALSE
25040309;DominicHale;bianca.bennett;100782;2025-04-03 12:29:39;882500.0;87658927;COMPLETED;4;25;2025-04;4;3;TRUE;FALSE
25040310;santiago.alvarez;howellartadvisory;101057;2025-04-03 13:33:43;781500.0;36058655;COMPLETED;4;25;2025-04;2;2;TRUE;FALSE
25040311;windermeremuseumofmoderncraf;ari.turner;101178;2025-04-03 13:55:07;483000.0;35242525;COMPLETED;4;25;2025-04;1;1;FALSE;FALSE
25040312;TheoKincaid;keystoneandersonauctions;100258;2025-04-03 14:03:01;145000.0;96187039;REJECTED;4;25;2025-04;3;;TRUE;FALSE
25040313;aiden.patel;eastgateindustrialartsmuseum;101246;2025-04-03 15:18:09;784000.0;16498618;COMPLETED;4;25;2025-04;1;1;FALSE;FALSE
25040314;theo_kinc2;ruby.reed;101091;2025-04-03 15:25:19;222500.0;36058655;COMPLETED;4;25;2025-04;2;2;TRUE;FALSE
25040315;howellartadvisory;celine.kapoor;100170;2025-04-03 15:48:33;367000.0;23121126;COMPLETED;4;25;2025-04;3;2;TRUE;FALSE
25040316;santiago.jordan;celine.irwin;100608;2025-04-03 16:10:59;594000.0;75941901;COMPLETED;4;25;2025-04;1;1;FALSE;FALSE
25040317;windermeredesignheritage_org;andersonartadvisory;100530;2025-04-03 16:44:48;898500.0;35242525;COMPLETED;4;25;2025-04;2;2;TRUE;FALSE
25040318;windermeremuseumofmoderncraf;PriyaSethi;100148;2025-04-03 16:50:47;363500.0;36058655;COMPLETED;4;25;2025-04;1;1;FALSE;FALSE
25040319;aaron.olsen;foundrybennettfineobjects;100401;2025-04-03 16:53:35;1007000.0;36058655;COMPLETED;4;25;2025-04;2;2;TRUE;FALSE
25040401;vanefamilyoffice;DominicHale;100829;2025-04-04 09:34:10;1328000.0;;CANCELLED;4;25;2025-04;2;;TRUE;FALSE
25040402;rothcapital2;valeheritagefund;100108;2025-04-04 11:48:08;560500.0;75941901;COMPLETED;4;25;2025-04;2;2;TRUE;FALSE
25040403;crosscapital2;blair.kaur;101074;2025-04-04 11:53:40;619500.0;36058655;COMPLETED;4;25;2025-04;2;2;TRUE;FALSE
25040404;farah.vasquez;vanefamilyoffice;100074;2025-04-04 13:37:33;438500.0;42365420;COMPLETED;4;25;2025-04;5;3;TRUE;FALSE
25040405;gran_merc4;aaron.olsen;100832;2025-04-04 15:03:48;391500.0;77404927;COMPLETED;4;25;2025-04;4;3;TRUE;FALSE
25040406;gran_merc4;farah.vasquez;100690;2025-04-04 15:09:02;1239000.0;23121126;COMPLETED;4;25;2025-04;2;2;TRUE;FALSE
25040407;helvale7;vanefamilyoffice;100916;2025-04-04 16:57:26;622500.0;87658927;COMPLETED;4;25;2025-04;3;3;TRUE;FALSE
25040501;andersonartadvisory;crossventuresart;100974;2025-04-05 12:42:21;700500.0;36058655;COMPLETED;4;25;2025-04;2;2;TRUE;FALSE
25040502;elmsteadculturalpreservation;julia.roberts;100380;2025-04-05 14:55:05;420500.0;87292197;COMPLETED;4;25;2025-04;3;3;TRUE;FALSE
25040503;ashcroftcapital2;helval_hold6;100815;2025-04-05 15:41:58;368500.0;77404927;COMPLETED;4;25;2025-04;3;3;TRUE;FALSE
25040504;harper.flores;bishopheritagesales;100691;2025-04-05 16:46:46;304000.0;96187039;COMPLETED;4;25;2025-04;2;1;FALSE;FALSE
25040505;northbridgemuseumofmoderncra;jade.campbell;100876;2025-04-05 17:12:34;685500.0;45562918;COMPLETED;4;25;2025-04;2;2;TRUE;FALSE
25040506;abigail.morgan;cassidy.mason;101000;2025-04-05 19:08:49;554500.0;96187039;COMPLETED;4;25;2025-04;2;2;TRUE;FALSE
25040601;howellartadvisory;wexlercollection;101007;2025-04-06 09:29:11;1154000.0;23121126;COMPLETED;4;25;2025-04;2;2;TRUE;FALSE
25040602;meridiannorrisfineobjects;TheoKincaid;101075;2025-04-06 12:45:21;1562000.0;36058655;COMPLETED;4;25;2025-04;1;1;FALSE;FALSE
25040603;foxgloveartistslegacytrust;ravenwoodcraftpreservationso;100084;2025-04-06 13:19:35;492500.0;77404927;COMPLETED;4;25;2025-04;1;1;FALSE;FALSE
25040604;nathan58;aaron.olsen;100482;2025-04-06 13:22:15;291500.0;12742361;CANCELLED;4;25;2025-04;4;;TRUE;FALSE
25040605;atlastaylorauctions;psethi_family6;100966;2025-04-06 14:06:25;1264000.0;75941901;COMPLETED;4;25;2025-04;1;1;FALSE;FALSE
25040606;redcedarfolkartfoundation;arcadialamauctions;101097;2025-04-06 14:18:20;3355000.0;75941901;COMPLETED;4;25;2025-04;2;2;TRUE;FALSE
25040607;chloe.shah;elmsteadculturalpreservation;100448;2025-04-06 14:19:45;2022000.0;75941901;COMPLETED;4;25;2025-04;2;2;TRUE;FALSE
25040608;lucia76;crossventuresart;101124;2025-04-06 15:32:07;601000.0;75941901;COMPLETED;4;25;2025-04;1;1;FALSE;FALSE
25040609;HelenaVale;aaliyah.baker;101222;2025-04-06 15:50:39;275500.0;23121126;COMPLETED;4;25;2025-04;1;1;FALSE;FALSE
25040610;jade.campbell;tariqinvests;100541;2025-04-06 15:57:10;770000.0;42365420;COMPLETED;4;25;2025-04;1;1;FALSE;FALSE
25040611;castillocollections;crownyoungfineobjects;100626;2025-04-06 19:04:41;2642000.0;16660212;COMPLETED;4;25;2025-04;2;2;TRUE;FALSE
25040701;lucia.knight;chloe.shah;100724;2025-04-07 08:11:41;1384000.0;11220767;COMPLETED;4;25;2025-04;3;3;TRUE;FALSE
25040702;abigail.morgan;cassidy.mason;100618;2025-04-07 10:24:47;532000.0;87658927;COMPLETED;4;25;2025-04;2;2;TRUE;FALSE
25040703;wexlercollection;windermeremuseumofmoderncraf;100840;2025-04-07 10:28:19;1729000.0;45562918;REJECTED;4;25;2025-04;2;;TRUE;FALSE
25040704;oakhollowmuseumofappliedarts;davisauctionpartners;101022;2025-04-07 10:34:24;199500.0;87658927;COMPLETED;4;25;2025-04;2;2;TRUE;FALSE
25040705;yorkfieldfurnituredesignarch;brookfieldhistorichousefound;101132;2025-04-07 11:25:07;183000.0;11220767;COMPLETED;4;25;2025-04;1;1;FALSE;FALSE
25040706;martinheritagesales;jade.campbell;101119;2025-04-07 11:35:36;1481000.0;87658927;COMPLETED;4;25;2025-04;1;1;FALSE;FALSE
25040707;santiago.jordan;CelesteRoth;100291;2025-04-07 12:08:55;488500.0;45562918;COMPLETED;4;25;2025-04;2;2;TRUE;FALSE
25040708;franklincollections;ramirezauctionpartners;100097;2025-04-07 12:35:59;203500.0;23121126;COMPLETED;4;25;2025-04;2;2;TRUE;FALSE
25040709;ashcroftcollection;vanefamilyoffice;100346;2025-04-07 12:37:11;1168000.0;75941901;COMPLETED;4;25;2025-04;5;3;TRUE;FALSE
25040710;ronanA;nadia_whitmore;101148;2025-04-07 12:57:39;78500.0;36058655;COMPLETED;4;25;2025-04;1;1;FALSE;FALSE
25040711;celine.irwin;blair.kaur;100991;2025-04-07 13:09:18;628000.0;45562918;COMPLETED;4;25;2025-04;2;2;TRUE;FALSE
25040712;nadi_whit5;vanecapital2;100967;2025-04-07 14:26:58;334500.0;87658927;COMPLETED;4;25;2025-04;4;3;TRUE;FALSE
25040713;ashcroftcollection;harborlightpublicartconserva;100120;2025-04-07 15:36:57;1135000.0;;CANCELLED;4;25;2025-04;3;;TRUE;FALSE
25040714;rohan.vasquez;greatlakesindustrialartsmuse;101042;2025-04-07 16:38:12;876000.0;96187039;COMPLETED;4;25;2025-04;2;2;TRUE;FALSE
25040715;mateo.williams;howellartadvisory;101076;2025-04-07 17:29:50;403000.0;16498618;COMPLETED;4;25;2025-04;1;1;FALSE;FALSE
25040716;wexlercollection;foundryxucollections;100066;2025-04-07 19:16:40;65000.0;87658927;COMPLETED;4;25;2025-04;2;2;TRUE;FALSE
25040717;nadia_whitmore;ftran_westhave;100960;2025-04-07 20:15:46;172500.0;16498618;COMPLETED;4;25;2025-04;3;2;TRUE;FALSE
25040718;nathan58;abigail.bennett;100802;2025-04-07 20:39:08;1214000.0;96187039;COMPLETED;4;25;2025-04;3;2;TRUE;FALSE
25040801;fairmontmaritimeheritagemuse;avane_alt;100115;2025-04-08 08:15:31;561500.0;23121126;COMPLETED;4;25;2025-04;2;2;TRUE;FALSE
25040802;brookfieldarchitecturalherit;ashcroftcollection;100128;2025-04-08 09:06:20;602500.0;23121126;COMPLETED;4;25;2025-04;5;3;TRUE;FALSE
25040803;crownyoungfineobjects;zane.thomas;101005;2025-04-08 11:19:09;71900.0;87292197;COMPLETED;4;25;2025-04;2;2;TRUE;FALSE
25040804;foundrybennettfineobjects;harper.flores;100940;2025-04-08 12:26:30;1366000.0;77404927;COMPLETED;4;25;2025-04;2;2;TRUE;FALSE
25040805;julia.roberts;ashcroftcollection;100380;2025-04-08 12:39:23;416000.0;16498618;REJECTED;4;25;2025-04;4;;TRUE;FALSE
25040806;windermerepublicartconservan;naomi.reyes;100466;2025-04-08 12:50:04;1407000.0;87658927;FAILED;4;25;2025-04;4;;TRUE;FALSE
25040807;ruby.reed;caesar;100439;2025-04-08 13:20:42;912000.0;45562918;COMPLETED;4;25;2025-04;2;2;TRUE;FALSE
25040808;emilia.yoon;lucia.knight;100721;2025-04-08 14:13:55;1566000.0;16660212;COMPLETED;4;25;2025-04;1;1;FALSE;FALSE
25040809;elmsteadculturalpreservation;meridianmillercollections;101157;2025-04-08 14:18:54;164000.0;23121126;COMPLETED;4;25;2025-04;1;1;FALSE;FALSE
25040810;ethan.knight;nwhitmore_family2;101038;2025-04-08 14:22:11;498000.0;35242525;COMPLETED;4;25;2025-04;2;2;TRUE;FALSE
25040811;cassidy.ito;harper.flores;100211;2025-04-08 15:07:01;913000.0;96187039;COMPLETED;4;25;2025-04;5;3;TRUE;FALSE
25040812;nwhitmore_family2;ashcroftcollection;100868;2025-04-08 16:13:13;385500.0;35242525;COMPLETED;4;25;2025-04;2;2;TRUE;FALSE
25040813;meridianmillercollections;sabrina.shah;100241;2025-04-08 16:43:35;674500.0;16498618;COMPLETED;4;25;2025-04;2;2;TRUE;FALSE
25040814;liucollections;eastgateindustrialartsmuseum;101033;2025-04-08 16:48:09;755500.0;90907400;COMPLETED;4;25;2025-04;3;2;TRUE;FALSE
25040815;andersonartadvisory;walkercollections;101237;2025-04-08 16:57:31;484000.0;16660212;COMPLETED;4;25;2025-04;1;1;FALSE;FALSE
25040816;vivcross7;kai.kaur;100207;2025-04-08 17:17:05;1259000.0;75941901;COMPLETED;4;25;2025-04;2;2;TRUE;FALSE
25040817;vivienne.cross;redcedarfolkartfoundation;100977;2025-04-08 17:42:37;1274000.0;12742361;COMPLETED;4;25;2025-04;1;1;FALSE;FALSE
25040818;javier.hayes;augvane7;100041;2025-04-08 18:02:58;245000.0;96187039;COMPLETED;4;25;2025-04;3;3;TRUE;FALSE
25040819;stonefieldmaterialcultureins;ronashcroft7;100767;2025-04-08 18:04:27;4477000.0;96187039;COMPLETED;4;25;2025-04;3;2;TRUE;FALSE
25040820;vanefamilyoffice;meridianmillercollections;100904;2025-04-08 18:08:33;497000.0;16660212;REJECTED;4;25;2025-04;3;;TRUE;FALSE
25040821;emilia.ortiz;ari.turner;100796;2025-04-08 18:33:36;749500.0;11220767;COMPLETED;4;25;2025-04;1;1;FALSE;FALSE
25040822;vanefamilyoffice;imani.thomas;100133;2025-04-08 18:35:53;362500.0;23121126;COMPLETED;4;25;2025-04;2;2;TRUE;FALSE
25040901;ravenwoodcraftpreservationso;yasmin.roberts;100544;2025-04-09 09:18:39;307500.0;72880343;COMPLETED;4;25;2025-04;1;1;FALSE;FALSE
25040902;EleanorRook;reina.chen;100877;2025-04-09 09:36:22;349500.0;96187039;COMPLETED;4;25;2025-04;2;2;TRUE;FALSE
25040903;imani.thomas;quinn.cho;100799;2025-04-09 13:56:07;448000.0;36058655;COMPLETED;4;25;2025-04;1;1;FALSE;FALSE
25040904;nadia_whitmore;nathan58;100356;2025-04-09 14:22:31;368500.0;12742361;COMPLETED;4;25;2025-04;4;4;TRUE;FALSE
25040905;foundrybennettfineobjects;elliscollections;100105;2025-04-09 14:58:38;507000.0;11220767;COMPLETED;4;25;2025-04;2;2;TRUE;FALSE
25040906;foundrybennettfineobjects;bianca.bennett;100981;2025-04-09 15:24:29;245500.0;16660212;COMPLETED;4;25;2025-04;3;3;TRUE;FALSE
25040907;elmsteadculturalmemoryprojec;bobby;100026;2025-04-09 16:59:21;309000.0;96187039;COMPLETED;4;25;2025-04;2;2;TRUE;FALSE
25040908;liam.martin;wexlercollection;100515;2025-04-09 17:49:53;607000.0;12742361;COMPLETED;4;25;2025-04;1;1;FALSE;FALSE
25040909;vivienne.cross;windermeredesignheritage_org;100930;2025-04-09 20:02:47;784500.0;36058655;COMPLETED;4;25;2025-04;2;2;TRUE;FALSE
25041001;keystonepatelfineobjects;vanefamilyoffice;100993;2025-04-10 08:12:38;640000.0;35242525;COMPLETED;4;25;2025-04;1;1;FALSE;FALSE
25041002;rothartadvisory;lorenzo.xu;100449;2025-04-10 09:50:22;398500.0;12742361;COMPLETED;4;25;2025-04;4;4;TRUE;FALSE
25041003;pineharborrailwayhistorycent;ari.turner;100837;2025-04-10 10:03:45;260000.0;42365420;COMPLETED;4;25;2025-04;2;2;TRUE;FALSE
25041004;reina.rivera;wexlercollection;100732;2025-04-10 10:44:08;1571000.0;42365420;COMPLETED;4;25;2025-04;3;2;TRUE;FALSE
25041005;ruby.reed;gran_merc4;100652;2025-04-10 11:29:57;182500.0;45562918;COMPLETED;4;25;2025-04;3;2;TRUE;FALSE
25041006;dhale_family5;psethi_family6;100919;2025-04-10 11:50:17;1042000.0;72880343;COMPLETED;4;25;2025-04;2;2;TRUE;FALSE
25041007;ruby.reed;psethi_family6;100308;2025-04-10 11:55:34;1406000.0;36058655;COMPLETED;4;25;2025-04;2;2;TRUE;FALSE
25041008;leila.price;psethi_family6;101158;2025-04-10 12:09:49;1849000.0;36058655;COMPLETED;4;25;2025-04;1;1;FALSE;FALSE
25041009;georgia_elli;aaron.olsen;100725;2025-04-10 14:30:13;2963000.0;96187039;REJECTED;4;25;2025-04;2;;TRUE;FALSE
25041010;blair.kaur;windermerepublicartconservan;100361;2025-04-10 14:47:03;513500.0;75941901;COMPLETED;4;25;2025-04;5;4;TRUE;FALSE
25041011;vanecapital2;meridianmillercollections;100727;2025-04-10 15:35:11;4866000.0;75941901;COMPLETED;4;25;2025-04;3;2;TRUE;FALSE
25041012;granitehillbotanicalheritage;isaac.shah;100964;2025-04-10 15:50:45;170000.0;72880343;COMPLETED;4;25;2025-04;2;2;TRUE;FALSE
25041013;tanglewoodfolkartarchive;wexlercapital2;101071;2025-04-10 16:43:54;392000.0;16660212;COMPLETED;4;25;2025-04;2;2;TRUE;FALSE
25041014;andersonartadvisory;northbridgemuseumofmoderncra;101179;2025-04-10 17:07:56;934000.0;87658927;COMPLETED;4;25;2025-04;1;1;FALSE;FALSE
25041015;wexlercollection;PriyaSethi;101023;2025-04-10 17:08:06;1185000.0;36058655;COMPLETED;4;25;2025-04;2;2;TRUE;FALSE
25041016;OscarBexley;oakhollowmuseumofappliedarts;100911;2025-04-10 17:29:03;4609000.0;16498618;COMPLETED;4;25;2025-04;2;2;TRUE;FALSE
25041017;castillocollections;imani.thomas;100805;2025-04-10 18:43:56;519500.0;35242525;COMPLETED;4;25;2025-04;3;3;TRUE;FALSE
25041018;kai.romero;howellartadvisory;100213;2025-04-10 18:50:07;85400.0;72880343;COMPLETED;4;25;2025-04;4;4;TRUE;FALSE
25041019;yorkfieldfurnituredesignarch;ruby.reed;100828;2025-04-10 20:33:12;298500.0;16660212;COMPLETED;4;25;2025-04;1;1;FALSE;FALSE
25041101;imani.thomas;harper7;100528;2025-04-11 10:08:17;2056000.0;72880343;COMPLETED;4;25;2025-04;2;2;TRUE;FALSE
25041102;celine.irwin;valeheritagefund;100864;2025-04-11 11:11:59;1253000.0;35242525;COMPLETED;4;25;2025-04;2;2;TRUE;FALSE
25041103;greatlakesindustrialartsmuse;tariqinvests;100986;2025-04-11 11:19:27;982000.0;72880343;COMPLETED;4;25;2025-04;1;1;FALSE;FALSE
25041104;elliscollections;ashcroftcapital2;100058;2025-04-11 11:51:30;139000.0;75941901;COMPLETED;4;25;2025-04;2;2;TRUE;FALSE
25041105;nathan58;reina.reed;100941;2025-04-11 12:22:02;1371000.0;23121126;COMPLETED;4;25;2025-04;3;3;TRUE;FALSE
25041106;DominicHale;nora.desai;101150;2025-04-11 12:37:21;393500.0;16498618;COMPLETED;4;25;2025-04;1;1;FALSE;FALSE
25041107;walkercollections;abigail.bennett;100870;2025-04-11 12:47:25;322500.0;35242525;COMPLETED;4;25;2025-04;2;2;TRUE;FALSE
25041108;crosscapital2;windermeremuseumofmoderncraf;100481;2025-04-11 13:38:23;871000.0;87658927;CANCELLED;4;25;2025-04;3;;TRUE;FALSE
25041109;zimmermancollections;sabrina.shah;100780;2025-04-11 13:57:10;985000.0;87658927;REVERSED;4;25;2025-04;1;;FALSE;FALSE
25041110;vanecapital2;yasmin.roberts;100622;2025-04-11 15:17:40;680500.0;45562918;COMPLETED;4;25;2025-04;3;2;TRUE;FALSE
25041111;southbanktextilearchive;helvale7;100043;2025-04-11 15:44:14;492500.0;72880343;COMPLETED;4;25;2025-04;3;3;TRUE;FALSE
25041112;eastgatefolkartarchive;isaac.shah;100841;2025-04-11 15:45:12;151500.0;42365420;COMPLETED;4;25;2025-04;1;1;FALSE;FALSE
25041113;vanefamilyoffice;daniel.campbell;101047;2025-04-11 15:50:05;998000.0;45562918;COMPLETED;4;25;2025-04;2;2;TRUE;FALSE
25041114;leo.ortiz;noelle.palmer;101031;2025-04-11 16:15:46;666000.0;87658927;COMPLETED;4;25;2025-04;1;1;FALSE;FALSE
25041115;croth_alt;crosscapital2;101011;2025-04-11 16:28:11;1134000.0;36058655;COMPLETED;4;25;2025-04;2;2;TRUE;FALSE
25041116;khalil.kapoor;arcadialamauctions;101141;2025-04-11 16:46:33;429500.0;87658927;COMPLETED;4;25;2025-04;1;1;FALSE;FALSE
25041117;northbridgemuseumofmoderncra;harper7;100786;2025-04-11 19:08:42;537000.0;36058655;COMPLETED;4;25;2025-04;3;2;TRUE;FALSE
25041118;emilia.quinn;santiago.alvarez;100770;2025-04-11 19:42:36;2434000.0;96187039;COMPLETED;4;25;2025-04;1;1;FALSE;FALSE
25041119;georgia_elli;howardfineobjects;100725;2025-04-11 20:00:21;2861000.0;75941901;COMPLETED;4;25;2025-04;3;2;TRUE;FALSE
25041201;ashcroftcollection;vanefamilyoffice;100873;2025-04-12 09:27:58;532000.0;96187039;COMPLETED;4;25;2025-04;2;2;TRUE;FALSE
25041202;reina.rivera;julia.roberts;101244;2025-04-12 10:48:50;1288000.0;96187039;COMPLETED;4;25;2025-04;1;1;FALSE;FALSE
25041203;longfellowestatecollection;liucollections;100024;2025-04-12 17:31:13;223500.0;;CANCELLED;4;25;2025-04;1;;FALSE;FALSE
25041204;georgia_elli;meridiancolemancollections;101099;2025-04-12 19:59:00;986500.0;36058655;COMPLETED;4;25;2025-04;2;2;TRUE;FALSE
25041301;castillocollections;selene78;100303;2025-04-13 09:37:31;111000.0;96187039;COMPLETED;4;25;2025-04;2;2;TRUE;FALSE
25041302;eastgatefolkartarchive;cassidy.ito;101116;2025-04-13 12:18:17;190000.0;75941901;COMPLETED;4;25;2025-04;1;1;FALSE;FALSE
25041303;psethi_family6;redcedarfolkartfoundation;100831;2025-04-13 14:31:04;316500.0;96187039;COMPLETED;4;25;2025-04;2;2;TRUE;FALSE
25041304;andersonartadvisory;vanefamilyoffice;100036;2025-04-13 14:52:55;770500.0;35242525;COMPLETED;4;25;2025-04;2;2;TRUE;FALSE
25041305;cassidy.ito;foundrybennettfineobjects;100669;2025-04-13 17:56:06;526000.0;96187039;COMPLETED;4;25;2025-04;3;2;TRUE;FALSE
25041401;rothartadvisory;keystonepatelfineobjects;101048;2025-04-14 08:31:09;1004000.0;11220767;COMPLETED;4;25;2025-04;2;2;TRUE;FALSE
25041402;crossventuresart;northbridgemuseumofmoderncra;100116;2025-04-14 08:57:30;369000.0;45562918;COMPLETED;4;25;2025-04;3;3;TRUE;FALSE
25041403;TheoKincaid;bobby;101103;2025-04-14 09:13:37;1473000.0;77404927;COMPLETED;4;25;2025-04;1;1;FALSE;FALSE
25041404;helval_hold6;windermerepublicartconservan;100603;2025-04-14 10:21:41;1528000.0;72880343;COMPLETED;4;25;2025-04;2;2;TRUE;FALSE
25041405;valecapital2;farah.vasquez;100755;2025-04-14 10:25:23;1129000.0;77404927;COMPLETED;4;25;2025-04;2;2;TRUE;FALSE
25041406;beatrice.kim;ronanA;100616;2025-04-14 10:55:27;718000.0;16498618;COMPLETED;4;25;2025-04;2;2;TRUE;FALSE
25041407;vanefamilyoffice;vanecapital2;100904;2025-04-14 12:46:11;479000.0;72880343;COMPLETED;4;25;2025-04;4;3;TRUE;FALSE
25041408;meridianmillercollections;zane.thomas;100111;2025-04-14 12:48:02;628500.0;23121126;COMPLETED;4;25;2025-04;4;3;TRUE;FALSE
25041409;ftran_westhave;vanefamilyoffice;101035;2025-04-14 14:49:20;293000.0;72880343;COMPLETED;4;25;2025-04;2;2;TRUE;FALSE
25041410;windermeredesignheritage_org;farah.vasquez;100979;2025-04-14 14:50:07;522500.0;72880343;COMPLETED;4;25;2025-04;4;3;TRUE;FALSE
25041411;celi_ster3;santiago.alvarez;100488;2025-04-14 15:15:24;727500.0;87658927;COMPLETED;4;25;2025-04;2;2;TRUE;FALSE
25041412;foundrybennettfineobjects;crossventuresart;101014;2025-04-14 15:50:31;314000.0;12742361;COMPLETED;4;25;2025-04;2;2;TRUE;FALSE
25041413;foundrybennettfineobjects;liucollections;100329;2025-04-14 16:18:24;901500.0;23121126;COMPLETED;4;25;2025-04;3;3;TRUE;FALSE
25041414;javier.hayes;psethi_family6;100962;2025-04-14 16:21:42;372500.0;96187039;COMPLETED;4;25;2025-04;1;1;FALSE;FALSE
25041415;croth_alt;rothartadvisory;100741;2025-04-14 16:59:15;3318000.0;87658927;COMPLETED;4;25;2025-04;1;1;FALSE;FALSE
25041416;croth_alt;mwexler_alt;101125;2025-04-14 18:42:49;366500.0;96187039;COMPLETED;4;25;2025-04;1;1;FALSE;FALSE
25041417;windermeredesignheritage_org;abigail.bennett;100891;2025-04-14 19:38:17;492000.0;45562918;COMPLETED;4;25;2025-04;2;2;TRUE;FALSE
25041418;ronanA;lucia.knight;101170;2025-04-14 20:38:49;188000.0;45562918;COMPLETED;4;25;2025-04;1;1;FALSE;FALSE
25041501;walkercollections;julia.roberts;101039;2025-04-15 08:08:09;427500.0;16660212;COMPLETED;4;25;2025-04;1;1;FALSE;FALSE
25041502;bishopheritagesales;walkercollections;100748;2025-04-15 09:33:05;461500.0;72880343;COMPLETED;4;25;2025-04;2;2;TRUE;FALSE
25041503;elmsteadculturalpreservation;daniel.ito;100934;2025-04-15 09:50:31;1354000.0;96187039;COMPLETED;4;25;2025-04;3;3;TRUE;FALSE
25041504;ari.turner;farah.vasquez;100798;2025-04-15 10:09:46;1070000.0;35242525;COMPLETED;4;25;2025-04;2;2;TRUE;FALSE
25041505;windermerepublicartconservan;castillocollections;100404;2025-04-15 10:30:03;443000.0;72880343;COMPLETED;4;25;2025-04;4;3;TRUE;FALSE
25041506;abigail.bennett;avane_alt;100895;2025-04-15 10:47:29;2248000.0;35242525;COMPLETED;4;25;2025-04;2;2;TRUE;FALSE
25041507;ashcroftcollection;vanecapital2;100371;2025-04-15 10:48:49;444000.0;96187039;COMPLETED;4;25;2025-04;3;3;TRUE;FALSE
25041508;GrantMercer;croth_alt;101183;2025-04-15 11:57:08;168000.0;42365420;COMPLETED;4;25;2025-04;1;1;FALSE;FALSE
25041509;castillocollections;HelenaVale;101181;2025-04-15 12:24:57;569500.0;11220767;COMPLETED;4;25;2025-04;1;1;FALSE;FALSE
25041510;foundryzimmermanfineobjects;fairmontmaritimeheritagemuse;100984;2025-04-15 12:41:40;636000.0;12742361;COMPLETED;4;25;2025-04;2;2;TRUE;FALSE
25041511;vanefamilyoffice;rosemontmuseumofmoderncraftd;100368;2025-04-15 13:36:12;303000.0;87292197;COMPLETED;4;25;2025-04;3;2;TRUE;FALSE
25041512;PriyaSethi;davisauctionpartners;101160;2025-04-15 14:00:24;1957000.0;77404927;COMPLETED;4;25;2025-04;1;1;FALSE;FALSE
25041513;kai.kaur;ari.turner;101180;2025-04-15 14:09:15;330000.0;72880343;COMPLETED;4;25;2025-04;1;1;FALSE;FALSE
25041514;ari.turner;ramirezauctionpartners;100343;2025-04-15 14:10:45;117500.0;87292197;COMPLETED;4;25;2025-04;2;2;TRUE;FALSE
25041515;lana.vasquez;malwex_hold3;101020;2025-04-15 14:13:22;2298000.0;36058655;COMPLETED;4;25;2025-04;4;3;TRUE;FALSE
25041516;aaron.olsen;TheoKincaid;100744;2025-04-15 14:22:19;1526000.0;16498618;COMPLETED;4;25;2025-04;1;1;FALSE;FALSE
25041517;dhale_family5;delilah.kim;101036;2025-04-15 14:56:56;290000.0;72880343;COMPLETED;4;25;2025-04;2;2;TRUE;FALSE
25041518;wexlercollection;aaron.olsen;100269;2025-04-15 15:17:23;257000.0;90907400;COMPLETED;4;25;2025-04;3;2;TRUE;FALSE
25041519;redcedarfolkartfoundation;nia.jensen;100367;2025-04-15 15:35:53;148500.0;77404927;COMPLETED;4;25;2025-04;2;2;TRUE;FALSE
25041520;jocelyn.huang;elmsteadculturalpreservation;100363;2025-04-15 16:06:59;563000.0;23121126;COMPLETED;4;25;2025-04;5;4;TRUE;FALSE
25041521;santiago.alvarez;castillocollections;100057;2025-04-15 16:10:20;277000.0;77404927;COMPLETED;4;25;2025-04;2;2;TRUE;FALSE
25041522;camila.park;tanglewoodfolkartarchive;100419;2025-04-15 16:35:05;286500.0;16660212;COMPLETED;4;25;2025-04;4;4;TRUE;FALSE
25041523;vanefamilyoffice;ashcroftcollection;100829;2025-04-15 16:56:40;1497000.0;23121126;COMPLETED;4;25;2025-04;3;2;TRUE;FALSE
25041524;ruby.reed;imani.thomas;101054;2025-04-15 19:24:59;1883000.0;11220767;COMPLETED;4;25;2025-04;4;3;TRUE;FALSE
25041525;gianna.young;augvane7;100185;2025-04-15 19:25:29;1497000.0;35242525;COMPLETED;4;25;2025-04;2;2;TRUE;FALSE
25041601;selene78;clara.ross;100874;2025-04-16 09:59:03;353000.0;96187039;COMPLETED;4;25;2025-04;4;3;TRUE;FALSE
25041602;abigail.morgan;davisauctionpartners;101104;2025-04-16 10:23:22;385500.0;96187039;COMPLETED;4;25;2025-04;1;1;FALSE;FALSE
25041603;lucia.knight;liucollections;100172;2025-04-16 11:01:06;677000.0;12742361;COMPLETED;4;25;2025-04;2;2;TRUE;FALSE
25041604;vanecapital2;rosemontmuseumofmoderncraftd;100990;2025-04-16 11:10:04;338500.0;45562918;FAILED;4;25;2025-04;3;;TRUE;FALSE
25041605;southbankmaritimeheritagemus;GrantMercer;100370;2025-04-16 11:35:55;184000.0;35242525;COMPLETED;4;25;2025-04;6;4;TRUE;FALSE
25041606;mwexler_alt;southbanktextilearchive;101133;2025-04-16 11:42:48;553500.0;87658927;COMPLETED;4;25;2025-04;1;1;FALSE;FALSE
25041607;amir.saito_director;quarrylanecraftpreservations;100124;2025-04-16 11:44:00;841500.0;77404927;CANCELLED;4;25;2025-04;1;;FALSE;FALSE
25041608;DominicHale;ari.turner;101025;2025-04-16 13:13:17;509000.0;77404927;COMPLETED;4;25;2025-04;2;1;FALSE;FALSE
25041609;ruby.reed;foundrybennettfineobjects;100908;2025-04-16 13:33:37;1196000.0;72880343;COMPLETED;4;25;2025-04;1;1;FALSE;FALSE
25041610;psethi_family6;malwex_hold3;100117;2025-04-16 13:35:34;665500.0;11220767;COMPLETED;4;25;2025-04;3;3;TRUE;FALSE
25041611;harper7;santiago.jordan;101084;2025-04-16 13:48:49;337500.0;75941901;COMPLETED;4;25;2025-04;2;2;TRUE;FALSE
25041612;emilia.cho;vivcross7;101198;2025-04-16 14:17:24;1826000.0;23121126;COMPLETED;4;25;2025-04;1;1;FALSE;FALSE
25041613;HelenaVale;andersonartadvisory;101112;2025-04-16 14:36:14;309000.0;87658927;COMPLETED;4;25;2025-04;1;1;FALSE;FALSE
25041614;castillocollections;arcadialamauctions;100201;2025-04-16 14:56:50;346500.0;23121126;COMPLETED;4;25;2025-04;4;4;TRUE;FALSE
25041615;eastgatefolkartarchive;lorenzo.xu;101149;2025-04-16 15:35:15;1193000.0;35242525;COMPLETED;4;25;2025-04;1;1;FALSE;FALSE
25041616;vivienne.cross;ftran_westhave;101082;2025-04-16 16:30:06;750000.0;90907400;COMPLETED;4;25;2025-04;2;2;TRUE;FALSE
25041617;orchardhousecommunityartsfou;isaac.shah;100435;2025-04-16 16:54:25;995000.0;12742361;COMPLETED;4;25;2025-04;3;3;TRUE;FALSE
25041618;wexlercollection;foundryxucollections;101087;2025-04-16 16:55:38;611000.0;45562918;COMPLETED;4;25;2025-04;2;2;TRUE;FALSE
25041619;orchardhousecommunityartsfou;renee.kim;100954;2025-04-16 16:59:40;53200.0;35242525;COMPLETED;4;25;2025-04;1;1;FALSE;FALSE
25041620;adamscollections;howardfineobjects;101013;2025-04-16 17:54:56;1354000.0;96187039;COMPLETED;4;25;2025-04;2;2;TRUE;FALSE
25041621;farahholdings1;foundrybennettfineobjects;100766;2025-04-16 20:33:13;939500.0;36058655;COMPLETED;4;25;2025-04;2;2;TRUE;FALSE
25041622;celine.irwin;farah.vasquez;100592;2025-04-16 20:50:35;3294000.0;96187039;COMPLETED;4;25;2025-04;1;1;FALSE;FALSE
25041701;HelenaVale;cassidy.ito;100350;2025-04-17 08:02:16;238000.0;87658927;COMPLETED;4;25;2025-04;2;2;TRUE;FALSE
25041702;windermerepublicartconservan;harper7;100315;2025-04-17 09:25:40;740500.0;11220767;COMPLETED;4;25;2025-04;2;2;TRUE;FALSE
25041703;rosemontmuseumofmoderncraftd;erook_family4;100127;2025-04-17 09:36:27;121000.0;11220767;COMPLETED;4;25;2025-04;3;2;TRUE;FALSE
25041704;ashlanddecorativeartsarchive;lana.vasquez;100753;2025-04-17 10:09:59;1079000.0;96187039;COMPLETED;4;25;2025-04;2;2;TRUE;FALSE
25041705;fairmontdesignheritagecenter;valecapital2;100698;2025-04-17 12:14:08;1318000.0;16498618;COMPLETED;4;25;2025-04;2;2;TRUE;FALSE
25041706;emilia.cho;keystoneandersonauctions;100623;2025-04-17 12:17:15;4623000.0;72880343;COMPLETED;4;25;2025-04;1;1;FALSE;FALSE
25041707;imani.thomas;andersonartadvisory;100355;2025-04-17 12:37:05;467000.0;42365420;COMPLETED;4;25;2025-04;3;3;TRUE;FALSE
25041708;kai.romero;liucollections;100497;2025-04-17 13:51:39;543000.0;35242525;COMPLETED;4;25;2025-04;3;3;TRUE;FALSE
25041709;rothcapital2;walkercollections;100573;2025-04-17 13:55:11;782000.0;87658927;COMPLETED;4;25;2025-04;2;2;TRUE;FALSE
25041710;elliscollections;blair.kaur;101062;2025-04-17 13:57:38;1712000.0;42365420;COMPLETED;4;25;2025-04;3;2;TRUE;FALSE
25041711;cassidy.ito;dhale_family5;100406;2025-04-17 14:11:21;2377000.0;75941901;COMPLETED;4;25;2025-04;1;1;FALSE;FALSE
25041712;bishopheritagesales;santiago.jordan;100742;2025-04-17 14:13:00;1038000.0;90907400;COMPLETED;4;25;2025-04;2;2;TRUE;FALSE
25041713;GrantMercer;DominicHale;100370;2025-04-17 16:57:39;186500.0;;CANCELLED;4;25;2025-04;7;;TRUE;FALSE
25041714;leo.ortiz;ftran_westhave;100800;2025-04-17 17:12:44;1523000.0;12742361;COMPLETED;4;25;2025-04;1;1;FALSE;FALSE
25041715;nathan58;andersonartadvisory;100955;2025-04-17 17:12:47;116000.0;96187039;COMPLETED;4;25;2025-04;2;2;TRUE;FALSE
25041716;franklincollections;meridianmillercollections;101120;2025-04-17 17:55:26;1783000.0;42365420;COMPLETED;4;25;2025-04;2;1;FALSE;FALSE
25041801;vanefamilyoffice;emilia.cho;100972;2025-04-18 09:43:22;927000.0;72880343;COMPLETED;4;25;2025-04;2;2;TRUE;FALSE
25041802;ftran_westhave;santiago.jordan;101239;2025-04-18 09:46:00;1658000.0;35242525;COMPLETED;4;25;2025-04;1;1;FALSE;FALSE
25041803;meridianmillercollections;malik.johnson;100451;2025-04-18 10:22:14;342000.0;96187039;COMPLETED;4;25;2025-04;2;2;TRUE;FALSE
25041804;windermeremuseumofmoderncraf;wexlercapital2;101231;2025-04-18 10:25:40;426000.0;16660212;COMPLETED;4;25;2025-04;1;1;FALSE;FALSE
25041805;howardfineobjects;CelesteRoth;100277;2025-04-18 10:28:09;139500.0;36058655;COMPLETED;4;25;2025-04;4;3;TRUE;FALSE
25041806;vanecapital2;franklincollections;100441;2025-04-18 11:37:11;477000.0;12742361;COMPLETED;4;25;2025-04;2;2;TRUE;FALSE
25041807;crosscapital2;malwex_hold3;100882;2025-04-18 11:44:52;958500.0;87292197;COMPLETED;4;25;2025-04;2;2;TRUE;FALSE
25041808;wexlercollection;cassidy.mason;100096;2025-04-18 11:47:54;368500.0;87658927;COMPLETED;4;25;2025-04;2;2;TRUE;FALSE
25041809;whiteclifffolkartarchive;theo_kinc2;100147;2025-04-18 12:00:37;761000.0;35242525;COMPLETED;4;25;2025-04;1;1;FALSE;FALSE
25041810;ruby.reed;yorkfieldfurnituredesignarch;100826;2025-04-18 12:03:23;592000.0;87658927;COMPLETED;4;25;2025-04;4;3;TRUE;FALSE
25041811;blair.kaur;wexlercapital2;100145;2025-04-18 13:01:00;341000.0;75941901;COMPLETED;4;25;2025-04;4;2;TRUE;FALSE
25041812;elmsteadculturalpreservation;christian.walker;100251;2025-04-18 13:45:17;254500.0;96187039;COMPLETED;4;25;2025-04;1;1;FALSE;FALSE
25041813;vivienne.cross;vanefamilyoffice;101173;2025-04-18 14:13:27;460500.0;75941901;COMPLETED;4;25;2025-04;1;1;FALSE;FALSE
25041814;stoneheritagesales;emilia.quinn;100862;2025-04-18 14:29:22;1008000.0;;PENDING;4;25;2025-04;2;;TRUE;FALSE
25041815;santiago.jordan;elliscollections;101145;2025-04-18 14:42:14;396500.0;16660212;COMPLETED;4;25;2025-04;1;1;FALSE;FALSE
25041816;harborlightmuseumofprintedar;beatrice.kim;100992;2025-04-18 14:53:59;513000.0;90907400;COMPLETED;4;25;2025-04;3;2;TRUE;FALSE
25041817;croth_alt;heritagerowceramicsmuseum;101169;2025-04-18 15:54:27;420000.0;35242525;COMPLETED;4;25;2025-04;1;1;FALSE;FALSE
25041818;elmsteadculturalmemoryprojec;eastgateindustrialartsmuseum;101080;2025-04-18 15:58:42;936500.0;23121126;COMPLETED;4;25;2025-04;1;1;FALSE;FALSE
25041819;tanglewoodfolkartarchive;gran_merc4;100358;2025-04-18 16:29:57;86900.0;72880343;COMPLETED;4;25;2025-04;2;2;TRUE;FALSE
25041820;AuggieVane;castillocollections;101199;2025-04-18 17:11:29;595500.0;12742361;COMPLETED;4;25;2025-04;1;1;FALSE;FALSE
25041821;nadia_whitmore;ari.turner;101215;2025-04-18 17:52:26;784500.0;23121126;COMPLETED;4;25;2025-04;1;1;FALSE;FALSE
25041822;wexlercollection;howellartadvisory;100610;2025-04-18 18:55:47;280000.0;16498618;COMPLETED;4;25;2025-04;2;2;TRUE;FALSE
25041901;quinn.cho;rothartadvisory;100799;2025-04-19 09:27:19;465500.0;90907400;COMPLETED;4;25;2025-04;2;2;TRUE;FALSE
25041902;davisauctionpartners;southbankmaritimeheritagemus;100896;2025-04-19 10:45:10;241500.0;96187039;COMPLETED;4;25;2025-04;3;3;TRUE;FALSE
25041903;blair.kaur;davisauctionpartners;100949;2025-04-19 11:05:29;344000.0;36058655;COMPLETED;4;25;2025-04;2;2;TRUE;FALSE
25041904;celine.kapoor;vivcross7;101140;2025-04-19 11:40:15;462500.0;23121126;COMPLETED;4;25;2025-04;1;1;FALSE;FALSE
25041905;leo.ortiz;farah.vasquez;101058;2025-04-19 13:19:33;334500.0;87658927;COMPLETED;4;25;2025-04;1;1;FALSE;FALSE
25041906;copperlinemuseumofphotograph;GrantMercer;100813;2025-04-19 13:20:41;750500.0;36058655;COMPLETED;4;25;2025-04;2;2;TRUE;FALSE
25041907;psethi_family6;augvan_hold1;100966;2025-04-19 14:44:37;1210000.0;87292197;COMPLETED;4;25;2025-04;2;2;TRUE;FALSE
25041908;arcadialamauctions;elliscollections;101097;2025-04-19 15:07:01;3694000.0;;PENDING;4;25;2025-04;3;;TRUE;FALSE
25041909;rothartadvisory;gran_merc4;101235;2025-04-19 15:16:18;114000.0;96187039;COMPLETED;4;25;2025-04;1;1;FALSE;FALSE
25041910;vanecapital2;henry.franklin;100371;2025-04-19 16:14:25;470000.0;;PENDING;4;25;2025-04;4;;TRUE;FALSE
25041911;wexlercapital2;wexlercollection;100894;2025-04-19 16:42:45;1009000.0;72880343;COMPLETED;4;25;2025-04;2;2;TRUE;FALSE
25041912;elmsteadculturalmemoryprojec;ashlandmuseumofprintedarts;100577;2025-04-19 18:14:07;372500.0;;PENDING;4;25;2025-04;4;;TRUE;FALSE
25041913;oakhollowmuseumofappliedarts;nadia_whitmore;100539;2025-04-19 19:26:11;616000.0;90907400;COMPLETED;4;25;2025-04;3;3;TRUE;FALSE
25042001;imani.reed;ronash_hold5;101110;2025-04-20 11:12:47;632500.0;87658927;COMPLETED;4;25;2025-04;1;1;FALSE;FALSE
25042002;castillocollections;nathan58;100709;2025-04-20 11:22:08;1160000.0;87292197;COMPLETED;4;25;2025-04;2;2;TRUE;FALSE
25042003;aaron.olsen;stonefieldmaterialcultureins;101218;2025-04-20 12:23:57;1470000.0;96187039;COMPLETED;4;25;2025-04;1;1;FALSE;FALSE
25042004;farah.vasquez;fairmontmaritimeheritagemuse;100293;2025-04-20 14:46:08;1958000.0;96187039;COMPLETED;4;25;2025-04;2;2;TRUE;FALSE
25042005;ashcroftcollection;delilah.kim;100146;2025-04-20 15:31:15;264000.0;16498618;COMPLETED;4;25;2025-04;3;3;TRUE;FALSE
25042006;howellartadvisory;rosemontmuseumofmoderncraftd;100988;2025-04-20 17:14:22;261000.0;72880343;COMPLETED;4;25;2025-04;3;2;TRUE;FALSE
25042007;valecapital2;ftran_westhave;100391;2025-04-20 17:28:53;521500.0;36058655;COMPLETED;4;25;2025-04;2;2;TRUE;FALSE
25042008;malwex_hold3;wexlercollection;100461;2025-04-20 17:59:26;550500.0;75941901;COMPLETED;4;25;2025-04;2;2;TRUE;FALSE
25042009;aaron.olsen;liucollections;100218;2025-04-20 18:05:21;452000.0;87658927;COMPLETED;4;25;2025-04;2;2;TRUE;FALSE
25042101;keystoneandersonauctions;valentina.klein;101229;2025-04-21 08:49:51;1008000.0;16660212;COMPLETED;4;25;2025-04;1;1;FALSE;FALSE
25042102;ashcroftcollection;DominicHale;101066;2025-04-21 09:19:26;1338000.0;16660212;COMPLETED;4;25;2025-04;1;1;FALSE;FALSE
25042103;foundryzimmermanfineobjects;sabrina.shah;101009;2025-04-21 09:50:26;360500.0;16660212;COMPLETED;4;25;2025-04;2;2;TRUE;FALSE
25042104;zane.quinn;paola.santos;100958;2025-04-21 10:24:18;541500.0;11220767;COMPLETED;4;25;2025-04;1;1;FALSE;FALSE
25042105;emilia.cho;elea_rook7;101106;2025-04-21 11:00:21;777500.0;75941901;COMPLETED;4;25;2025-04;1;1;FALSE;FALSE
25042106;howardfineobjects;khalil.johnson;101234;2025-04-21 11:06:40;283000.0;16498618;COMPLETED;4;25;2025-04;1;1;FALSE;FALSE
25042107;windermeremuseumofmoderncraf;obexley_family3;100114;2025-04-21 12:04:05;1333000.0;12742361;COMPLETED;4;25;2025-04;2;2;TRUE;FALSE
25042108;pineharborrailwayhistorycent;crossventuresart;101217;2025-04-21 12:12:24;1431000.0;87658927;COMPLETED;4;25;2025-04;1;1;FALSE;FALSE
25042109;daniel.campbell;liam.martin;101016;2025-04-21 12:59:26;673000.0;16660212;COMPLETED;4;25;2025-04;1;1;FALSE;FALSE
25042110;malik.johnson;greatlakesindustrialartsmuse;100360;2025-04-21 13:10:23;175500.0;36058655;COMPLETED;4;25;2025-04;2;2;TRUE;FALSE
25042111;ronanA;copperlinemuseumofphotograph;100684;2025-04-21 13:13:28;758000.0;16498618;COMPLETED;4;25;2025-04;2;2;TRUE;FALSE
25042112;nadi_whit5;oakhollowmuseumofappliedarts;100044;2025-04-21 14:46:27;164500.0;;PENDING;4;25;2025-04;2;;TRUE;FALSE
25042113;ashcroftcollection;mwexler_alt;100221;2025-04-21 14:47:16;724000.0;;CANCELLED;4;25;2025-04;4;;TRUE;FALSE
25042114;wexlercollection;atlastaylorauctions;100188;2025-04-21 14:50:30;1096000.0;16660212;COMPLETED;4;25;2025-04;2;2;TRUE;FALSE
25042115;julia.roberts;clara.ross;100557;2025-04-21 15:08:04;606000.0;87658927;COMPLETED;4;25;2025-04;3;3;TRUE;FALSE
25042116;rothartadvisory;gmercer_family1;100947;2025-04-21 16:17:09;276500.0;42365420;COMPLETED;4;25;2025-04;4;3;TRUE;FALSE
25042117;gmercer_family1;vivienne.cross;100220;2025-04-21 17:03:41;348500.0;45562918;COMPLETED;4;25;2025-04;3;2;TRUE;FALSE
25042118;emilia.cho;rothartadvisory;101122;2025-04-21 17:18:39;766500.0;11220767;COMPLETED;4;25;2025-04;1;1;FALSE;FALSE
25042119;crossventuresart;psethi_family6;101185;2025-04-21 17:20:20;502000.0;16498618;COMPLETED;4;25;2025-04;1;1;FALSE;FALSE
25042120;ironwoodcraftpreservatio_org;lana.vasquez;100126;2025-04-21 17:28:18;1583000.0;;PENDING;4;25;2025-04;1;;FALSE;FALSE
25042121;aldergrovefurnituredesignarc;ronashcroft7;101238;2025-04-21 17:51:34;955000.0;12742361;CANCELLED;4;25;2025-04;1;;FALSE;FALSE
25042122;lana.vasquez;liucollections;100354;2025-04-21 17:55:21;408500.0;23121126;COMPLETED;4;25;2025-04;2;2;TRUE;FALSE
25042201;malwexler7;ashcroftcollection;101021;2025-04-22 08:51:25;675500.0;23121126;COMPLETED;4;25;2025-04;3;2;TRUE;FALSE
25042202;zane.quinn;celine.kapoor;101138;2025-04-22 11:13:42;878000.0;75941901;COMPLETED;4;25;2025-04;1;1;FALSE;FALSE
25042203;quinn.cho;howellartadvisory;100030;2025-04-22 11:39:57;413500.0;75941901;COMPLETED;4;25;2025-04;2;2;TRUE;FALSE
25042204;theo_kinc2;ashcroftcollection;100722;2025-04-22 11:56:24;242500.0;90907400;REJECTED;4;25;2025-04;4;;TRUE;FALSE
25042205;chloe.shah;nia.sims;100634;2025-04-22 11:57:58;541500.0;75941901;COMPLETED;4;25;2025-04;3;2;TRUE;FALSE
25042206;harper.ellis;foundryzimmermanfineobjects;101227;2025-04-22 12:16:51;153500.0;36058655;COMPLETED;4;25;2025-04;1;1;FALSE;FALSE
25042207;peter.mason;henry.franklin;100785;2025-04-22 12:43:41;346000.0;23121126;COMPLETED;4;25;2025-04;1;1;FALSE;FALSE
25042208;windermeredesignheritage_org;quarrylanecraftpreservations;101200;2025-04-22 13:43:35;945500.0;87658927;COMPLETED;4;25;2025-04;1;1;FALSE;FALSE
25042209;ramirezauctionpartners;adamscollections;100405;2025-04-22 14:03:28;143000.0;16660212;COMPLETED;4;25;2025-04;3;3;TRUE;FALSE
25042210;bobby;GrantMercer;100215;2025-04-22 14:06:49;434500.0;87292197;COMPLETED;4;25;2025-04;2;2;TRUE;FALSE
25042211;windermerepublicartconservan;meridianmillercollections;100361;2025-04-22 14:32:13;520000.0;;PENDING;4;25;2025-04;6;;TRUE;FALSE
25042212;wexlercapital2;farahholdings1;100259;2025-04-22 14:42:59;791000.0;16660212;COMPLETED;4;25;2025-04;2;2;TRUE;FALSE
25042213;martinheritagesales;cassidy.mason;101151;2025-04-22 15:02:14;145000.0;87658927;COMPLETED;4;25;2025-04;1;1;FALSE;FALSE
25042214;santiago.alvarez;nathan58;100164;2025-04-22 15:18:54;319500.0;35242525;COMPLETED;4;25;2025-04;2;2;TRUE;FALSE
25042215;nathan58;parkhurstpublicartconservanc;100209;2025-04-22 15:44:50;953000.0;36058655;COMPLETED;4;25;2025-04;2;2;TRUE;FALSE
25042216;vanefamilyoffice;foundrybennettfineobjects;101032;2025-04-22 15:55:59;205500.0;23121126;COMPLETED;4;25;2025-04;2;2;TRUE;FALSE
25042217;howellartadvisory;CelesteRoth;101015;2025-04-22 16:17:57;898000.0;77404927;COMPLETED;4;25;2025-04;2;2;TRUE;FALSE
25042218;kai.romero;southbankmaritimeheritagemus;101209;2025-04-22 17:02:33;1574000.0;45562918;COMPLETED;4;25;2025-04;1;1;FALSE;FALSE
25042219;cedarpointculturalmemoryproj;daniel.hall;100574;2025-04-22 17:46:04;1186000.0;;PENDING;4;25;2025-04;1;;FALSE;FALSE
25042220;celine.kapoor;howellartadvisory;100170;2025-04-22 19:32:13;361000.0;12742361;COMPLETED;4;25;2025-04;4;3;TRUE;FALSE
25042301;westhavencraftpreservationso;renee.kim;100951;2025-04-23 14:00:41;847500.0;72880343;REJECTED;4;25;2025-04;1;;FALSE;FALSE
25042302;adamscollections;vivcross7;100204;2025-04-23 14:14:10;152500.0;;PENDING;4;25;2025-04;4;;TRUE;FALSE
25042303;emilia.sullivan_curator;vivcross7;100685;2025-04-23 16:56:32;328000.0;;PENDING;4;25;2025-04;1;;FALSE;FALSE
25042304;atlaslamauctions;franklincollections;100944;2025-04-23 17:56:59;554000.0;11220767;COMPLETED;4;25;2025-04;1;1;FALSE;FALSE
25042401;sabrina.shah;ashlanddecorativeartsarchive;100241;2025-04-24 09:07:13;720000.0;72880343;COMPLETED;4;25;2025-04;3;3;TRUE;FALSE
25042402;foundryzimmermanfineobjects;crossventuresart;100319;2025-04-24 10:00:33;129000.0;16498618;REVERSED;4;25;2025-04;2;;TRUE;FALSE
25042403;elias.zhang;psethi_family6;100702;2025-04-24 14:52:23;559500.0;42365420;COMPLETED;4;25;2025-04;1;1;FALSE;FALSE
25042404;zimmermancollections;meridiannorrisfineobjects;101175;2025-04-24 16:25:12;1515000.0;;PENDING;4;25;2025-04;1;;FALSE;FALSE
25042405;tariqinvests;greatlakesindustrialartsmuse;100541;2025-04-24 16:31:46;820000.0;87658927;COMPLETED;4;25;2025-04;2;2;TRUE;FALSE
25042501;cassidy.mason;keystonepatelfineobjects;100618;2025-04-25 09:52:05;602500.0;87292197;COMPLETED;4;25;2025-04;3;3;TRUE;FALSE
25042502;ruby.reed;vanefamilyoffice;100828;2025-04-25 11:35:26;300500.0;96187039;COMPLETED;4;25;2025-04;2;2;TRUE;FALSE
25042503;serena.huang;yorkfieldfurnituredesignarch;100776;2025-04-25 11:59:57;344500.0;35242525;COMPLETED;4;25;2025-04;1;1;FALSE;FALSE
25042504;santiago.jordan;meridianhassancollections;100717;2025-04-25 17:54:24;383000.0;;PENDING;4;25;2025-04;3;;TRUE;FALSE
25042601;camila.park;HelenaVale;100924;2025-04-26 11:03:53;662000.0;87292197;REJECTED;4;25;2025-04;3;;TRUE;FALSE
25042602;meridiancolemancollections;aaron.olsen;101099;2025-04-26 12:14:40;1006000.0;87658927;REJECTED;4;25;2025-04;3;;TRUE;FALSE
25042603;nadi_whit5;ashcroftcollection;100278;2025-04-26 20:23:15;288500.0;;CANCELLED;4;25;2025-04;6;;TRUE;FALSE
25042701;noelle.lee;paola.santos;101152;2025-04-27 08:43:28;844000.0;96187039;COMPLETED;4;25;2025-04;1;1;FALSE;FALSE
25042702;noelle.lee;oakhollowmuseumofappliedarts;100973;2025-04-27 09:03:14;421500.0;96187039;COMPLETED;4;25;2025-04;1;1;FALSE;FALSE
25042703;darius.howell;santiago.alvarez;100902;2025-04-27 10:51:00;1103000.0;77404927;COMPLETED;4;25;2025-04;1;1;FALSE;FALSE
25042704;noelle.lee;caesar;100893;2025-04-27 12:50:07;308500.0;87292197;COMPLETED;4;25;2025-04;1;1;FALSE;FALSE
25042705;noelle.lee;windermeredesignheritage_org;100920;2025-04-27 15:45:28;269000.0;16498618;COMPLETED;4;25;2025-04;1;1;FALSE;FALSE
25042706;darius.howell;aiden.patel;100858;2025-04-27 19:49:57;2414000.0;87658927;COMPLETED;4;25;2025-04;1;1;FALSE;FALSE
25042801;nathan.hassan;erook_family4;100692;2025-04-28 15:37:18;575500.0;;PENDING;4;25;2025-04;2;;FALSE;FALSE
25042802;tariqinvests;cassidy.mason;100262;2025-04-28 16:42:09;268000.0;;PENDING;4;25;2025-04;4;;TRUE;FALSE
25042803;delilah.kim;brookfieldarchitecturalherit;100696;2025-04-28 19:49:13;969500.0;;CANCELLED;4;25;2025-04;3;;TRUE;FALSE
25042901;jade.campbell;nathan58;100774;2025-04-29 13:42:06;1111000.0;;PENDING;4;25;2025-04;4;;TRUE;FALSE
25042902;vanefamilyoffice;ronanA;100036;2025-04-29 13:44:05;792000.0;;PENDING;4;25;2025-04;3;;TRUE;FALSE
25042903;hearthstonefolkartarchiv_org;adamscollections;100668;2025-04-29 13:46:34;44600.0;;PENDING;4;25;2025-04;2;;FALSE;FALSE
25042904;farah.vasquez;henry.franklin;100750;2025-04-29 14:41:06;147500.0;42365420;FAILED;4;25;2025-04;5;;TRUE;FALSE
25042905;sabrina.shah;wexlercapital2;101009;2025-04-29 14:50:41;399000.0;;PENDING;4;25;2025-04;3;;TRUE;FALSE
25042906;bobby;arcadialamauctions;101195;2025-04-29 14:51:56;272000.0;;PENDING;4;25;2025-04;2;;TRUE;FALSE
25042907;southbankmaritimeheritagemus;ruby.reed;100896;2025-04-29 16:39:01;238000.0;;PENDING;4;25;2025-04;4;;TRUE;FALSE
25042908;ronashcroft7;meridianmillercollections;100349;2025-04-29 17:19:50;121000.0;;PENDING;4;25;2025-04;3;;TRUE;FALSE
25042909;vivian.reyes_finance;elmsteadculturalmemoryprojec;100943;2025-04-29 20:43:10;711000.0;72880343;REJECTED;4;25;2025-04;1;;FALSE;FALSE
25043001;redcedarfolkartfoundation;howellartadvisory;101153;2025-04-30 09:19:08;606000.0;11220767;COMPLETED;4;25;2025-04;1;1;FALSE;FALSE
25043002;croth_alt;aaliyah.baker;101177;2025-04-30 09:56:20;1052000.0;96187039;COMPLETED;4;25;2025-04;1;1;FALSE;FALSE
25043003;HelenaVale;blair.kaur;101163;2025-04-30 12:08:05;637500.0;77404927;COMPLETED;4;25;2025-04;1;1;FALSE;FALSE
25043004;zane.thomas;walkercollections;101201;2025-04-30 12:09:47;1936000.0;75941901;COMPLETED;4;25;2025-04;1;1;FALSE;FALSE
25043005;valeheritagefund;fairmontmaritimeheritagemuse;101184;2025-04-30 12:56:47;1547000.0;87292197;COMPLETED;4;25;2025-04;1;1;FALSE;FALSE
25043006;crossventuresart;valecapital2;101205;2025-04-30 13:16:00;3862000.0;87658927;COMPLETED;4;25;2025-04;1;1;FALSE;FALSE
25043007;greatlakesindustrialartsmuse;rosemontdesignheritagecenter;101242;2025-04-30 14:40:13;772500.0;77404927;COMPLETED;4;25;2025-04;1;1;FALSE;FALSE
25043008;iris.knight;liucollections;101187;2025-04-30 14:49:46;775000.0;75941901;COMPLETED;4;25;2025-04;1;1;FALSE;FALSE
25043009;silvermarsharchitecturalheri;tariqinvests;100287;2025-04-30 15:26:13;486500.0;;FAILED;4;25;2025-04;2;;FALSE;FALSE
25043010;elias.garcia;keystonepatelfineobjects;101154;2025-04-30 15:50:03;1409000.0;23121126;COMPLETED;4;25;2025-04;1;1;FALSE;FALSE
25043011;fairmontdesignheritagecenter;valecapital2;101247;2025-04-30 15:55:00;1993000.0;45562918;COMPLETED;4;25;2025-04;1;1;FALSE;FALSE
25043012;liucollections;ashcroftcapital2;101146;2025-04-30 16:33:12;606000.0;11220767;COMPLETED;4;25;2025-04;1;1;FALSE;FALSE
25043013;windermerepublicartconservan;crownyoungfineobjects;101248;2025-04-30 17:00:52;161500.0;16498618;COMPLETED;4;25;2025-04;1;1;FALSE;FALSE
25043014;DominicHale;vivian.vega;101190;2025-04-30 17:16:20;607500.0;36058655;COMPLETED;4;25;2025-04;1;1;FALSE;FALSE
