exp_id;amount;d_id;description;date;requested_by;approved_by
500006;155.00;6200;office stuff;2023-01-23;NULL;NULL
500002;15.00;2120;hosting;2023-01-24;NULL;NULL
500004;30.00;6200;office stuff;2023-01-25;NULL;NULL
500003;30.00;2120;software;2023-01-26;NULL;NULL
500007;40.00;2120;hosting;2023-01-26;NULL;NULL
500005;30.00;2120;software;2023-01-30;NULL;NULL
500008;93.56;2120;hosting;2023-01-31;NULL;NULL
500001;121.39;2120;hosting;2023-02-01;NULL;NULL
500011;30.00;7200;flyers;2023-02-10;NULL;NULL
500016;40.00;7200;flyers;2023-02-10;NULL;NULL
500019;15.00;2120;software;2023-02-10;NULL;NULL
500014;110.00;2120;hosting;2023-02-12;NULL;NULL
500009;155.00;2120;adapter for demo laptop;2023-02-13;NULL;NULL
500010;40.00;2120;software;2023-02-13;NULL;NULL
500022;85.00;6200;office stuff;2023-02-13;NULL;NULL
500013;10.00;2120;software;2023-02-16;NULL;NULL
500021;20.00;2120;software;2023-02-16;NULL;NULL
500017;68.76;6200;office stuff;2023-02-17;NULL;NULL
500012;310.00;2120;hosting;2023-02-21;NULL;NULL
500018;143.69;2120;adapter for demo laptop;2023-02-24;NULL;NULL
500024;106.31;2120;hosting;2023-02-28;NULL;NULL
500015;367.10;2120;hosting;2023-03-01;NULL;NULL
500023;43.66;2120;software;2023-03-01;NULL;NULL
500020;80.00;7200;flyers;2023-03-02;NULL;NULL
500030;270.00;7200;ads;2023-03-04;NULL;NULL
500039;40.00;2120;hosting;2023-03-08;NULL;NULL
500032;475.00;7200;ads;2023-03-09;NULL;NULL
500033;40.00;7200;poster print;2023-03-09;NULL;NULL
500036;60.00;2120;hosting;2023-03-09;NULL;NULL
500037;505.00;7200;ads;2023-03-10;NULL;NULL
500034;70.00;7200;poster print;2023-03-11;NULL;NULL
500038;313.30;2120;hosting;2023-03-16;NULL;NULL
500028;240.00;3100;train - museum meeting;2023-03-19;NULL;NULL
500031;55.00;7200;startup night flyers;2023-03-22;NULL;NULL
500026;220.00;7200;poster print;2023-03-23;NULL;NULL
500025;200.00;7200;demo materials;2023-03-27;NULL;NULL
500029;480.00;7200;ads;2023-03-28;NULL;NULL
500027;250.00;7200;poster print;2023-03-29;NULL;NULL
500035;35.00;7200;demo materials;2023-04-10;NULL;NULL
500050;315.00;4200;boxes for Northbridge;2023-04-11;NULL;NULL
500063;2605.00;4200;insurance quote consultation;2023-04-11;NULL;NULL
500041;115.00;4110;photographer for museum objects;2023-04-12;NULL;NULL
500066;217.41;4110;photographer for museum objects;2023-04-12;NULL;NULL
500055;80.00;3100;museum outreach travel;2023-04-17;NULL;NULL
500040;120.00;3100;museum outreach travel;2023-04-18;NULL;NULL
500058;605.00;4120;Northbridge condition assessment;2023-04-18;NULL;NULL
500059;546.44;4200;boxes for Northbridge;2023-04-18;NULL;NULL
500061;305.00;4200;insurance quote consultation;2023-04-18;NULL;NULL
500062;1830.00;5100;lawyer - partnership agreement;2023-04-18;NULL;NULL
500067;2835.00;5100;lawyer call;2023-04-18;NULL;NULL
500048;210.00;2120;server;2023-04-19;NULL;NULL
500042;480.00;4200;packing materials for Northbridge;2023-04-20;NULL;NULL
500047;160.00;3100;museum outreach travel;2023-04-21;NULL;NULL
500052;2420.00;5100;lawyer call;2023-04-21;NULL;NULL
500044;435.00;4200;insurance quote consultation;2023-04-24;NULL;NULL
500064;180.00;4110;photographer for museum objects;2023-04-24;NULL;NULL
500060;1160.00;4200;Northbridge transport and handling;2023-04-26;NULL;NULL
500053;500.00;4110;photographer for museum objects;2023-04-28;NULL;NULL
500045;1260.00;5100;lawyer call;2023-04-29;NULL;NULL
500065;1285.00;4200;Northbridge insurance consultation;2023-04-29;NULL;NULL
500046;1081.11;3100;museum outreach travel;2023-05-01;NULL;NULL
500043;1025.00;2120;server;2023-05-02;NULL;NULL
500049;130.00;3100;museum outreach travel;2023-05-02;NULL;NULL
500056;315.00;4200;Northbridge visit - mileage + parking;2023-05-02;NULL;NULL
500057;1367.82;4200;Northbridge insurance consultation;2023-05-02;NULL;NULL
500051;320.00;4110;photographer for museum objects;2023-05-05;NULL;NULL
500054;650.00;2120;server;2023-05-05;NULL;NULL
500084;609.13;7200;launch social ads;2023-05-07;NULL;NULL
500088;2960.00;5100;lawyer call;2023-05-08;NULL;NULL
500081;310.00;2120;server;2023-05-10;NULL;NULL
500083;700.00;6110;bookkeeping;2023-05-10;NULL;NULL
500086;260.00;3100;museum outreach travel;2023-05-10;NULL;NULL
500091;2905.00;5100;lawyer call;2023-05-11;NULL;NULL
500074;2045.00;5100;lawyer call;2023-05-12;NULL;NULL
500069;1695.00;6120;reconciliation;2023-05-14;NULL;NULL
500077;300.00;3100;museum outreach travel;2023-05-15;NULL;NULL
500079;655.00;7200;Launch campaign - paid social;2023-05-15;NULL;NULL
500068;390.00;6120;reconciliation;2023-05-16;NULL;NULL
500096;335.00;7200;promo design;2023-05-17;NULL;NULL
500075;825.00;3100;museum outreach travel;2023-05-19;NULL;NULL
500090;300.00;7100;customer support;2023-05-19;NULL;NULL
500085;1355.00;5100;lawyer call;2023-05-22;NULL;NULL
500087;850.00;3100;museum outreach travel;2023-05-23;NULL;NULL
500093;190.00;7200;launch social ads;2023-05-23;NULL;NULL
500094;175.00;7200;launch social ads;2023-05-24;NULL;NULL
500072;765.00;6120;reconciliation;2023-05-25;NULL;NULL
500095;2135.00;4200;boxes for Northbridge;2023-05-25;NULL;NULL
500070;180.00;2120;server;2023-05-26;NULL;NULL
500082;1345.00;7200;launch social ads;2023-05-29;NULL;NULL
500078;225.00;2120;server;2023-05-30;NULL;NULL
500080;2335.00;5100;lawyer call;2023-05-30;NULL;NULL
500073;70.00;7200;launch social ads;2023-05-31;NULL;NULL
500076;4610.00;7200;promo design;2023-05-31;NULL;NULL
500071;720.00;3100;museum outreach travel;2023-06-01;NULL;NULL
500089;360.00;2120;server;2023-06-01;NULL;NULL
500092;450.00;3100;museum outreach travel;2023-06-01;NULL;NULL
500097;760.00;6120;reconciliation;2023-06-01;NULL;NULL
500101;290.00;6110;bookkeeping;2023-06-02;NULL;NULL
500104;2170.00;5100;lawyer call;2023-06-05;NULL;NULL
500110;420.00;4200;insurance quote consultation;2023-06-06;NULL;NULL
500107;410.00;1100;Corporate filing fees;2023-06-07;NULL;NULL
500106;2185.00;4200;insurance quote consultation;2023-06-12;NULL;NULL
500108;662.80;1100;registered agent setup;2023-06-12;NULL;NULL
500109;500.00;6110;bookkeeping;2023-06-12;NULL;NULL
500102;90.60;1100;Corporate filing fees;2023-06-13;NULL;NULL
500103;2850.00;1100;Corporate filing fees;2023-06-14;NULL;NULL
500099;165.00;2120;dev tools;2023-06-16;NULL;NULL
500100;480.00;6110;bookkeeping;2023-06-16;NULL;NULL
500098;120.00;2120;dev tools;2023-06-19;NULL;NULL
500105;884.51;4200;insurance quote consultation;2023-06-19;NULL;NULL
500139;1162.47;6200;employee setup;2023-06-20;NULL;NULL
500124;1970.00;2120;laptop / gear;2023-06-21;NULL;NULL
500118;823.03;7200;launch social ads;2023-06-22;NULL;NULL
500130;5117.14;7200;launch social ads;2023-06-22;NULL;NULL
500153;370.00;2120;server;2023-06-22;NULL;NULL
500145;2160.00;2120;laptop / gear;2023-06-23;23062301;23062302
500128;540.00;3100;museum outreach travel;2023-06-26;23062301;23062302
500113;6490.00;5100;lawyer call;2023-06-27;23062301;23062302
500117;2764.32;2120;laptop / gear;2023-06-27;23062302;NULL
500122;640.00;6200;employee setup;2023-06-27;23062302;23062301
500119;3258.33;7200;launch social ads;2023-06-28;23062301;23062302
500121;761.95;2120;laptop / gear;2023-06-28;23062301;23062302
500143;580.00;2120;dev tools;2023-06-28;23062302;23062301
500148;371.36;2120;dev tools;2023-06-28;23062302;23062301
500141;840.00;3100;museum outreach travel;2023-06-29;23062301;NULL
500151;1950.28;6200;employee setup;2023-06-29;23062301;23062302
500116;991.91;6200;recruiter;2023-06-30;23062301;23062302
500127;1282.76;6110;bookkeeping;2023-06-30;23062301;23062302
500126;1390.00;3100;museum outreach travel;2023-07-03;23062301;23062302
500155;2130.00;5100;lawyer call;2023-07-03;NULL;23062301
500134;830.00;6200;employee setup;2023-07-04;23070303;23062301
500136;100.00;2120;dev tools;2023-07-04;23062302;23070303
500140;1690.00;2120;laptop / gear;2023-07-04;23062302;23062301
500147;927.98;3100;museum outreach travel;2023-07-04;23062301;23070303
500114;1260.00;2120;server;2023-07-05;23062302;23070303
500135;1540.00;2120;server;2023-07-05;23062302;23062301
500131;300.00;2120;dev tools;2023-07-06;23062302;23070303
500146;820.00;3100;museum outreach travel;2023-07-06;23062301;23070303
500111;1040.00;2120;server;2023-07-07;23062301;23062302
500115;1320.00;2120;laptop / gear;2023-07-07;NULL;NULL
500142;6240.00;7200;launch social ads;2023-07-07;23070303;23062301
500150;3000.00;6200;recruiter;2023-07-07;23070303;23062302
500154;2320.00;5100;lawyer call;2023-07-07;23070303;23062302
500133;4020.00;7200;launch social ads;2023-07-08;23070303;23062301
500137;1340.00;3100;museum outreach travel;2023-07-08;23062301;NULL
500112;2020.00;2120;server;2023-07-11;23062302;23070303
500138;2320.00;2120;laptop / gear;2023-07-11;23062301;23070303
500120;630.00;6200;employee setup;2023-07-12;23070303;23062301
500149;1820.00;7200;launch social ads;2023-07-12;23070303;23062302
500125;2250.00;6110;bookkeeping;2023-07-13;23062301;23062302
500144;450.76;3100;museum outreach travel;2023-07-13;23062301;23070303
500129;740.00;6110;bookkeeping;2023-07-15;23062301;23070303
500132;1116.30;6200;recruiter;2023-07-15;23070303;23062302
500123;70.00;2120;dev tools;2023-07-17;NULL;NULL
500152;600.00;2120;server;2023-07-17;23062302;NULL
500169;1564.25;6200;recruiter;2023-07-19;23070303;23062301
500178;110.00;2120;dev tools;2023-07-19;23062302;NULL
500197;3275.57;5100;lawyer call;2023-07-19;23070303;23062302
500164;1140.00;4200;insurance quote consultation;2023-07-21;23062301;23062302
500168;1990.00;3100;museum outreach travel;2023-07-21;23062301;23070303
500182;2900.00;6200;recruiter;2023-07-21;23070303;NULL
500187;760.00;4200;boxes for Northbridge;2023-07-21;23062301;23070303
500196;5892.97;4200;insurance quote consultation;2023-07-22;23062301;23070303
500166;3020.00;4200;boxes for Northbridge;2023-07-24;23062301;23062302
500198;4413.43;7200;launch social ads;2023-07-24;23070303;23062302
500161;660.00;3100;museum outreach travel;2023-07-25;23062301;23070303
500209;654.29;2120;server;2023-07-25;23062301;23070303
500162;1180.00;3100;museum outreach travel;2023-07-26;23062301;23070303
500208;1408.59;5100;lawyer call;2023-07-26;23062301;23070303
500210;840.00;3100;museum outreach travel;2023-07-26;23062301;23062302
500157;1830.00;6200;recruiter;2023-07-27;23070303;23062301
500195;110.00;2120;server;2023-07-27;23062301;23070303
500202;4960.00;4200;insurance quote consultation;2023-07-28;23062301;NULL
500171;80.00;2120;dev tools;2023-07-29;23062302;23070303
500186;2180.00;2120;server;2023-07-31;23062301;NULL
500156;640.54;2120;server;2023-08-01;23062302;23062301
500188;480.00;4120;condition check;2023-08-01;23062301;23062302
500189;880.00;2120;server;2023-08-01;NULL;23062301
500200;3000.00;4200;insurance quote consultation;2023-08-02;23062301;23062302
500193;3250.00;4120;condition check;2023-08-03;23062301;23062302
500176;3582.58;4200;boxes for Northbridge;2023-08-04;23062301;23062302
500206;1100.00;3100;museum outreach travel;2023-08-04;23062301;23062302
500158;10400.00;6200;recruiter;2023-08-05;23070303;23062302
500181;14510.00;4200;insurance quote consultation;2023-08-07;23062301;23070303
500183;16450.00;6200;recruiter;2023-08-07;23070303;23062301
500190;1530.00;4120;condition check;2023-08-07;23062301;23062302
500192;2980.00;4200;boxes for Northbridge;2023-08-07;23062301;23070303
500175;2240.00;7200;launch social ads;2023-08-08;23070303;23062301
500201;510.00;2120;dev tools;2023-08-08;23062301;23070303
500179;4163.30;4200;boxes for Northbridge;2023-08-09;23062301;23070303
500180;2500.00;4120;condition check;2023-08-09;23062301;23070303
500185;240.00;2120;dev tools;2023-08-10;23062302;23070303
500207;760.00;2120;dev tools;2023-08-10;23062302;23062301
500159;190.00;3100;museum outreach travel;2023-08-11;23062301;23062302
500173;1456.28;3100;museum outreach travel;2023-08-11;23062301;23062302
500191;2250.69;4120;condition check;2023-08-11;23062301;23070303
500172;246.06;2120;dev tools;2023-08-13;23062301;23070303
500167;6810.00;4200;boxes for Northbridge;2023-08-15;23062301;23062302
500184;3590.00;4200;insurance quote consultation;2023-08-15;23062301;23062302
500199;600.00;2120;server;2023-08-15;23062301;23062302
500203;410.00;3100;museum outreach travel;2023-08-16;23062301;23070303
500204;1080.00;2120;server;2023-08-16;23062302;23070303
500165;280.00;2120;dev tools;2023-08-17;23062301;23062302
500174;430.00;4200;boxes for Northbridge;2023-08-18;23062301;23070303
500163;1523.02;7200;launch social ads;2023-08-21;23070303;23062301
500194;980.00;2120;server;2023-08-22;23062302;23070303
500205;410.00;2120;dev tools;2023-08-22;23062302;23070303
500160;1490.00;2120;server;2023-08-23;23062302;23062301
500170;6740.00;7200;launch social ads;2023-08-24;23070303;23062302
500177;1260.00;3100;museum outreach travel;2023-08-24;23062301;23062302
500223;1310.00;4120;Valuation and condition assessment;2023-08-25;23062301;23062302
500252;28000.00;5100;Outside counsel - commercial terms;2023-08-25;23062301;23062302
500270;3070.00;2120;AWS Aug 2023;2023-08-25;23062301;23062302
500286;460.00;6200;Employee onboarding - Aug 2023;2023-08-25;23070303;23062301
500254;1938.28;3100;Institutional partner travel - Aug 2023;2023-08-26;23062301;23062302
500232;4482.96;4120;Valuation and condition assessment;2023-08-28;23062301;23070303
500255;2136.56;7200;Event materials and production;2023-08-28;23070303;23062302
500272;560.00;3100;Institutional partner travel - Aug 2023;2023-08-28;23062301;23070303
500243;2130.00;4110;Provenance research services;2023-08-29;NULL;23062301
500247;1343.85;3100;Institutional partner travel - Aug 2023;2023-08-29;23062301;23070303
500250;5200.00;4110;Provenance research services;2023-08-29;23062301;23070303
500277;1420.00;4200;Asset insurance services - Aug 2023;2023-08-29;23062301;23070303
500279;2273.61;4120;Valuation and condition assessment;2023-08-29;23062301;23062302
500212;3090.00;6200;Recruitment services - Aug 2023;2023-08-30;NULL;23062302
500242;960.00;7200;Event materials and production;2023-08-30;23070303;23062301
500215;1634.53;3100;Institutional partner travel - Aug 2023;2023-08-31;23062301;23070303
500220;862.86;7200;Event materials and production;2023-09-01;23070303;23062301
500259;1830.00;6200;Recruitment services - Sep 2023;2023-09-01;23070303;23062302
500241;1360.00;2120;AWS Sep 2023;2023-09-02;23062302;23062301
500288;2120.00;3100;Institutional partner travel - Sep 2023;2023-09-02;23062301;23070303
500280;630.00;6200;Employee onboarding - Sep 2023;2023-09-03;23070303;23062301
500216;350.00;2120;AWS Sep 2023;2023-09-04;23062301;23062302
500222;1210.00;4200;boxes for Northbridge;2023-09-05;60706330;23070303
500235;950.00;4110;Asset photography - Sep 2023;2023-09-05;60706330;23070303
500273;560.00;3100;Institutional partner travel - Sep 2023;2023-09-05;63336966;23062301
500287;14260.00;5100;Outside counsel - commercial terms;2023-09-05;23070303;NULL
500253;1240.00;3100;museum outreach travel;2023-09-06;63336966;23070303
500262;2726.82;4200;Asset transport and handling;2023-09-06;60706330;23070303
500221;11668.09;5100;Outside counsel - corporate matters;2023-09-07;23062301;23070303
500264;520.00;2120;AWS Sep 2023;2023-09-07;23062301;23062302
500265;878.66;3100;Institutional partner travel - Sep 2023;2023-09-07;63336966;23070303
500234;160.09;4110;Asset photography - Sep 2023;2023-09-08;60706330;23062301
500245;2650.00;4110;Provenance research services;2023-09-08;60706330;23062301
500249;1810.00;3100;Institutional partner travel - Sep 2023;2023-09-08;63336966;23062301
500283;2720.00;4110;Provenance research services;2023-09-08;23062301;23070303
500285;820.00;4120;Valuation and condition assessment;2023-09-08;23062301;NULL
500291;1720.00;7200;Event materials and production;2023-09-08;23070303;23062302
500282;2027.28;5100;Outside counsel - asset custody;2023-09-10;23062301;60706330
500238;770.00;4200;boxes for Northbridge;2023-09-11;63336966;23070303
500231;2350.00;6200;Recruitment services - Sep 2023;2023-09-12;23070303;64166280
500267;480.00;3100;Institutional partner travel - Sep 2023;2023-09-12;63336966;23062301
500295;540.00;4110;Asset photography - Sep 2023;2023-09-12;23062301;23062302
500211;1160.00;3100;Institutional partner travel - Sep 2023;2023-09-13;63336966;23062302
500260;5430.00;4200;Asset transport and handling;2023-09-13;63336966;23062302
500227;2040.00;4200;Asset insurance services - Sep 2023;2023-09-14;60706330;23070303
500229;1340.00;4110;Provenance research services;2023-09-14;23062301;23070303
500225;774.20;3100;Institutional partner travel - Sep 2023;2023-09-15;63336966;23062302
500226;680.00;4200;Asset transport and handling;2023-09-15;63336966;23062301
500292;4036.84;4110;Provenance research services;2023-09-15;47132966;60706330
500294;1370.00;4120;Valuation and condition assessment;2023-09-18;23062301;64166280
500233;1490.00;6200;Recruitment services - Sep 2023;2023-09-19;23062302;23062301
500244;994.31;6200;Employee onboarding - Sep 2023;2023-09-19;23062301;60706330
500263;2527.85;6200;Recruitment services - Sep 2023;2023-09-19;23062302;NULL
500276;2379.60;4110;Asset photography - Sep 2023;2023-09-19;47132966;23062302
500217;1030.00;4200;Asset transport and handling;2023-09-20;63336966;23062302
500224;440.00;3100;Institutional partner travel - Sep 2023;2023-09-20;64166280;63336966
500237;3120.00;4200;boxes for Northbridge;2023-09-20;60706330;NULL
500261;1834.27;3100;museum outreach travel;2023-09-20;23062301;64166280
500240;1040.00;5100;Outside counsel - asset custody;2023-09-21;23062301;23070303
500256;790.00;3100;Institutional partner travel - Sep 2023;2023-09-21;64166280;63336966
500218;5050.00;4200;Asset transport and handling;2023-09-22;60706330;23062301
500228;8640.00;6200;Recruitment services - Sep 2023;2023-09-22;23070303;64166280
500257;1514.36;3100;Institutional partner travel - Sep 2023;2023-09-22;63336966;23070303
500289;1600.00;7200;Event materials and production;2023-09-22;23070303;23062301
500293;3560.00;4200;Asset insurance services - Sep 2023;2023-09-22;63336966;23062301
500213;8670.00;4200;Asset insurance services - Sep 2023;2023-09-25;60706330;23070303
500219;1190.00;4110;Provenance research services;2023-09-25;47132966;64166280
500214;827.86;4200;Asset transport and handling;2023-09-26;60706330;64166280
500230;1530.00;4200;Asset transport and handling;2023-09-26;60706330;63336966
500236;3350.00;6200;Recruitment services - Sep 2023;2023-09-26;23070303;23062301
500271;1194.55;4120;Valuation and condition assessment;2023-09-26;60706330;23070303
500284;400.00;3100;Institutional partner travel - Sep 2023;2023-09-26;63336966;64166280
500246;3670.00;6200;Recruitment services - Sep 2023;2023-09-27;23070303;23062301
500251;416.97;4200;Asset transport and handling;2023-09-27;63336966;64166280
500266;12929.67;5100;Outside counsel - supplier agreement;2023-09-27;23062301;63336966
500239;2181.84;6200;Employee onboarding - Sep 2023;2023-09-28;23070303;23062301
500258;620.16;2120;AWS Sep 2023;2023-09-28;23062301;23070303
500269;916.44;4110;Asset photography - Sep 2023;2023-09-28;47132966;23062302
500275;650.71;4110;Asset photography - Sep 2023;2023-09-28;47132966;23062301
500281;734.23;3100;Institutional partner travel - Sep 2023;2023-09-28;23062301;63336966
500290;2000.00;4110;Asset photography - Sep 2023;2023-09-28;47132966;23070303
500248;790.00;3100;Institutional partner travel - Sep 2023;2023-09-29;23062301;60706330
500268;7390.00;3100;Institutional partner travel - Sep 2023;2023-09-29;64166280;23062301
500274;920.00;6200;Employee onboarding - Sep 2023;2023-09-29;23070303;23062301
500278;2690.00;4110;asset research;2023-09-29;47132966;23070303
500348;700.00;7100;Client support platform - Oct 2023;2023-10-03;23070303;60706330
500324;2900.00;6120;Transaction processing support - Oct 2023;2023-10-04;23062302;23062301
500353;9372.64;5100;Outside counsel - transaction framework;2023-10-05;23070303;23062301
500334;323.57;2120;Engineering tools - Oct 2023;2023-10-06;72738553;23070303
500342;667.41;7100;Client support platform - Oct 2023;2023-10-06;23070303;64166280
500358;630.00;6120;reconciliation;2023-10-06;23062302;23062301
500395;175.16;2120;dev tools;2023-10-06;72738553;63336966
500311;2350.00;2300;External security review;2023-10-09;23062302;60706330
500328;953.87;6120;Transaction processing support - Oct 2023;2023-10-09;23062302;23070303
500307;1693.78;6120;Transaction processing support - Oct 2023;2023-10-10;23062302;23062301
500333;750.00;2120;Engineering tools - Oct 2023;2023-10-10;10945904;23062301
500380;10912.82;5100;Outside counsel - privacy and compliance;2023-10-10;23062301;23070303
500364;839.30;2120;AWS Oct 2023;2023-10-11;72738553;23062301
500365;710.00;4200;Asset transport and handling;2023-10-11;63336966;23062301
500367;1380.00;6120;Transaction processing support - Oct 2023;2023-10-11;23062302;64166280
500314;3120.00;2120;AWS Oct 2023;2023-10-12;10945904;23062301
500366;1510.00;2120;AWS Oct 2023;2023-10-12;72738553;23070303
500361;150.00;2120;dev tools;2023-10-14;37959476;NULL
500385;1770.00;7200;Paid media campaign - Oct 2023;2023-10-14;23070303;NULL
500312;620.00;2120;Engineering tools - Oct 2023;2023-10-15;37959476;NULL
500296;1225.88;6200;Employee onboarding - Oct 2023;2023-10-16;23070303;63336966
500316;612.69;3100;Institutional partner travel - Oct 2023;2023-10-16;23062301;64166280
500330;812.36;2120;Engineering tools - Oct 2023;2023-10-16;37959476;23070303
500332;759.84;7100;Client support platform - Oct 2023;2023-10-16;23070303;23062301
500390;832.00;6200;Recruitment services - Oct 2023;2023-10-16;23070303;23062301
500320;3060.00;4200;Asset transport and handling;2023-10-17;60706330;23062301
500341;700.00;2120;AWS Oct 2023;2023-10-18;10945904;23070303
500345;750.00;2120;Engineering tools - Oct 2023;2023-10-18;10945904;64166280
500354;1916.74;6120;Transaction processing support - Oct 2023;2023-10-18;37959476;23070303
500370;7288.65;2300;External security review;2023-10-18;23062302;23070303
500371;5691.29;5100;Outside counsel - transaction framework;2023-10-18;23070303;NULL
500377;1720.00;7100;Client support platform - Oct 2023;2023-10-18;23070303;NULL
500388;10894.11;5100;Outside counsel - platform terms;2023-10-18;23070303;23062302
500391;690.00;2120;Engineering tools - Oct 2023;2023-10-18;10945904;23062302
500300;820.00;2300;External security review;2023-10-19;23062302;64166280
500302;546.07;3100;Institutional partner travel - Oct 2023;2023-10-19;64166280;23062302
500313;9500.00;6120;Transaction processing support - Oct 2023;2023-10-19;37959476;23070303
500319;1988.68;2300;security review;2023-10-19;23062302;64166280
500339;750.00;3100;Institutional partner travel - Oct 2023;2023-10-19;23062301;63336966
500303;5170.00;6120;reconciliation;2023-10-20;37959476;23070303
500389;3108.25;6120;Transaction processing support - Oct 2023;2023-10-20;37959476;23062301
500355;1120.00;3100;Institutional partner travel - Oct 2023;2023-10-21;23062301;63336966
500308;3510.00;6200;Recruitment services - Oct 2023;2023-10-22;23070303;23062301
500315;8160.00;6120;Transaction processing support - Oct 2023;2023-10-23;37959476;63336966
500317;2970.00;2120;AWS Oct 2023;2023-10-23;69733054;64166280
500338;1780.00;2120;AWS Oct 2023;2023-10-23;37959476;23062301
500369;4240.00;6120;Transaction processing support - Oct 2023;2023-10-23;37959476;23070303
500382;5850.00;3100;Institutional partner travel - Oct 2023;2023-10-23;63336966;23062301
500384;1594.57;6200;Recruitment services - Oct 2023;2023-10-23;23070303;NULL
500336;12761.58;7200;Paid media campaign - Oct 2023;2023-10-24;23070303;23062301
500299;7691.47;6200;Recruitment services - Oct 2023;2023-10-25;23070303;23062301
500331;1870.00;7200;Paid media campaign - Oct 2023;2023-10-25;23070303;23062301
500373;1760.00;7200;Paid media campaign - Oct 2023;2023-10-25;23070303;23062301
500393;1163.40;3100;Institutional partner travel - Oct 2023;2023-10-25;63336966;23070303
500301;70.00;2120;Engineering tools - Oct 2023;2023-10-26;72738553;64166280
500376;4134.30;7200;Paid media campaign - Oct 2023;2023-10-26;23070303;23062302
500381;200.00;2120;Engineering tools - Oct 2023;2023-10-26;69733054;23062301
500387;3850.00;4200;Asset transport and handling;2023-10-26;60706330;23062301
500349;520.00;7100;Client support platform - Oct 2023;2023-10-27;23070303;60706330
500386;10290.00;6200;recruiter;2023-10-27;23070303;23062302
500329;2270.00;4200;Asset transport and handling;2023-10-30;63336966;23070303
500360;1900.00;2120;Engineering tools - Oct 2023;2023-10-30;37959476;23062301
500368;690.00;2120;AWS Oct 2023;2023-10-30;69733054;23062302
500372;1137.75;7100;Client support platform - Oct 2023;2023-10-30;23070303;64166280
500378;9953.14;4200;Asset transport and handling;2023-10-31;63336966;23062301
500343;514.59;3100;Institutional partner travel - Nov 2023;2023-11-01;23062301;64166280
500383;1730.00;2120;AWS Nov 2023;2023-11-01;26887263;23062301
500335;3180.00;2120;AWS Nov 2023;2023-11-02;37959476;63336966
500379;5760.00;4200;Asset transport and handling;2023-11-02;60706330;23062301
500298;1760.00;2300;External security review;2023-11-05;26887263;60706330
500297;1189.17;6200;Recruitment services - Nov 2023;2023-11-06;23070303;26887263
500309;810.00;2120;Engineering tools - Nov 2023;2023-11-06;37959476;23062301
500356;520.00;2120;server;2023-11-06;37959476;23070303
500325;1197.50;7200;Paid media campaign - Nov 2023;2023-11-07;23070303;23062301
500346;599.12;2120;Engineering tools - Nov 2023;2023-11-07;69733054;63336966
500363;3220.00;7200;Paid media campaign - Nov 2023;2023-11-07;23070303;60706330
500357;790.00;6200;employee setup;2023-11-08;23070303;60706330
500344;300.00;7100;Client support platform - Nov 2023;2023-11-09;95209691;23070303
500321;3850.00;4200;Asset transport and handling;2023-11-10;63336966;23070303
500323;1710.00;6120;Transaction processing support - Nov 2023;2023-11-10;87658927;23062301
500327;319.41;2120;Engineering tools - Nov 2023;2023-11-10;37959476;23062302
500392;530.00;2120;AWS Nov 2023;2023-11-10;10945904;23070303
500326;1259.12;6200;Employee onboarding - Nov 2023;2023-11-11;33098996;23062302
500322;4680.00;5100;Outside counsel - corporate matters;2023-11-12;23070303;60706330
500375;2158.43;6120;Transaction processing support - Nov 2023;2023-11-13;87658927;23062302
500340;2430.00;2120;AWS Nov 2023;2023-11-14;10945904;64166280
500362;1730.00;6120;Transaction processing support - Nov 2023;2023-11-14;87658927;23062301
500304;15230.00;6200;Recruitment services - Nov 2023;2023-11-15;33098996;23062302
500337;10130.00;7200;Paid media campaign - Nov 2023;2023-11-15;23070303;23062302
500347;511.01;2120;AWS Nov 2023;2023-11-15;37959476;23070303
500374;5594.27;6120;reconciliation;2023-11-15;37959476;64166280
500305;1179.03;2120;AWS Nov 2023;2023-11-16;37959476;26887263
500306;14540.00;5100;Outside counsel - supplier agreement;2023-11-16;23070303;63336966
500352;4110.00;5100;Outside counsel - corporate matters;2023-11-16;23070303;23062301
500359;600.00;2120;AWS Nov 2023;2023-11-16;72738553;23062301
500310;830.88;2120;server;2023-11-17;26887263;23062301
500318;9750.00;6200;Recruitment services - Nov 2023;2023-11-17;33098996;23070303
500351;450.00;2120;Engineering tools - Nov 2023;2023-11-17;10945904;60706330
500394;291.28;2120;Engineering tools - Nov 2023;2023-11-17;72738553;23070303
500350;970.00;2120;server;2023-11-18;37959476;23062302
500409;520.00;2120;Engineering tools - Nov 2023;2023-11-19;69733054;60706330
500427;822.59;2120;Additional cloud capacity - November;2023-11-20;72738553;60706330
500454;1280.00;2120;Production hosting - traffic expansion;2023-11-20;37959476;63336966
500458;3380.00;2300;External security review;2023-11-20;26887263;60706330
500470;2998.91;7100;Temporary customer support coverage;2023-11-20;95209691;64166280
500479;14230.00;6200;Recruitment services - Nov 2023;2023-11-20;33098996;64166280
500510;1300.00;7200;Paid media campaign - Nov 2023;2023-11-20;23070303;64166280
500520;3940.00;5200;verification;2023-11-20;23070303;64166280
500490;1260.00;7100;Client support platform - Nov 2023;2023-11-21;95209691;23062302
500500;4351.57;7100;Support contractor coverage;2023-11-21;95209691;64166280
500539;2400.00;2120;Engineering tools - Nov 2023;2023-11-21;37959476;23070303
500545;1163.14;6110;Accounting support - Nov 2023;2023-11-21;23062301;63336966
500402;5153.16;4200;Asset transport and handling;2023-11-22;60706330;26887263
500429;1461.39;7100;Support contractor coverage;2023-11-22;95209691;64166280
500461;504.20;6200;Employee onboarding - Nov 2023;2023-11-22;33098996;63336966
500431;330.00;2120;Engineering tools - Nov 2023;2023-11-23;72738553;23070303
500432;240.00;2120;Engineering tools - Nov 2023;2023-11-23;37959476;64166280
500465;1210.00;6200;Employee onboarding - Nov 2023;2023-11-23;33098996;23062301
500518;5543.54;6200;Recruitment services - Nov 2023;2023-11-23;33098996;60706330
500442;6560.00;2300;External security review;2023-11-24;26887263;23062302
500469;3540.00;2300;External security review;2023-11-24;26887263;23062302
500534;18137.50;6200;Recruitment services - Nov 2023;2023-11-24;33098996;64166280
500494;5180.00;6200;Recruitment services - Nov 2023;2023-11-25;33098996;26887263
500526;480.00;2120;Engineering tools - Nov 2023;2023-11-25;69733054;23062301
500449;3920.00;2120;Cloud infrastructure - Nov 2023;2023-11-26;37959476;23062301
500408;1911.31;7200;Paid media campaign - Nov 2023;2023-11-27;23070303;60706330
500421;2718.37;6120;Transaction processing support - Nov 2023;2023-11-27;87658927;23062301
500424;4781.18;2120;Production hosting - traffic expansion;2023-11-27;10945904;NULL
500504;1390.00;6200;Workplace supplies - Nov 2023;2023-11-27;33098996;64166280
500523;3470.00;7200;Paid media campaign - Nov 2023;2023-11-27;23070303;60706330
500423;4859.90;6200;Recruitment services - Nov 2023;2023-11-28;33098996;63336966
500459;3740.00;2120;Production hosting - traffic expansion;2023-11-28;10945904;23062302
500464;1930.00;4200;Asset transport and handling;2023-11-28;60706330;23062301
500491;690.00;2120;Cloud infrastructure - Nov 2023;2023-11-28;37959476;63336966
500530;4110.00;6200;Recruitment services - Nov 2023;2023-11-28;33098996;23062302
500537;2280.00;7100;Support contractor coverage;2023-11-29;95209691;64166280
500410;6699.08;7200;Communications advisory - Nov 2023;2023-11-30;23070303;23062301
500419;12200.00;6200;Recruitment services - Nov 2023;2023-11-30;33098996;64166280
500435;387.67;7100;Temporary customer support coverage;2023-11-30;95209691;26887263
500447;3134.78;6200;Recruitment services - Nov 2023;2023-11-30;33098996;23062301
500453;8350.00;5100;Outside counsel - supplier agreement;2023-11-30;23062301;23062302
500484;4669.77;2120;Additional cloud capacity - November;2023-11-30;22619675;23062301
500497;1400.00;7100;Temporary customer support coverage;2023-11-30;95209691;23062302
500437;2450.00;6120;Transaction processing support - Dec 2023;2023-12-01;87658927;23062301
500489;3290.00;2300;External security review;2023-12-01;26887263;23070303
500501;3130.00;7100;Temporary customer support coverage;2023-12-01;95209691;60706330
500540;1920.00;5200;Buyer verification services - Dec 2023;2023-12-01;23070303;23062302
500455;2231.00;7200;Paid media campaign - Dec 2023;2023-12-04;23070303;23062302
500496;7570.00;5100;Outside counsel - corporate matters;2023-12-04;23062301;23070303
500498;1170.00;6200;Recruitment services - Dec 2023;2023-12-04;33098996;23070303
500531;7180.00;2300;External security review;2023-12-04;84921849;23062301
500420;1830.00;5100;Outside counsel - commercial terms;2023-12-05;23062301;63336966
500456;358.61;2120;Cloud infrastructure - Nov 2023;2023-12-05;10945904;23070303
500468;946.91;7100;Support contractor coverage;2023-12-05;95209691;23062302
500513;2130.00;2120;Additional cloud capacity - November;2023-12-05;10945904;23062301
500399;365.85;2120;Engineering tools - Dec 2023;2023-12-06;22619675;23070303
500400;2093.23;6120;Transaction processing support - Dec 2023;2023-12-06;87658927;60706330
500471;5260.00;7200;Communications advisory - Dec 2023;2023-12-06;23070303;23062301
500483;2789.45;6110;Accounting support - Dec 2023;2023-12-06;23062301;64166280
500521;6620.00;5200;verification;2023-12-06;59497116;23062301
500463;6600.00;7200;Paid media campaign - Dec 2023;2023-12-07;23070303;63336966
500488;950.00;2120;Additional cloud capacity - November;2023-12-07;22619675;23070303
500502;930.00;7200;Paid media campaign - Dec 2023;2023-12-07;23070303;23062302
500508;2430.00;6200;Recruitment services - Dec 2023;2023-12-07;33098996;NULL
500514;540.00;4200;Asset transport and handling;2023-12-07;60706330;26887263
500533;1000.00;2120;Production hosting - traffic expansion;2023-12-07;26887263;23062302
500398;978.71;7100;Support contractor coverage;2023-12-08;95209691;23070303
500441;4400.00;7100;Support contractor coverage;2023-12-09;95209691;23062301
500516;12720.00;7200;Communications advisory - Dec 2023;2023-12-09;23070303;64166280
500522;11080.00;7200;Communications advisory - Dec 2023;2023-12-09;23070303;60706330
500480;15050.00;7200;Communications advisory - Dec 2023;2023-12-10;23070303;60706330
500506;1490.00;6200;Employee onboarding - Dec 2023;2023-12-10;33098996;63336966
500396;3870.00;2300;External security review;2023-12-11;26887263;23121126
500425;1320.00;6200;Recruitment services - Dec 2023;2023-12-11;33098996;63336966
500451;1169.04;2120;Cloud infrastructure - Nov 2023;2023-12-11;10945904;23062301
500474;4510.00;7200;Paid media campaign - Dec 2023;2023-12-11;23070303;23062302
500495;5033.94;7100;Temporary customer support coverage;2023-12-11;95209691;23070303
500505;1740.00;6120;Transaction processing support - Dec 2023;2023-12-11;87658927;23062302
500414;2640.00;7200;Paid media campaign - Dec 2023;2023-12-12;23070303;23062301
500448;1040.00;2300;External security review;2023-12-12;26887263;64166280
500482;1300.19;6200;Workplace supplies - Dec 2023;2023-12-12;33098996;23070303
500519;5840.00;7200;Communications advisory - Dec 2023;2023-12-12;23070303;60706330
500544;760.00;7100;Temporary customer support coverage;2023-12-12;95209691;23062301
500486;1799.53;6200;employee setup;2023-12-13;33098996;23062301
500525;1110.00;7200;Paid media campaign - Dec 2023;2023-12-13;23070303;23121126
500397;11150.00;6200;recruiter;2023-12-14;33098996;23062301
500426;1210.00;6200;Employee onboarding - Dec 2023;2023-12-14;33098996;23070303
500478;4840.00;6200;Recruitment services - Dec 2023;2023-12-14;33098996;23121126
500527;27530.00;7200;Communications advisory - Dec 2023;2023-12-14;23070303;23062301
500417;3460.00;6200;Workplace supplies - Dec 2023;2023-12-15;33098996;23070303
500443;1790.00;2120;Cloud infrastructure - Nov 2023;2023-12-15;37959476;26887263
500446;550.00;2120;Production hosting - traffic expansion;2023-12-15;69733054;23062302
500450;3588.28;5200;verification;2023-12-15;59497116;23121126
500472;1750.00;7100;Client support platform - Nov 2023;2023-12-15;95209691;59497116
500536;6610.00;4200;Asset transport and handling;2023-12-15;60706330;23062301
500524;6220.00;7100;Temporary customer support coverage;2023-12-16;11194139;64166280
500406;199.11;2120;Engineering tools - Dec 2023;2023-12-18;69733054;23070303
500428;1510.00;5200;Buyer verification services - Dec 2023;2023-12-18;59497116;23121126
500517;2780.00;6200;Workplace supplies - Dec 2023;2023-12-18;33098996;63336966
500407;5000.00;5100;Outside counsel - platform terms;2023-12-19;59497116;11194139
500412;3407.18;6120;Transaction processing support - Dec 2023;2023-12-19;87658927;NULL
500507;640.00;2120;Engineering tools - Dec 2023;2023-12-19;26887263;23121126
500515;1190.00;6200;Workplace supplies - Dec 2023;2023-12-19;33098996;63336966
500541;15660.00;4200;Asset transport and handling;2023-12-19;63336966;23062302
500542;490.00;2120;Additional cloud capacity - November;2023-12-19;26887263;59497116
500422;720.00;6200;Recruitment services - Dec 2023;2023-12-20;33098996;23062301
500493;2741.17;6200;recruiter;2023-12-20;33098996;23062301
500511;13600.00;7100;Client support platform - Nov 2023;2023-12-20;95209691;23062302
500413;4880.00;6200;Recruitment services - Dec 2023;2023-12-21;33098996;23062301
500434;6670.00;7100;Client support platform - Nov 2023;2023-12-21;79784072;23062301
500445;5670.00;4200;Asset transport and handling;2023-12-21;60706330;23121126
500452;190.63;2120;Production hosting - traffic expansion;2023-12-21;84921849;23062301
500503;7510.00;6200;Recruitment services - Dec 2023;2023-12-21;33098996;23121126
500529;580.00;6120;Transaction processing support - Dec 2023;2023-12-21;37959476;23062301
500401;7500.00;4200;Asset transport and handling;2023-12-22;63336966;23070303
500403;16380.00;4200;Asset transport and handling;2023-12-22;63336966;23121126
500404;1910.00;2120;Cloud infrastructure - Nov 2023;2023-12-22;22619675;26887263
500430;5250.00;7200;Communications advisory - Dec 2023;2023-12-22;11194139;23121126
500439;12212.38;5100;Outside counsel - commercial terms;2023-12-22;59497116;23070303
500444;2710.00;6200;Recruitment services - Dec 2023;2023-12-22;33098996;64166280
500475;3646.33;6200;Recruitment services - Dec 2023;2023-12-22;33098996;23070303
500509;4200.00;4200;Asset transport and handling;2023-12-22;63336966;23062301
500473;1120.00;2120;Additional cloud capacity - November;2023-12-24;22619675;23070303
500440;700.00;2120;Cloud infrastructure - Nov 2023;2023-12-25;90903063;59497116
500457;1916.76;6200;Workplace supplies - Dec 2023;2023-12-25;33098996;23062301
500411;1920.00;2120;Engineering tools - Dec 2023;2023-12-26;72738553;26887263
500436;22900.00;7200;Paid media campaign - Dec 2023;2023-12-26;11194139;23062301
500460;430.00;2120;Additional cloud capacity - November;2023-12-26;72738553;59497116
500466;2250.00;7200;Paid media campaign - Dec 2023;2023-12-26;23070303;26887263
500485;17300.00;4200;Asset transport and handling;2023-12-26;63336966;64166280
500499;3146.17;6200;Employee onboarding - Dec 2023;2023-12-26;33098996;64166280
500512;2374.59;2120;Production hosting - traffic expansion;2023-12-26;22619675;11194139
500543;760.00;2120;Engineering tools - Dec 2023;2023-12-26;10945904;11194139
500418;1130.00;6200;Employee onboarding - Dec 2023;2023-12-27;23070303;60706330
500492;7970.00;7200;Communications advisory - Dec 2023;2023-12-27;23070303;59497116
500415;1710.53;6110;Accounting support - Dec 2023;2023-12-28;48499646;11194139
500416;468.93;7100;Temporary customer support coverage;2023-12-28;95209691;63336966
500462;4206.07;6120;Transaction processing support - Dec 2023;2023-12-28;37959476;64166280
500477;6470.00;6200;Recruitment services - Dec 2023;2023-12-28;23070303;23062301
500528;1260.00;6200;Recruitment services - Dec 2023;2023-12-28;23070303;23062301
500405;690.00;6200;Employee onboarding - Dec 2023;2023-12-29;23070303;23062301
500433;14180.00;7100;Temporary customer support coverage;2023-12-29;79784072;23062301
500438;680.00;2120;dev tools;2023-12-29;37959476;23062301
500467;930.00;6120;Transaction processing support - Dec 2023;2023-12-29;37959476;23121126
500476;450.00;7100;Temporary customer support coverage;2023-12-29;11194139;23062301
500481;9027.09;5100;Outside counsel - asset custody;2023-12-29;59497116;11194139
500487;14325.08;5100;Outside counsel - privacy and compliance;2023-12-29;59497116;23121126
500532;1420.00;2120;Additional cloud capacity - November;2023-12-29;84921849;23121126
500535;5861.74;6200;Recruitment services - Dec 2023;2023-12-29;23070303;23062302
500538;4130.00;5100;Outside counsel - privacy and compliance;2023-12-29;59497116;11194139
500557;3820.00;4200;Asset transport and handling;2024-01-01;63336966;23062301
500580;8882.76;3100;Institutional partner travel - Jan 2024;2024-01-01;64166280;23062301
500584;9320.00;5100;Legal services - transaction framework;2024-01-01;59497116;64166280
500649;390.00;2120;Cloud infrastructure - Jan 2024;2024-01-01;10945904;23062301
500555;2050.00;2120;Cloud infrastructure - Jan 2024;2024-01-02;26887263;23121126
500591;7300.00;4200;Insured storage services - Jan 2024;2024-01-02;63336966;23121126
500589;5481.94;4200;High-value shipment insurance;2024-01-03;63336966;11194139
500634;7970.33;5100;Legal services - supplier agreement;2024-01-03;59497116;23062302
500631;1100.00;2120;Software licenses - Engineering;2024-01-04;37959476;63336966
500609;4640.00;7200;Digital campaign services - Jan 2024;2024-01-05;33087235;23062301
500598;1540.00;4200;Insured storage services - Jan 2024;2024-01-09;63336966;23070303
500614;9690.00;2120;AWS Jan 2024;2024-01-09;10945904;23121126
500552;11950.00;4200;High-value shipment insurance;2024-01-10;63336966;23062302
500562;2950.00;5100;Legal services - supplier agreement;2024-01-10;59497116;23070303
500567;600.00;2120;Software licenses - Engineering;2024-01-10;90903063;23062302
500600;875.03;6200;New hire equipment and onboarding;2024-01-10;33098996;59497116
500573;3120.00;2120;Cloud infrastructure - Jan 2024;2024-01-12;69733054;63336966
500582;1090.00;2300;Access monitoring and security tooling;2024-01-12;26887263;23121126
500599;2169.86;6110;Finance and reconciliation services;2024-01-12;23121126;23062301
500578;21621.17;5100;Legal services - transaction framework;2024-01-14;59497116;23121126
500551;2740.00;7100;Temporary client support coverage;2024-01-15;79784072;23070303
500563;4760.00;7200;Digital campaign services - Jan 2024;2024-01-15;11194139;23070303
500620;1570.00;2120;Cloud infrastructure - Jan 2024;2024-01-15;10945904;23070303
500621;3761.22;4200;Insured storage services - Jan 2024;2024-01-15;60706330;26887263
500571;3960.00;2300;Access monitoring and security tooling;2024-01-17;84921849;23121126
500623;2394.12;2120;Cloud infrastructure - Jan 2024;2024-01-17;69733054;63336966
500586;1130.00;4200;High-value shipment insurance;2024-01-18;60706330;23070303
500636;810.00;2120;Cloud infrastructure - Jan 2024;2024-01-18;26887263;23062302
500570;9620.00;6200;Recruiting agency services;2024-01-19;33098996;23062301
500583;3394.23;6200;Recruiting agency services;2024-01-19;33098996;60706330
500601;2194.74;6200;Office and workplace services;2024-01-22;33098996;23062301
500618;990.98;6200;New hire equipment and onboarding;2024-01-22;21097316;60706330
500650;1157.04;7100;Temporary client support coverage;2024-01-22;79784072;60706330
500569;4725.06;4200;High-value shipment insurance;2024-01-23;63336966;23062301
500603;2800.00;2120;Cloud infrastructure - Jan 2024;2024-01-23;10945904;11194139
500627;590.00;6200;Employee onboarding - Jan 2024;2024-01-23;21097316;32845340
500635;4643.26;6110;Finance and reconciliation services;2024-01-23;48499646;23062302
500548;6334.79;6200;Recruiting agency services;2024-01-24;33098996;23121126
500575;330.49;2120;Software licenses - Engineering;2024-01-24;22619675;23062302
500610;2010.00;6110;Finance and reconciliation services;2024-01-24;48499646;60706330
500585;18272.61;4200;Insured storage services - Jan 2024;2024-01-25;63336966;23062301
500616;14582.71;6200;Recruiting agency services;2024-01-25;33098996;23070303
500604;210.00;2120;Software licenses - Engineering;2024-01-26;69733054;23062301
500549;780.00;7100;Temporary client support coverage;2024-01-29;95209691;23062302
500559;1700.00;2120;Cloud infrastructure - Jan 2024;2024-01-29;22619675;21097316
500588;1870.82;2120;Cloud infrastructure - Jan 2024;2024-01-29;90903063;23121126
500619;960.00;3100;Seller partnership travel - Jan 2024;2024-01-29;64166280;23062302
500556;1940.00;5100;Legal services - transaction framework;2024-01-30;59497116;23062301
500576;14050.00;2300;Access monitoring and security tooling;2024-01-30;84921849;23121126
500624;2130.00;6200;New hire equipment and onboarding;2024-01-31;33098996;23121126
500574;4820.00;6200;Recruiting agency services;2024-02-01;21097316;23062301
500590;691.30;6110;Finance and reconciliation services;2024-02-02;23121126;23062301
500606;15030.00;5100;Legal services - transaction framework;2024-02-02;59497116;23121126
500608;610.00;3100;Institutional partner travel - Feb 2024;2024-02-02;45672962;23070303
500625;505.81;2120;Cloud infrastructure - Feb 2024;2024-02-02;37959476;23062302
500638;2250.00;6110;Finance and reconciliation services;2024-02-04;48499646;23121126
500564;6580.00;6200;Recruiting agency services;2024-02-05;33098996;23070303
500565;6330.00;4200;Insured storage services - Feb 2024;2024-02-05;60706330;23062301
500643;13130.00;7200;Digital campaign services - Feb 2024;2024-02-05;88376361;63336966
500560;7490.00;4200;Insured storage services - Feb 2024;2024-02-06;63336966;32845340
500597;2200.00;7200;Digital campaign services - Feb 2024;2024-02-06;23070303;23121126
500640;183.00;2120;Software licenses - Engineering;2024-02-06;72738553;23121126
500566;150.00;2120;Software licenses - Engineering;2024-02-07;63322433;23062301
500642;7600.00;4200;Insured storage services - Feb 2024;2024-02-07;60706330;32845340
500553;1670.00;6110;Finance and reconciliation services;2024-02-09;48499646;11194139
500577;710.00;7100;Temporary client support coverage;2024-02-09;11194139;21097316
500595;6800.00;7100;Client support platform - Feb 2024;2024-02-09;11194139;60706330
500628;2053.17;7100;Temporary client support coverage;2024-02-09;79784072;23062302
500646;1080.00;7100;Client support platform - Feb 2024;2024-02-09;11194139;23070303
500615;1030.00;7100;Temporary client support coverage;2024-02-12;79784072;26887263
500593;960.00;7100;Temporary client support coverage;2024-02-13;11194139;23062301
500611;9660.00;4200;Insured storage services - Feb 2024;2024-02-13;63336966;23070303
500641;380.00;2120;Software licenses - Engineering;2024-02-13;66409136;23062301
500587;16500.00;5100;Legal services - transaction framework;2024-02-14;59497116;23070303
500644;5660.00;6200;Recruiting agency services;2024-02-14;21097316;23121126
500558;3556.93;3100;Seller partnership travel - Feb 2024;2024-02-15;64166280;23121126
500572;250.00;2120;Software licenses - Engineering;2024-02-15;63322433;63336966
500633;4580.00;4200;Secure custody transfer;2024-02-15;60706330;64166280
500632;40890.00;5100;Legal services - supplier agreement;2024-02-16;59497116;23062301
500596;710.26;2120;Cloud infrastructure - Feb 2024;2024-02-17;90903063;59497116
500561;5870.00;7200;Digital campaign services - Feb 2024;2024-02-19;88376361;23121126
500568;4090.00;6200;Recruitment services - Feb 2024;2024-02-19;33098996;23062301
500613;600.00;7100;Temporary client support coverage;2024-02-20;95209691;21097316
500547;1180.00;6110;Finance and reconciliation services;2024-02-21;48499646;23121126
500602;1230.00;7100;Temporary client support coverage;2024-02-21;11194139;23121126
500637;985.53;6110;Finance and reconciliation services;2024-02-21;48499646;63336966
500546;1280.00;6200;Recruitment services - Feb 2024;2024-02-22;33098996;26887263
500550;2845.69;7100;Temporary client support coverage;2024-02-22;95209691;23062301
500626;3097.48;3100;Seller partnership travel - Feb 2024;2024-02-22;64166280;26887263
500639;7210.00;4200;High-value shipment insurance;2024-02-22;63336966;23070303
500647;4460.00;5100;Legal services - platform terms;2024-02-22;59497116;32845340
500594;1430.00;2120;Software licenses - Engineering;2024-02-23;37959476;32845340
500648;680.40;6200;Recruitment services - Feb 2024;2024-02-23;21097316;23121126
500617;850.00;6200;Office and workplace services;2024-02-25;33098996;23121126
500612;4530.00;7200;Paid media campaign - Feb 2024;2024-02-26;23070303;11194139
500645;8130.00;4200;Insured storage services - Feb 2024;2024-02-26;60706330;21097316
500579;1380.00;7200;Digital campaign services - Feb 2024;2024-02-27;23070303;23121126
500581;8010.00;6200;Recruiting agency services;2024-02-27;21097316;23070303
500592;390.00;4200;Secure custody transfer;2024-02-27;60706330;23062302
500605;1600.00;2120;Cloud infrastructure - Feb 2024;2024-02-27;84921849;23121126
500622;532.06;3100;Seller partnership travel - Feb 2024;2024-02-27;64166280;32845340
500554;1608.54;2120;Cloud infrastructure - Feb 2024;2024-02-29;37959476;23121126
500607;5400.00;5100;Legal services - corporate matters;2024-02-29;59497116;23070303
500629;7120.00;4200;Secure custody transfer;2024-02-29;63336966;23070303
500630;1710.00;7100;Temporary client support coverage;2024-02-29;11194139;23062301
500657;7850.00;5100;Legal services - asset custody;2024-03-01;59497116;23062301
500709;20540.00;5100;Legal services - platform terms;2024-03-01;59497116;60706330
500697;3420.00;4110;Seller provenance review;2024-03-03;47132966;32845340
500651;1370.00;3100;Institutional partner travel - Mar 2024;2024-03-04;64166280;23121126
500658;380.00;2120;Cloud infrastructure - Mar 2024;2024-03-04;63322433;23062301
500704;3161.91;2120;Cloud infrastructure - Mar 2024;2024-03-04;90903063;23062301
500726;2638.86;2120;Cloud infrastructure - Mar 2024;2024-03-05;90903063;23062301
500654;970.00;4110;Provenance research services;2024-03-06;47132966;21097316
500670;1720.00;4120;Independent appraisal services;2024-03-06;23062301;21097316
500684;2909.04;4200;High-value shipment insurance;2024-03-06;63336966;21097316
500655;4710.00;4200;Insured storage services - Mar 2024;2024-03-07;60706330;23070303
500692;850.00;6200;Office and workplace services;2024-03-07;21097316;23121126
500687;4760.00;7200;Digital campaign services - Mar 2024;2024-03-08;88376361;23062302
500699;10110.00;5100;Legal services - asset custody;2024-03-08;59497116;23062301
500710;210.00;2120;Software licenses - Engineering;2024-03-08;37959476;21097316
500746;2300.00;2120;Cloud infrastructure - Mar 2024;2024-03-08;10945904;32845340
500747;1697.74;5200;Due diligence and compliance services;2024-03-08;59497116;23062301
500755;2190.68;2120;Cloud infrastructure - Mar 2024;2024-03-08;66409136;23070303
500759;896.88;5100;Legal services - commercial terms;2024-03-08;35242525;11194139
500659;4070.00;7100;Temporary client support coverage;2024-03-11;95209691;21097316
500661;3660.00;5200;Due diligence and compliance services;2024-03-11;90543121;60706330
500706;1200.00;6200;Office and workplace services;2024-03-11;21097316;23121126
500719;9040.00;2120;Cloud infrastructure - Mar 2024;2024-03-11;26887263;23070303
500674;530.00;2120;Software licenses - Engineering;2024-03-13;22619675;35242525
500696;3860.00;5200;Due diligence and compliance services;2024-03-13;90543121;23062302
500741;16496.42;6120;Payment reconciliation tooling;2024-03-13;37959476;26887263
500685;710.00;2120;Cloud infrastructure - Mar 2024;2024-03-14;72738553;23062301
500721;2975.73;6120;Payment reconciliation tooling;2024-03-14;37959476;23121126
500676;7885.45;5100;Legal services - commercial terms;2024-03-15;35242525;23070303
500718;944.01;3100;Institutional partner travel - Mar 2024;2024-03-15;63336966;23121126
500737;2000.00;4120;Independent appraisal services;2024-03-15;23062301;23070303
500701;6483.81;4200;Insured storage services - Mar 2024;2024-03-17;63336966;23121126
500678;330.00;2120;Software licenses - Engineering;2024-03-18;90903063;23062302
500693;1510.00;4200;Secure custody transfer;2024-03-18;63336966;11194139
500736;2590.00;4200;Secure custody transfer;2024-03-18;60706330;35242525
500711;3680.00;6120;Payment reconciliation tooling;2024-03-19;87658927;23121126
500738;2000.00;2120;AWS Mar 2024;2024-03-19;84921849;23070303
500750;2455.12;6200;Recruiting agency services;2024-03-19;21097316;23062302
500752;2597.10;5100;Legal services - commercial terms;2024-03-19;59497116;23121126
500756;2748.65;4120;Independent appraisal services;2024-03-19;23062301;NULL
500712;1200.00;6200;Office and workplace services;2024-03-20;31739933;64166280
500740;3089.48;4110;Seller provenance review;2024-03-20;47132966;23062301
500749;4370.00;5200;Due diligence and compliance services;2024-03-20;75941901;64166280
500656;4490.00;6110;Finance and reconciliation services;2024-03-21;23121126;64166280
500672;930.00;3100;Seller partnership travel - Mar 2024;2024-03-21;64166280;21097316
500675;3710.00;6120;Payment reconciliation tooling;2024-03-21;87658927;23062302
500745;1570.00;2120;Cloud infrastructure - Mar 2024;2024-03-21;22619675;23070303
500660;1430.00;3100;Seller partnership travel - Mar 2024;2024-03-22;64166280;60706330
500681;24670.00;4200;High-value shipment insurance;2024-03-22;63336966;23121126
500703;6810.00;4110;Seller provenance review;2024-03-22;47132966;59497116
500715;11860.00;5200;Due diligence and compliance services;2024-03-22;90543121;64166280
500724;2560.00;6120;Payment reconciliation tooling;2024-03-22;87658927;23062301
500663;2581.03;6110;Finance and reconciliation services;2024-03-23;48499646;23062301
500668;3140.00;4110;Seller provenance review;2024-03-25;47132966;23062301
500669;3980.00;4200;Asset transport and handling;2024-03-25;60706330;23121126
500666;1281.69;4110;Seller provenance review;2024-03-26;47132966;23121126
500690;1390.00;4200;Secure custody transfer;2024-03-26;60706330;23062301
500725;5527.82;4200;Insured storage services - Mar 2024;2024-03-26;63336966;64166280
500653;1282.92;7100;Temporary client support coverage;2024-03-27;95209691;35242525
500677;2530.00;2120;Cloud infrastructure - Mar 2024;2024-03-27;66409136;63336966
500698;4338.53;4120;Independent appraisal services;2024-03-27;60706330;23062301
500720;21980.00;5100;Outside counsel - platform terms;2024-03-27;35242525;32845340
500728;1290.00;3100;Seller partnership travel - Mar 2024;2024-03-27;23062301;60706330
500713;1840.77;6200;Office and workplace services;2024-03-28;21097316;23062301
500727;180.00;2120;Software licenses - Engineering;2024-03-28;72738553;21097316
500760;790.00;6110;Accounting support - Mar 2024;2024-03-28;48499646;26887263
500714;11335.01;4200;Secure custody transfer;2024-03-29;60706330;64166280
500717;4780.00;4200;Secure custody transfer;2024-03-29;63336966;23062301
500730;2020.00;4120;Independent appraisal services;2024-03-31;60706330;11194139
500742;2080.00;5200;Due diligence and compliance services;2024-04-01;90543121;23121126
500686;2499.05;4200;Insured storage services - Apr 2024;2024-04-03;60706330;23062301
500702;3065.21;5200;Due diligence and compliance services;2024-04-03;59497116;23121126
500708;380.00;2120;Software licenses - Engineering;2024-04-03;37959476;23121126
500735;801.78;6120;Payment reconciliation tooling;2024-04-03;23121126;23070303
500662;2750.00;3100;Seller partnership travel - Apr 2024;2024-04-04;63336966;60706330
500739;4010.00;4110;Seller provenance review;2024-04-04;47132966;23062301
500683;929.82;2120;Cloud infrastructure - Apr 2024;2024-04-05;10945904;23121126
500748;1177.31;6110;Finance and reconciliation services;2024-04-07;48499646;23070303
500664;7090.00;5100;Legal services - commercial terms;2024-04-08;35242525;23121126
500689;4376.93;5100;Legal services - privacy and compliance;2024-04-08;35242525;23062301
500751;3750.00;6200;Recruiting agency services;2024-04-09;31739933;23070303
500667;20480.00;7200;Digital campaign services - Apr 2024;2024-04-10;11194139;23121126
500673;2310.00;3100;Seller partnership travel - Apr 2024;2024-04-10;45672962;23062302
500694;2160.00;4200;Secure custody transfer;2024-04-10;60706330;23121126
500716;1200.00;7100;Temporary client support coverage;2024-04-10;79784072;23062301
500729;400.00;2120;Software licenses - Engineering;2024-04-10;84921849;35242525
500758;2410.00;7100;Temporary client support coverage;2024-04-10;95209691;23062301
500688;5513.45;5200;Due diligence and compliance services;2024-04-11;75941901;60706330
500733;15030.00;5100;Legal services - transaction framework;2024-04-11;59497116;23121126
500682;3790.00;4120;Independent appraisal services;2024-04-12;60706330;23070303
500691;730.00;6200;Office and workplace services;2024-04-12;33098996;23121126
500731;13920.00;4200;Secure custody transfer;2024-04-12;60706330;21097316
500753;1720.00;7100;Temporary client support coverage;2024-04-12;95209691;32845340
500700;3072.71;7200;Digital campaign services - Apr 2024;2024-04-14;33087235;23062301
500665;700.00;3100;Seller partnership travel - Apr 2024;2024-04-15;10580306;23070303
500680;1864.09;6200;Office and workplace services;2024-04-15;31739933;11194139
500722;990.00;7100;Client support platform - Apr 2024;2024-04-15;79784072;64166280
500744;6172.87;5200;Due diligence and compliance services;2024-04-15;35242525;23121126
500734;4500.00;4200;Secure custody transfer;2024-04-16;60706330;32845340
500707;3270.00;4200;High-value shipment insurance;2024-04-17;60706330;64166280
500723;798.52;3100;Seller partnership travel - Apr 2024;2024-04-17;23062301;64166280
500732;1850.00;6200;Office and workplace services;2024-04-17;33098996;23121126
500743;785.20;2120;Software licenses - Engineering;2024-04-17;69733054;26887263
500695;3581.66;4200;Insured storage services - Apr 2024;2024-04-18;63336966;23062302
500671;2290.00;7100;Temporary client support coverage;2024-04-19;79784072;23121126
500679;1040.42;6200;Workplace supplies - Apr 2024;2024-04-19;31739933;23070303
500705;320.00;2120;Software licenses - Engineering;2024-04-19;26887263;59497116
500754;1280.00;4200;Secure custody transfer;2024-04-19;63336966;23062302
500757;3100.00;4200;Secure custody transfer;2024-04-19;63336966;32845340
500652;335.51;3100;Seller partnership travel - Apr 2024;2024-04-20;45672962;23121126
500768;1559.91;2120;Cloud infrastructure - Apr 2024;2024-04-21;37959476;11194139
500761;5180.00;6120;Payment reconciliation tooling;2024-04-22;23121126;23062302
500779;8012.68;5200;Due diligence and compliance services;2024-04-22;90543121;23062301
500785;1228.35;4200;Secure custody transfer;2024-04-22;67723916;23070303
500769;5040.00;5200;Due diligence and compliance services;2024-04-23;59497116;26887263
500762;1860.00;6120;Payment reconciliation tooling;2024-04-24;87658927;23070303
500782;2120.00;4200;Secure custody transfer;2024-04-24;63336966;59497116
500764;57456.72;5100;Legal services - ongoing disputes;2024-04-25;35242525;NULL
500766;6361.98;5100;Legal services - custody rights;2024-04-25;59497116;23070303
500774;1151.78;6120;Payment reconciliation tooling;2024-04-25;87658927;21097316
500777;1780.00;3100;Seller partnership travel - Apr 2024;2024-04-25;45672962;23121126
500783;1370.00;2120;Cloud infrastructure - Apr 2024;2024-04-25;10945904;23121126
500763;3690.00;6120;Transaction processing support - Apr 2024;2024-04-26;87658927;23121126
500772;14623.79;5100;Legal services - ongoing disputes;2024-04-26;59497116;63336966
500778;1194.16;3100;Seller partnership travel - Apr 2024;2024-04-27;10580306;26887263
500771;550.00;3100;Seller partnership travel - Apr 2024;2024-04-28;80798169;23070303
500770;11589.59;5100;Legal services - employment matters;2024-04-29;16498618;60706330
500765;2650.00;5200;Due diligence and compliance services;2024-04-30;90543121;63336966
500767;5800.00;6120;Payment reconciliation tooling;2024-04-30;37959476;60706330
500775;2580.00;2120;Cloud infrastructure - Apr 2024;2024-04-30;84921849;23121126
500776;1039.30;3100;Seller partnership travel - Apr 2024;2024-04-30;80798169;NULL
500780;7690.00;5200;Due diligence and compliance services;2024-04-30;90543121;64166280
500781;3280.00;5200;Due diligence and compliance services;2024-04-30;90543121;11194139
500784;5930.00;6120;Payment reconciliation tooling;2024-04-30;87658927;23070303
500773;2350.00;6110;Finance and reconciliation services;2024-05-01;48499646;63336966
500788;7680.54;4200;Secure custody transfer;2024-05-02;60706330;64166280
500795;2810.00;5200;Due diligence and compliance services;2024-05-02;59497116;23070303
500813;910.00;2120;Cloud infrastructure - May 2024;2024-05-02;84921849;23062301
500819;1640.00;6120;Payment reconciliation tooling;2024-05-02;23121126;63336966
500792;2705.68;6120;Payment reconciliation tooling;2024-05-03;37959476;23062301
500793;6936.70;5100;Legal services - employment matters;2024-05-03;59497116;63336966
500796;604.30;5100;Legal services - employment matters;2024-05-03;59497116;23062302
500800;6070.00;5200;Due diligence and compliance services;2024-05-03;59497116;23070303
500804;2930.00;2120;Cloud infrastructure - May 2024;2024-05-03;72738553;23062302
500807;4459.99;5100;Legal services - ongoing disputes;2024-05-03;16498618;23062302
500809;3060.00;4200;Secure custody transfer;2024-05-03;81820605;59497116
500810;1520.00;6120;Payment reconciliation tooling;2024-05-03;87658927;23121126
500820;17670.00;5100;Legal services - employment matters;2024-05-03;35242525;21097316
500790;32183.72;5100;Legal services - custody rights;2024-05-04;59497116;11194139
500802;3716.57;2120;Cloud infrastructure - May 2024;2024-05-05;63322433;26887263
500805;26884.80;5100;Legal services - ownership interpretation;2024-05-05;16498618;23062302
500811;2470.00;6120;Payment reconciliation tooling;2024-05-06;37959476;23070303
500816;2850.00;4200;Secure custody transfer;2024-05-06;73920966;23070303
500787;5000.00;2120;AWS May 2024;2024-05-07;10945904;63336966
500794;1000.00;7200;Media monitoring and communications support;2024-05-07;23070303;32845340
500806;3440.00;4200;Secure custody transfer;2024-05-07;67723916;59497116
500808;1770.00;5100;Legal services - restructuring;2024-05-07;31215320;23062301
500812;58178.36;5100;Legal services - employment matters;2024-05-07;59497116;23062301
500818;2060.00;4200;Secure custody transfer;2024-05-07;67723916;21097316
500791;17660.00;4200;High-value shipment insurance;2024-05-08;73920966;23062301
500797;20066.21;5100;Legal services - restructuring;2024-05-08;35242525;23070303
500799;4560.00;5100;Outside counsel - restructuring;2024-05-08;35242525;23121126
500803;540.00;5100;Legal services - ownership interpretation;2024-05-08;35242525;11194139
500789;3960.00;4200;High-value shipment insurance;2024-05-09;63336966;26887263
500798;2040.00;4200;High-value shipment insurance;2024-05-09;81820605;23121126
500814;4470.00;5100;Outside counsel - custody rights;2024-05-09;31215320;59497116
500815;14170.00;7200;Media monitoring and communications support;2024-05-09;23070303;60706330
500817;56870.00;5100;Outside counsel - ownership interpretation;2024-05-09;59497116;23121126
500786;14890.00;5100;Legal services - institutional claims;2024-05-10;16498618;32845340
500801;12240.00;5100;Legal services - employment matters;2024-05-10;31215320;23070303
500881;3940.68;5100;Outside counsel - institutional claims;2024-05-11;31215320;23062301
500839;7690.00;6120;Payment reconciliation tooling;2024-05-12;87658927;23062301
500848;3321.29;6120;Payment reconciliation tooling;2024-05-12;23121126;11194139
500865;7040.00;4200;Insured storage services - May 2024;2024-05-12;63336966;23121126
500828;6640.58;5200;Due diligence and compliance services;2024-05-13;87292197;35242525
500836;3040.00;5200;Due diligence and compliance services;2024-05-13;75941901;64166280
500852;1960.00;2120;Cloud infrastructure - May 2024;2024-05-13;37959476;21097316
500877;46010.00;5100;Outside counsel - platform ownership claims;2024-05-13;16498618;63336966
500884;4423.27;5200;Due diligence and compliance services;2024-05-13;75941901;60706330
500892;6890.00;4200;Insured storage services - May 2024;2024-05-13;63336966;23070303
500894;25000.00;5200;Due diligence and compliance services;2024-05-13;90543121;11194139
500822;1160.00;2120;Cloud infrastructure - May 2024;2024-05-14;72738553;64166280
500858;20523.61;7200;Communications advisory - May;2024-05-14;32845340;23062301
500861;3700.00;6120;Payment reconciliation tooling;2024-05-14;23121126;23062301
500863;14401.15;7200;Media monitoring and communications support;2024-05-14;88376361;23070303
500869;11490.00;6110;Contract cancellation fee;2024-05-14;36058655;35242525
500870;640.20;2120;Cloud infrastructure - May 2024;2024-05-14;69733054;23062301
500882;1787.18;6110;Finance and reconciliation services;2024-05-14;48499646;23062302
500888;5647.44;5200;Due diligence and compliance services;2024-05-14;75941901;23121126
500890;2960.00;5100;Legal services - ownership review;2024-05-14;35242525;21097316
500849;1675.54;6120;Transaction processing support - May 2024;2024-05-15;87658927;59497116
500855;3990.00;7200;Communications advisory - May;2024-05-15;33087235;23121126
500871;57570.00;5100;Outside counsel - platform ownership claims;2024-05-15;16498618;26887263
500873;14112.62;7200;Digital campaign services - May 2024;2024-05-15;23070303;60706330
500885;2110.00;6110;Contract cancellation fee;2024-05-15;23121126;64166280
500842;14161.99;5100;Legal services - ownership review;2024-05-16;31215320;60706330
500846;2100.00;5100;Outside counsel - institutional claims;2024-05-16;59497116;23070303
500853;1410.00;7100;Temporary client support coverage;2024-05-16;87292197;63336966
500864;2190.00;6120;Payment reconciliation tooling;2024-05-16;87658927;63336966
500868;37659.74;5100;Outside counsel - platform ownership claims;2024-05-16;31215320;11194139
500872;1470.54;5100;Legal services - ownership review;2024-05-16;59497116;23070303
500891;6632.69;7100;Client support platform - May 2024;2024-05-16;79784072;23070303
500825;2780.00;6120;Payment reconciliation tooling;2024-05-17;37959476;23062302
500829;25170.00;7200;Communications advisory - May;2024-05-17;23070303;63336966
500830;6517.29;7200;Communications advisory - May;2024-05-17;32845340;11194139
500833;2467.44;6110;Accounting support - May 2024;2024-05-17;48499646;26887263
500843;4170.00;6110;Finance and reconciliation services;2024-05-17;24965541;35242525
500857;31216.01;7200;Communications advisory - May;2024-05-17;23070303;23062302
500862;32280.12;5100;Outside counsel - institutional claims;2024-05-17;16498618;23062302
500866;1000.00;7100;Temporary client support coverage;2024-05-17;95209691;23070303
500867;16000.00;5200;Due diligence and compliance services;2024-05-17;87292197;23070303
500876;13220.00;4200;Insured storage services - May 2024;2024-05-17;73920966;32845340
500883;2260.00;2120;Cloud infrastructure - May 2024;2024-05-17;72738553;63336966
500893;2800.00;5200;Due diligence and compliance services;2024-05-17;90543121;23070303
500880;14668.89;6120;Payment reconciliation tooling;2024-05-18;37959476;26887263
500821;2220.00;5200;Due diligence and compliance services;2024-05-20;90543121;23121126
500827;19126.15;6120;Payment reconciliation tooling;2024-05-20;23121126;23070303
500847;7400.00;6120;Payment reconciliation tooling;2024-05-20;37959476;23062301
500851;6711.89;5100;Legal services - ownership review;2024-05-20;16498618;64166280
500895;1224.16;7100;Temporary client support coverage;2024-05-20;79784072;23062301
500844;29480.00;5100;Outside counsel - institutional claims;2024-05-21;31215320;23121126
500878;13530.00;6110;Vendor termination charge;2024-05-21;24965541;23062301
500824;47494.20;5100;Legal services - ownership review;2024-05-22;31215320;26887263
500834;3834.13;4200;Insured storage services - May 2024;2024-05-22;63336966;23062301
500845;50960.00;5100;Legal services - ownership review;2024-05-22;35242525;60706330
500879;1100.00;5100;Outside counsel - platform ownership claims;2024-05-22;59497116;64166280
500887;20550.00;5100;Outside counsel - platform ownership claims;2024-05-22;16498618;23062302
500896;37360.00;5100;Outside counsel - institutional claims;2024-05-22;35242525;23062302
500899;3850.00;4200;Insured storage services - May 2024;2024-05-22;73920966;23062301
500831;7500.00;5100;Outside counsel - institutional claims;2024-05-23;16498618;23070303
500835;1420.00;5200;Due diligence and compliance services;2024-05-23;87292197;23070303
500837;7330.00;7200;Media monitoring and communications support;2024-05-23;88376361;35242525
500840;4730.00;4200;Insured storage services - May 2024;2024-05-23;81820605;23121126
500854;560.39;6110;Accounting support - May 2024;2024-05-23;36058655;23062302
500856;13830.00;4200;High-value shipment insurance;2024-05-23;67723916;23062301
500874;55502.83;5100;Legal services - ownership review;2024-05-23;35242525;26887263
500900;2670.00;5200;Due diligence and compliance services;2024-05-23;87292197;23062301
500823;3015.23;5200;Due diligence and compliance services;2024-05-24;35242525;23062302
500826;15019.01;7200;Communications advisory - May;2024-05-24;32845340;23062301
500832;43060.79;5100;Outside counsel - platform ownership claims;2024-05-24;16498618;23121126
500841;21309.83;7200;Communications advisory - May;2024-05-24;88376361;32845340
500860;4460.85;4200;High-value shipment insurance;2024-05-24;73920966;26887263
500889;55340.00;5100;Outside counsel - institutional claims;2024-05-24;31215320;23070303
500897;3160.00;5200;Due diligence and compliance services;2024-05-24;90543121;23121126
500898;2341.73;2120;Cloud infrastructure - May 2024;2024-05-24;22619675;11194139
500886;8980.00;7200;Media monitoring and communications support;2024-05-26;88376361;23121126
500838;3014.86;7200;Digital campaign services - May 2024;2024-05-27;32845340;11194139
500850;1130.00;7100;Temporary client support coverage;2024-05-27;11194139;32845340
500859;8450.00;5200;Due diligence and compliance services;2024-05-27;90543121;23062301
500875;13950.00;5100;Outside counsel - institutional claims;2024-05-27;59497116;23121126
500901;31300.00;5100;Legal services - ongoing disputes;2024-05-28;59497116;23070303
500907;8990.00;5200;Due diligence and compliance services;2024-05-28;59497116;11194139
500927;4909.72;2120;Cloud infrastructure - May 2024;2024-05-28;10945904;11194139
500934;1020.00;6110;Finance and reconciliation services;2024-05-28;48499646;64166280
500953;5530.05;4200;Insured storage services - May 2024;2024-05-28;67723916;23070303
500904;4130.00;6120;Payment reconciliation tooling;2024-05-29;23121126;59497116
500905;18410.00;5100;Specialist ownership opinion;2024-05-29;35242525;59497116
500909;9500.00;5200;Due diligence and compliance services;2024-05-29;75941901;26887263
500921;1380.00;7100;Temporary client support coverage;2024-05-29;87292197;60706330
500924;1270.00;7100;Temporary client support coverage;2024-05-29;87292197;11194139
500932;23340.00;7200;Media monitoring and communications support;2024-05-29;33087235;21097316
500949;35370.00;5100;Outside counsel - additional ownership work;2024-05-29;31215320;60706330
500952;12310.43;4200;High-value shipment insurance;2024-05-29;63336966;23070303
500913;2230.00;5200;Due diligence and compliance services;2024-05-30;90543121;63336966
500948;10690.00;5100;Outside counsel - additional ownership work;2024-05-30;59497116;64166280
500918;5575.15;6120;Payment reconciliation tooling;2024-05-31;23121126;23062302
500919;7492.23;2300;Access monitoring and security tooling;2024-05-31;26887263;23121126
500936;4180.00;5200;Due diligence and compliance services;2024-05-31;90543121;23070303
500941;46460.00;5100;Specialist ownership opinion;2024-05-31;59497116;23070303
500944;8479.15;7200;Media monitoring and communications support;2024-05-31;23070303;23121126
500947;15330.00;5100;Specialist ownership opinion;2024-05-31;35242525;23121126
500954;11940.00;5100;Legal services - ongoing disputes;2024-05-31;16498618;63336966
500955;12990.00;4200;Insured storage services - May 2024;2024-05-31;81820605;23062301
500902;2911.80;5200;Due diligence and compliance services;2024-06-03;87292197;21097316
500908;11250.00;4200;Insured storage services - Jun 2024;2024-06-03;67723916;23062302
500911;3248.69;2300;Access monitoring and security tooling;2024-06-03;89960741;23121126
500917;3030.00;6120;Payment reconciliation tooling;2024-06-03;87658927;23062302
500925;1642.53;6120;Payment reconciliation tooling;2024-06-03;23121126;NULL
500945;19346.00;5200;Due diligence and compliance services;2024-06-03;90543121;23062301
500951;940.00;6110;Finance and reconciliation services;2024-06-03;23121126;21097316
500910;1489.88;6120;Payment reconciliation tooling;2024-06-04;37959476;23070303
500915;1853.39;7100;Temporary client support coverage;2024-06-04;95209691;59497116
500922;18500.00;5200;Due diligence and compliance services;2024-06-04;35242525;60706330
500926;7087.36;4200;High-value shipment insurance;2024-06-04;81820605;23121126
500950;1751.04;5200;Due diligence and compliance services;2024-06-04;87292197;21097316
500903;2665.54;2300;Access monitoring and security tooling;2024-06-05;89960741;59497116
500920;17280.00;5100;Outside counsel - additional ownership work;2024-06-05;35242525;23121126
500933;3220.00;6120;Payment reconciliation tooling;2024-06-05;23121126;60706330
500939;4000.00;6120;Payment reconciliation tooling;2024-06-05;23121126;60706330
500946;720.00;2120;Cloud infrastructure - Jun 2024;2024-06-05;22619675;23121126
500914;6536.63;6120;Payment reconciliation tooling;2024-06-06;37959476;23121126
500929;12780.00;4200;High-value shipment insurance;2024-06-06;73920966;23062301
500935;2000.00;6120;Payment reconciliation tooling;2024-06-06;23121126;26887263
500940;4060.00;6110;Finance and reconciliation services;2024-06-06;36058655;23121126
500943;4460.00;5100;Specialist ownership opinion;2024-06-06;35242525;23062302
500906;3125.53;5100;Specialist ownership opinion;2024-06-07;35242525;23121126
500912;8730.00;5100;Specialist ownership opinion;2024-06-07;16498618;35242525
500923;4528.98;6120;Transaction processing support - Jun 2024;2024-06-07;87658927;23121126
500928;52344.76;5100;Specialist ownership opinion;2024-06-07;31215320;23070303
500930;50030.00;5100;Legal services - ongoing disputes;2024-06-07;59497116;63336966
500931;2863.59;2120;Cloud infrastructure - Jun 2024;2024-06-07;90903063;26887263
500937;8000.00;4200;Insured storage services - Jun 2024;2024-06-07;81820605;23062301
500942;6100.00;5100;Specialist ownership opinion;2024-06-07;35242525;21097316
500916;12890.00;4200;High-value shipment insurance;2024-06-08;73920966;23062301
500938;7988.67;6120;Payment reconciliation tooling;2024-06-08;87658927;21097316
500958;2260.00;6110;Service termination charge;2024-06-10;48499646;26887263
500975;2653.01;4200;Insured storage services - Jun 2024;2024-06-10;60706330;23121126
500963;1630.00;4200;High-value shipment insurance;2024-06-11;67723916;23121126
500973;1240.00;6110;Finance and reconciliation services;2024-06-11;36058655;35242525
500967;2787.24;4200;High-value shipment insurance;2024-06-12;60706330;23121126
500977;25000.00;2120;Cloud infrastructure - Jun 2024;2024-06-12;90903063;32845340
500966;2410.00;5100;Outside counsel - restructuring;2024-06-13;31215320;23070303
500980;26192.10;5100;Outside counsel - restructuring;2024-06-13;59497116;63336966
500971;10200.00;5100;Employment counsel - restructuring;2024-06-14;59497116;23070303
500976;1140.00;2120;Cloud infrastructure - Jun 2024;2024-06-14;22619675;59497116
500956;12080.00;4200;Insured storage services - Jun 2024;2024-06-15;60706330;23070303
500957;4990.00;4200;High-value shipment insurance;2024-06-17;60706330;23121126
500962;1810.00;6110;Contract cancellation fee;2024-06-17;36058655;23121126
500964;24711.97;5100;Legal services - employment matters;2024-06-17;16498618;23062302
500960;670.00;6110;Finance and reconciliation services;2024-06-18;23121126;23062302
500965;5220.00;4200;High-value shipment insurance;2024-06-18;81820605;23070303
500969;4719.57;4200;Insured storage services - Jun 2024;2024-06-18;63336966;23070303
500979;2320.00;6200;Office and workplace services;2024-06-19;21097316;32845340
500959;2690.00;6110;Service termination charge;2024-06-20;36058655;23070303
500968;1270.00;6200;Office and workplace services;2024-06-20;21097316;63336966
500970;6790.00;4200;Insured storage services - Jun 2024;2024-06-20;60706330;23070303
500974;700.00;2120;Cloud infrastructure - Jun 2024;2024-06-20;72738553;23121126
500972;1880.00;6110;Finance and reconciliation services;2024-06-21;24965541;21097316
500978;5140.00;2300;Access monitoring and security tooling;2024-06-21;89960741;23070303
500961;5250.00;5100;Legal services - employment matters;2024-06-22;31215320;23070303
500988;5140.00;5100;Legal services - platform ownership claims;2024-06-24;59497116;23070303
500996;980.00;2300;Access monitoring and security tooling;2024-07-03;84921849;21097316
500999;2010.00;2120;AWS Jul 2024;2024-07-03;84921849;23062301
500992;3520.00;4200;Insured storage services - Jul 2024;2024-07-08;63336966;23121126
500981;12790.00;5100;Legal services - ownership interpretation;2024-07-17;59497116;11194139
500998;3080.00;6110;Contract cancellation fee;2024-07-18;24965541;23070303
500987;11030.00;5100;Legal services - employment matters;2024-07-19;59497116;23070303
500986;320.00;6110;Finance and reconciliation services;2024-07-31;24965541;35242525
500982;1710.00;4200;Storage and custody services - Aug 2024;2024-08-01;67723916;64166280
500993;4970.00;2300;Access monitoring and security tooling;2024-08-01;89960741;23070303
500991;5082.35;2300;Access monitoring and security tooling;2024-08-02;84921849;11194139
500984;2802.14;6110;Vendor termination charge;2024-08-07;36058655;23062301
500994;5820.00;6110;Contract cancellation fee;2024-08-08;23121126;26887263
501000;13900.00;5100;Legal services - institutional claims;2024-08-08;16498618;35242525
500990;2220.00;4200;High-value shipment insurance;2024-08-12;67723916;11194139
500983;630.00;4200;High-value shipment insurance;2024-08-13;63336966;23062302
500989;7110.00;5100;Outside counsel - custody rights;2024-08-13;59497116;23121126
500995;1090.93;6110;Contract cancellation fee;2024-08-18;36058655;23062301
500985;10429.85;5100;Legal services - institutional claims;2024-08-19;31215320;59497116
500997;2400.00;6110;Contract cancellation fee;2024-08-19;24965541;23062301
501001;4517.98;2200;Data reconciliation tooling;2024-08-26;11614912;21097316
501004;8740.00;5100;Outside counsel - supplier agreement;2024-08-26;31215320;23062302
501015;1426.36;6110;Finance and reconciliation services;2024-08-26;24965541;23062302
501018;50760.00;5100;Legal services - corporate matters;2024-08-26;35242525;32845340
501006;3580.00;2200;Data reconciliation tooling;2024-08-27;69733054;11194139
501007;17160.00;1200;Marketplace operating model review;2024-08-27;23070303;21097316
501009;2453.55;2200;Data reconciliation tooling;2024-08-27;42026990;32845340
501016;2880.00;2200;Data reconciliation tooling;2024-08-27;11614912;26887263
501005;1930.00;2200;Data reconciliation tooling;2024-08-28;23062302;26887263
501002;1310.00;2120;Cloud infrastructure - Aug 2024;2024-08-29;69733054;23062301
501010;11414.66;5200;Due diligence and compliance services;2024-08-29;87292197;21097316
501011;5560.00;1200;Marketplace strategy advisory;2024-08-29;23070303;21097316
501013;3920.05;6110;Accounting support - Aug 2024;2024-08-29;36058655;23062302
501019;1315.46;5200;Due diligence and compliance services;2024-08-29;75941901;26887263
501003;6830.00;2200;Data reconciliation tooling;2024-08-30;69733054;23070303
501014;12141.87;2200;Data reconciliation tooling;2024-08-30;72738553;23070303
501020;14050.00;1200;Marketplace strategy advisory;2024-08-30;92189967;23121126
501008;2728.43;2120;Cloud infrastructure - Sep 2024;2024-09-02;26887263;35242525
501012;39820.00;5100;Legal services - asset custody;2024-09-02;16498618;23121126
501017;3990.00;6110;Finance and reconciliation services;2024-09-02;36058655;59497116
501021;11875.10;2200;Infrastructure audit support;2024-09-03;72738553;60706330
501029;4260.00;6200;Recruiting agency services;2024-09-03;21097316;23070303
501041;5690.00;1200;Marketplace strategy advisory;2024-09-03;24090361;23062302
501042;5732.26;2300;External security review;2024-09-03;89960741;11194139
501027;680.00;6120;Transaction processing support - Sep 2024;2024-09-05;23121126;23070303
501031;1226.87;2200;Data reconciliation services;2024-09-06;42026990;26887263
501043;6420.00;5100;Legal services - corporate matters;2024-09-06;35242525;23121126
501058;10642.81;5100;Outside counsel - transaction framework;2024-09-06;16498618;23062301
501036;4420.00;2200;Infrastructure audit support;2024-09-07;23062302;23062301
501034;7280.00;5100;Legal services - platform terms;2024-09-09;59497116;23062301
501052;7330.00;5200;KYC and due diligence usage;2024-09-09;90543121;23070303
501049;3230.00;2200;Data reconciliation services;2024-09-10;23062302;59497116
501022;6130.00;2200;Data reconciliation services;2024-09-12;11614912;35242525
501047;760.00;2120;Software licenses - Engineering;2024-09-12;58076477;23062302
501035;893.26;2120;Engineering tools - Sep 2024;2024-09-13;69733054;26887263
501038;6470.00;6120;Payment reconciliation tooling;2024-09-13;87658927;23121126
501044;1040.00;2200;Infrastructure audit support;2024-09-13;24090361;59497116
501048;299.84;2120;Software licenses - Engineering;2024-09-13;37959476;23062301
501037;540.00;2120;Software licenses - Engineering;2024-09-16;26887263;23070303
501046;7130.00;6200;Recruiting agency services;2024-09-16;21097316;24090361
501054;5546.12;6200;Recruiting agency services;2024-09-16;33098996;23121126
501064;30070.00;5100;Legal services - commercial terms;2024-09-16;31215320;23121126
501045;2468.76;6200;Recruiting agency services;2024-09-17;33098996;23121126
501056;4783.59;5200;KYC and due diligence usage;2024-09-17;59497116;26887263
501057;1927.17;6120;Payment reconciliation tooling;2024-09-18;87658927;11194139
501061;2900.00;6120;Payment reconciliation tooling;2024-09-18;87658927;23070303
501025;6180.00;2200;Legacy database support;2024-09-19;24090361;60706330
501028;5320.00;6120;Payment reconciliation tooling;2024-09-20;96187039;23062302
501030;1460.00;6120;Payment reconciliation tooling;2024-09-20;23121126;63336966
501039;4420.45;5200;KYC and due diligence usage;2024-09-20;75941901;21097316
501055;1540.00;2200;Data migration tooling;2024-09-20;42026990;23070303
501060;6600.00;2200;Data reconciliation services;2024-09-21;69733054;11194139
501024;746.53;6200;New hire equipment and onboarding;2024-09-23;33098996;60706330
501040;2510.00;2300;Access monitoring and security tooling;2024-09-23;84921849;23121126
501023;19750.00;6200;Recruiting agency services;2024-09-24;21097316;23121126
501033;12630.00;2300;Access monitoring and security tooling;2024-09-24;26887263;21097316
501059;644.96;6200;Employee onboarding - Sep 2024;2024-09-24;21097316;32845340
501051;6399.16;5200;KYC and due diligence usage;2024-09-25;59497116;60706330
501062;1200.00;6200;New hire equipment and onboarding;2024-09-25;21097316;26887263
501026;4425.12;1200;Marketplace strategy advisory;2024-09-26;92189967;59497116
501032;77294.47;5100;Legal services - asset custody;2024-09-26;16498618;23062301
501050;310.00;2120;Software licenses - Engineering;2024-09-26;58076477;23121126
501053;1360.08;2120;Software licenses - Engineering;2024-09-26;63322433;23062301
501065;3679.62;2200;Legacy database support;2024-09-26;22619675;11194139
501063;600.77;2120;Software licenses - Engineering;2024-09-27;58076477;64166280
501074;5760.00;3200;Buyer relationship travel - Sep 2024;2024-09-29;16660212;26887263
501078;3251.06;2120;Cloud infrastructure - Sep 2024;2024-09-30;90903063;23070303
501081;1292.78;3200;Private client travel - Sep 2024;2024-09-30;72880343;23062301
501118;6180.00;4200;Secure custody transfer;2024-09-30;81820605;21097316
501124;2410.00;4200;Secure custody transfer;2024-09-30;60706330;24090361
501085;4480.00;2120;Cloud infrastructure - Oct 2024;2024-10-01;84921849;23062302
501080;7470.00;4200;High-value shipment insurance;2024-10-02;60706330;23121126
501115;1900.00;4120;Independent appraisal services;2024-10-02;99260273;63336966
501127;9280.00;4200;Secure custody transfer;2024-10-02;67723916;23062302
501105;5710.00;2120;Cloud infrastructure - Oct 2024;2024-10-03;72738553;23062302
501108;3110.00;5200;Due diligence and compliance services;2024-10-04;35242525;60706330
501089;2050.54;4200;Secure custody transfer;2024-10-07;81820605;59497116
501104;1583.73;4110;Seller provenance review;2024-10-07;47132966;23070303
501112;10700.00;5100;Legal services - corporate matters;2024-10-07;59497116;23070303
501096;1220.00;3200;Buyer relationship travel - Oct 2024;2024-10-08;77404927;23062301
501103;6190.00;6120;Payment reconciliation tooling;2024-10-08;23121126;60706330
501123;13050.70;5200;Due diligence and compliance services;2024-10-08;75941901;23070303
501066;1517.95;3200;Client relationship platform;2024-10-09;45562918;NULL
501076;25000.00;5200;Due diligence and compliance services;2024-10-09;90543121;11194139
501111;750.00;2120;Cloud infrastructure - Oct 2024;2024-10-09;69733054;23062302
501128;2880.00;2120;Cloud infrastructure - Oct 2024;2024-10-09;22619675;23062301
501099;1010.00;3200;Buyer relationship travel - Oct 2024;2024-10-10;87658927;11194139
501093;10239.60;5200;Due diligence and compliance services;2024-10-11;87292197;23121126
501090;5400.00;5200;Due diligence and compliance services;2024-10-12;75941901;72880343
501067;999.59;2120;Cloud infrastructure - Oct 2024;2024-10-13;90903063;23062301
501095;4740.00;4110;Seller provenance review;2024-10-14;47132966;23121126
501072;8230.00;5100;Legal services - transaction framework;2024-10-15;31215320;23062301
501075;828.63;5200;Seller identity verification;2024-10-15;87292197;23070303
501079;4250.32;4200;Secure custody transfer;2024-10-15;60706330;64166280
501110;1430.00;3100;Institutional partner travel - Oct 2024;2024-10-15;64166280;23062302
501071;3735.30;3200;Buyer relationship travel - Oct 2024;2024-10-16;87658927;21097316
501073;1660.00;3100;Seller partnership travel - Oct 2024;2024-10-16;54817760;23062301
501083;2110.00;5200;KYC and due diligence usage;2024-10-16;59497116;64166280
501097;10760.00;5200;KYC and due diligence usage;2024-10-16;59497116;23121126
501106;1991.89;2120;Cloud infrastructure - Oct 2024;2024-10-16;84921849;23062301
501094;14150.00;5100;Legal services - privacy and compliance;2024-10-17;31215320;23121126
501114;900.00;3200;Private sales CRM - Oct 2024;2024-10-17;77404927;14338498
501091;2270.00;4110;Seller provenance review;2024-10-18;47132966;60706330
501098;2273.12;4110;Seller provenance review;2024-10-18;47132966;23121126
501129;6313.98;3200;Buyer relationship travel - Oct 2024;2024-10-18;72880343;11194139
501125;8710.00;4200;High-value shipment insurance;2024-10-20;67723916;11194139
501084;7210.00;3200;Buyer relationship travel - Oct 2024;2024-10-21;77404927;23062302
501086;3930.00;3200;Buyer relationship travel - Oct 2024;2024-10-21;16660212;11194139
501122;1616.62;5200;Due diligence and compliance services;2024-10-21;75941901;23121126
501077;980.00;6120;Payment reconciliation tooling;2024-10-22;87658927;23062302
501109;2070.00;4200;Secure custody transfer;2024-10-22;63336966;23070303
501117;870.00;2120;Cloud infrastructure - Oct 2024;2024-10-22;63322433;23121126
501088;3878.79;5200;KYC and due diligence usage;2024-10-23;87292197;72880343
501101;2247.50;3200;Client relationship platform;2024-10-23;77404927;23062301
501120;47725.22;5100;Legal services - transaction framework;2024-10-23;59497116;64166280
501130;3780.00;4200;Secure custody transfer;2024-10-23;60706330;14338498
501070;8130.00;5100;Legal services - platform terms;2024-10-24;59497116;63336966
501092;6780.00;2120;AWS Oct 2024;2024-10-24;22619675;72880343
501087;5853.41;5200;Seller identity verification;2024-10-25;87292197;23121126
501100;920.00;5200;KYC and due diligence usage;2024-10-25;75941901;23121126
501068;1440.00;3100;Seller partnership travel - Oct 2024;2024-10-28;54817760;NULL
501121;1860.00;4110;Seller provenance review;2024-10-28;47132966;59497116
501069;6560.00;3100;Seller partnership travel - Oct 2024;2024-10-29;64166280;63336966
501107;2436.17;4200;Secure custody transfer;2024-10-29;67723916;23062302
501126;1720.00;2120;Cloud infrastructure - Oct 2024;2024-10-29;90903063;24090361
501102;9480.00;5200;Due diligence and compliance services;2024-10-30;75941901;23121126
501116;2723.76;4200;Secure custody transfer;2024-10-30;81820605;23121126
501119;2600.00;5200;KYC and due diligence usage;2024-10-30;75941901;72880343
501082;4020.00;4110;Seller provenance review;2024-10-31;47132966;23121126
501113;15857.60;4110;Provenance research services;2024-10-31;47132966;23121126
501135;2250.00;6200;New hire equipment and onboarding;2024-11-01;21097316;23062302
501201;14980.00;4200;High-value shipment insurance;2024-11-01;63336966;23121126
501207;711.30;4120;Independent appraisal services;2024-11-01;99260273;21097316
501223;7820.00;4200;Logistics and custody services - Nov 2024;2024-11-01;60706330;14338498
501200;319.02;2120;Cloud infrastructure - Nov 2024;2024-11-04;72738553;72880343
501138;6360.00;5200;Due diligence and compliance services;2024-11-05;59497116;32845340
501157;14350.00;2120;Cloud infrastructure - Nov 2024;2024-11-05;29956962;23121126
501170;2360.00;3200;Buyer relationship travel - Nov 2024;2024-11-05;16660212;11194139
501212;5930.00;4200;High-value shipment insurance;2024-11-05;81820605;23062301
501214;1818.10;3200;Client relationship platform;2024-11-06;45562918;21097316
501229;5200.00;2120;Cloud infrastructure - Nov 2024;2024-11-06;90903063;64166280
501166;3020.00;5200;KYC and due diligence usage;2024-11-07;90543121;72880343
501205;4750.00;5200;KYC and due diligence usage;2024-11-07;59497116;23062302
501206;8490.00;4200;High-value asset transport;2024-11-07;67723916;21097316
501131;1550.00;4110;Provenance research services;2024-11-08;47132966;23062301
501132;1057.66;5200;KYC and due diligence usage;2024-11-08;75941901;64166280
501144;12830.00;5200;Due diligence and compliance services;2024-11-08;59497116;23121126
501153;3150.00;4110;Provenance research services;2024-11-08;47132966;23062301
501181;2631.28;6120;Payment reconciliation tooling;2024-11-08;37959476;26887263
501193;2164.68;6200;Recruitment services - Nov 2024;2024-11-08;21097316;11194139
501202;4480.40;6200;Recruitment services - Nov 2024;2024-11-08;33098996;63336966
501221;9080.15;4200;High-value shipment insurance;2024-11-08;81820605;23062302
501145;4660.00;4110;Catalogue due diligence - Nov 2024;2024-11-10;47132966;24090361
501180;10030.00;6200;Recruiting agency services;2024-11-11;33098996;64166280
501184;8890.00;4110;Catalogue due diligence - Nov 2024;2024-11-11;47132966;23121126
501204;2020.00;4110;Seller provenance review;2024-11-11;47132966;60706330
501219;4462.75;3200;Client relationship platform;2024-11-11;87658927;23121126
501224;14321.66;6120;Payment reconciliation tooling;2024-11-11;37959476;24090361
501147;1150.00;6120;Payment reconciliation tooling;2024-11-12;23121126;63336966
501159;4490.00;5200;Due diligence and compliance services;2024-11-12;90543121;63336966
501198;5589.19;5200;KYC and due diligence usage;2024-11-12;75941901;NULL
501190;1584.60;5200;Due diligence and compliance services;2024-11-14;35242525;23070303
501213;3560.00;5200;KYC and due diligence usage;2024-11-14;87292197;35242525
501220;910.00;2120;Cloud infrastructure - Nov 2024;2024-11-14;37959476;23121126
501149;12840.00;3200;Buyer relationship travel - Nov 2024;2024-11-18;72880343;23062302
501171;5420.00;6120;Payment reconciliation tooling;2024-11-18;87658927;23062301
501134;1140.00;3100;Seller partnership travel - Nov 2024;2024-11-20;54817760;72880343
501141;9990.00;4110;Provenance research services;2024-11-21;47132966;26887263
501155;9643.56;4200;Asset insurance services - Nov 2024;2024-11-21;60706330;23062301
501173;5300.59;5100;Outside counsel - transaction framework;2024-11-21;16498618;23121126
501185;1350.00;3200;Client relationship platform;2024-11-21;64166280;63336966
501191;3130.00;3200;Client relationship platform;2024-11-21;64166280;11194139
501230;9135.00;6200;Recruitment services - Nov 2024;2024-11-21;21097316;23121126
501187;2292.22;3200;Client relationship platform;2024-11-22;45562918;63336966
501215;2932.22;3200;Buyer relationship travel - Nov 2024;2024-11-22;16660212;14338498
501156;5220.00;4200;Insured storage services - Nov 2024;2024-11-25;67723916;26887263
501168;2099.49;3100;Seller partnership travel - Nov 2024;2024-11-26;64166280;26887263
501142;1840.00;4200;High-value shipment insurance;2024-11-27;63336966;23070303
501209;1182.27;3200;Client relationship platform;2024-11-28;87658927;23062301
501136;5490.00;5100;Legal services - corporate matters;2024-11-29;35242525;59497116
501160;992.90;3100;Seller partnership travel - Nov 2024;2024-11-29;52013329;64166280
501194;8477.44;5200;Due diligence and compliance services;2024-11-29;87292197;11194139
501225;17720.00;4200;High-value shipment insurance;2024-12-01;81820605;35242525
501175;2080.00;6120;Payment reconciliation tooling;2024-12-02;37959476;23062301
501176;3520.00;6200;Recruiting agency services;2024-12-02;21097316;35242525
501228;5370.00;5100;Legal services - commercial terms;2024-12-02;35242525;23070303
501154;1740.00;3200;Private client travel - Dec 2024;2024-12-03;64166280;72880343
501162;1800.00;4120;Independent appraisal services;2024-12-03;99260273;23121126
501189;1570.00;3100;Seller partnership travel - Dec 2024;2024-12-03;54817760;24090361
501216;1950.00;6200;New hire equipment and onboarding;2024-12-03;21097316;64166280
501222;18152.64;4200;High-value shipment insurance;2024-12-03;63336966;24090361
501151;470.00;6200;New hire equipment and onboarding;2024-12-04;33098996;23070303
501152;3071.87;5200;Due diligence and compliance services;2024-12-04;90543121;23121126
501196;3240.00;5200;KYC and due diligence usage;2024-12-04;90543121;23062302
501165;7010.00;4200;Logistics and custody services - Dec 2024;2024-12-05;60706330;32845340
501174;1470.00;6120;Payment reconciliation tooling;2024-12-05;87658927;14338498
501208;900.53;6200;New hire equipment and onboarding;2024-12-05;33098996;35242525
501211;8770.00;6200;Recruiting agency services;2024-12-05;21097316;32845340
501217;1400.00;3200;Client relationship platform;2024-12-05;77404927;23062301
501226;520.57;6200;Recruiting agency services;2024-12-06;21097316;59497116
501178;8760.00;4110;Provenance research services;2024-12-10;47132966;60706330
501182;3499.02;5200;KYC and due diligence usage;2024-12-10;87292197;14338498
501188;1377.22;2120;Cloud infrastructure - Dec 2024;2024-12-11;29956962;24090361
501133;8883.67;4200;High-value asset transport;2024-12-13;63336966;23121126
501179;4050.00;4200;High-value shipment insurance;2024-12-13;63336966;23070303
501203;2837.54;6120;Payment reconciliation tooling;2024-12-15;87658927;72880343
501192;3730.00;3200;Client relationship platform;2024-12-16;77404927;32845340
501140;5070.00;5100;Legal services - platform terms;2024-12-17;59497116;23070303
501210;7170.00;3200;Buyer relationship travel - Dec 2024;2024-12-17;45562918;23062301
501148;4810.00;3200;Buyer relationship travel - Dec 2024;2024-12-18;16660212;NULL
501158;6100.00;4200;High-value asset transport;2024-12-18;81820605;11194139
501164;2332.04;2120;Cloud infrastructure - Dec 2024;2024-12-18;90903063;23062301
501218;9799.93;4200;High-value shipment insurance;2024-12-19;67723916;64166280
501172;2420.00;5200;KYC and due diligence usage;2024-12-22;35242525;23070303
501195;3670.00;4200;Insured storage services - Dec 2024;2024-12-22;81820605;23070303
501199;8783.67;4200;High-value shipment insurance;2024-12-24;81820605;26887263
501150;6409.88;5200;Due diligence and compliance services;2024-12-25;87292197;23070303
501169;8850.00;4200;Insured storage services - Dec 2024;2024-12-25;63336966;23121126
501183;5270.00;5100;Legal services - corporate matters;2024-12-26;35242525;26887263
501139;10262.82;5100;Legal services - asset custody;2024-12-27;35242525;23121126
501167;890.00;2120;AWS Dec 2024;2024-12-27;29956962;32845340
501227;1130.00;4200;High-value asset transport;2024-12-27;60706330;59497116
501137;2330.00;5200;Due diligence and compliance services;2024-12-28;87292197;23121126
501146;7678.87;5100;Legal services - supplier agreement;2024-12-30;59497116;23062301
501161;3367.76;3200;Private client travel - Dec 2024;2024-12-30;16660212;23070303
501143;558.45;3200;Buyer relationship travel - Dec 2024;2024-12-31;45562918;32845340
501163;3450.00;3200;Buyer relationship travel - Dec 2024;2024-12-31;87658927;23121126
501177;4550.00;4110;Provenance research services;2024-12-31;47132966;23062302
501186;1601.98;2120;Cloud infrastructure - Dec 2024;2024-12-31;22619675;23121126
501197;13070.00;5100;Legal services - commercial terms;2024-12-31;59497116;23062301
501233;12080.00;4110;Provenance research services;2025-01-01;47132966;23121126
501293;3660.00;4120;Independent appraisal services;2025-01-02;99260273;23070303
501272;3690.60;4200;High-value shipment insurance;2025-01-03;63336966;11194139
501291;6510.00;5200;KYC and due diligence usage;2025-01-03;59497116;23121126
501245;4407.33;5200;KYC and due diligence usage;2025-01-05;59497116;23121126
501258;1075.63;2120;Cloud infrastructure - Jan 2025;2025-01-06;26887263;23121126
501302;11520.57;4200;High-value shipment insurance;2025-01-06;81820605;23121126
501309;9686.76;2200;Data reconciliation tooling;2025-01-06;11614912;23062301
501236;2630.00;4110;Catalogue due diligence - Jan 2025;2025-01-07;47132966;11194139
501242;1400.00;6200;New hire equipment and onboarding;2025-01-07;33098996;11194139
501314;5720.00;4200;Insured storage services - Jan 2025;2025-01-07;63336966;23070303
501315;5658.29;4200;Insured storage services - Jan 2025;2025-01-07;67723916;64166280
501316;10710.00;5100;Legal services - commercial terms;2025-01-07;16498618;23070303
501254;14110.00;4200;Logistics and custody services - Jan 2025;2025-01-08;81820605;23121126
501296;8480.00;5200;Due diligence and compliance services;2025-01-08;75941901;32845340
501308;2750.00;4110;Catalogue due diligence - Jan 2025;2025-01-08;47132966;23062301
501231;16650.00;4200;Logistics and custody services - Jan 2025;2025-01-10;63336966;23070303
501262;6090.00;6200;Recruiting agency services;2025-01-10;33098996;64166280
501317;2110.00;6120;Payment reconciliation tooling;2025-01-11;96187039;35242525
501299;6670.00;5100;Legal services - privacy and compliance;2025-01-13;16498618;72880343
501304;2100.00;3200;Buyer relationship travel - Jan 2025;2025-01-13;11220767;23062301
501319;2340.00;6120;Payment reconciliation tooling;2025-01-13;37959476;23070303
501284;8312.94;5100;Legal services - asset custody;2025-01-14;31215320;64166280
501234;800.00;4110;Seller provenance review;2025-01-15;47132966;23062302
501244;990.00;5100;Legal services - corporate matters;2025-01-15;35242525;63336966
501253;22060.00;4200;High-value shipment insurance;2025-01-15;81820605;64166280
501276;3330.00;4120;Independent appraisal services;2025-01-15;99260273;23121126
501239;1949.39;3200;Buyer relationship travel - Jan 2025;2025-01-16;16660212;23062302
501249;1730.00;7100;Temporary client support coverage;2025-01-20;95209691;23121126
501247;2100.00;4110;Catalogue due diligence - Jan 2025;2025-01-21;47132966;23062302
501311;6580.00;4200;High-value shipment insurance;2025-01-21;60706330;24090361
501270;2827.96;5200;KYC and due diligence usage;2025-01-22;87292197;23070303
501271;2460.00;4200;High-value asset transport;2025-01-23;81820605;14338498
501305;5570.00;4200;Insured storage services - Jan 2025;2025-01-23;60706330;26887263
501318;2240.52;3200;Client relationship platform;2025-01-23;72880343;23070303
501280;19580.00;4200;Secure custody transfer;2025-01-24;60706330;23062301
501300;4310.00;6200;Recruiting agency services;2025-01-24;21097316;32845340
501251;1457.83;7100;Client support platform - Jan 2025;2025-01-25;95209691;23062301
501273;11132.94;7100;Temporary client support coverage;2025-01-25;11194139;32845340
501268;896.46;2200;Data reconciliation tooling;2025-01-27;23062302;64166280
501243;5844.60;5200;KYC and due diligence usage;2025-01-28;90543121;11194139
501257;4450.99;2200;Data reconciliation tooling;2025-01-28;11614912;NULL
501269;1531.35;6120;Payment reconciliation tooling;2025-01-28;87658927;23121126
501279;5947.89;4110;Seller provenance review;2025-01-28;47132966;14338498
501298;2270.00;3200;Client relationship platform;2025-01-28;45562918;26887263
501265;2460.00;7100;Temporary client support coverage;2025-01-29;79784072;23062301
501267;16009.47;6200;Recruiting agency services;2025-01-29;33098996;26887263
501241;4559.49;6120;Payment reconciliation tooling;2025-01-30;23121126;23062301
501232;2548.20;2120;Cloud infrastructure - Jan 2025;2025-01-31;22619675;14338498
501260;6690.00;4200;Logistics and custody services - Jan 2025;2025-01-31;67723916;32845340
501277;3610.00;4110;Provenance research services;2025-01-31;47132966;23121126
501303;4820.00;4200;Logistics and custody services - Jan 2025;2025-01-31;60706330;64166280
501238;6590.00;4200;High-value shipment insurance;2025-02-03;60706330;23062301
501256;1630.00;6200;Recruiting agency services;2025-02-03;21097316;26887263
501237;1650.00;4120;Independent appraisal services;2025-02-04;99260273;23121126
501248;6960.00;5100;Outside counsel - corporate matters;2025-02-04;31215320;63336966
501306;1970.00;5200;Due diligence and compliance services;2025-02-04;35242525;60706330
501287;5710.00;4120;Independent appraisal services;2025-02-05;99260273;35242525
501292;6386.99;4200;Insured storage services - Feb 2025;2025-02-05;67723916;23121126
501264;6960.00;4200;High-value shipment insurance;2025-02-06;63336966;23062302
501274;2290.00;4200;Secure custody transfer;2025-02-06;60706330;63336966
501307;1720.00;7100;Temporary client support coverage;2025-02-06;79784072;23062302
501278;2070.00;5200;KYC and due diligence usage;2025-02-07;35242525;32845340
501312;3820.00;2200;Data reconciliation tooling;2025-02-07;24090361;23121126
501235;3360.00;4200;High-value shipment insurance;2025-02-08;81820605;63336966
501263;1420.00;7100;Temporary client support coverage;2025-02-10;95209691;23121126
501285;1663.18;5100;Legal services - asset custody;2025-02-10;31215320;23121126
501250;5343.76;5100;Legal services - privacy and compliance;2025-02-11;31215320;59497116
501252;1200.00;6200;New hire equipment and onboarding;2025-02-11;21097316;63336966
501320;2475.29;4200;Secure custody transfer;2025-02-11;63336966;14338498
501286;2860.00;4110;Catalogue due diligence - Feb 2025;2025-02-12;60601369;23121126
501295;1860.00;3200;Buyer relationship travel - Feb 2025;2025-02-12;64166280;23121126
501289;4182.89;6200;New hire equipment and onboarding;2025-02-13;21097316;63336966
501288;1900.00;3200;Buyer relationship travel - Feb 2025;2025-02-14;87658927;24090361
501290;16860.00;5200;Due diligence and compliance services;2025-02-14;75941901;23121126
501259;1090.00;6200;New hire equipment and onboarding;2025-02-17;21097316;14338498
501255;3370.18;2120;Cloud infrastructure - Feb 2025;2025-02-19;31626649;23070303
501261;13020.80;4200;Logistics and custody services - Feb 2025;2025-02-19;60706330;23070303
501281;1570.00;3200;Client relationship platform;2025-02-19;16660212;23062302
501282;8560.00;2200;Data reconciliation tooling;2025-02-20;22619675;60706330
501283;2460.00;4200;High-value shipment insurance;2025-02-21;81820605;23070303
501240;950.00;6200;Recruiting agency services;2025-02-24;21097316;32845340
501275;6340.00;2200;Data reconciliation tooling;2025-02-24;23062302;14338498
501297;2090.00;4120;Independent appraisal services;2025-02-24;99260273;23121126
501246;15505.48;5100;Legal services - transaction framework;2025-02-25;16498618;21097316
501266;940.00;7100;Temporary client support coverage;2025-02-26;87292197;23070303
501301;559.25;2200;Data reconciliation tooling;2025-02-26;24090361;35242525
501294;1592.75;7100;Temporary client support coverage;2025-02-27;79784072;23070303
501313;1430.00;3200;Buyer relationship travel - Feb 2025;2025-02-27;64166280;23121126
501310;1740.00;3200;Client relationship platform;2025-02-28;72880343;23062301
501344;5692.46;2120;Cloud infrastructure - Mar 2025;2025-03-03;84921849;23062302
501410;5208.38;4110;Catalogue due diligence - Mar 2025;2025-03-03;60601369;63336966
501348;3320.89;5200;KYC and due diligence usage;2025-03-05;35242525;11194139
501359;2460.00;4200;Secure custody transfer;2025-03-05;67723916;23121126
501364;5440.00;4110;Provenance research services;2025-03-05;87453291;23070303
501369;8938.07;4110;Seller provenance review;2025-03-05;87453291;23121126
501372;2270.00;6200;New hire equipment and onboarding;2025-03-05;21097316;23070303
501386;5810.00;6200;Recruiting agency services;2025-03-05;33098996;11194139
501390;7500.00;6120;Payment reconciliation tooling;2025-03-05;87658927;64166280
501324;4570.00;3200;Client relationship platform;2025-03-06;77404927;63336966
501333;1683.79;4200;Secure custody transfer;2025-03-06;67723916;14338498
501337;5610.00;4110;Seller provenance review;2025-03-06;60601369;11194139
501356;2130.00;6120;Payment reconciliation tooling;2025-03-06;23121126;26887263
501361;13041.53;3200;Buyer relationship travel - Mar 2025;2025-03-06;72880343;23121126
501388;4546.16;4200;High-value shipment insurance;2025-03-06;12370563;32845340
501352;3980.00;7100;Temporary client support coverage;2025-03-08;95209691;11194139
501322;2880.00;7100;Temporary client support coverage;2025-03-09;95209691;23121126
501327;1770.00;2200;Data platform services - Mar 2025;2025-03-10;23062302;35242525
501341;2730.00;6200;New hire equipment and onboarding;2025-03-11;21097316;23070303
501405;637.10;4110;Seller provenance review;2025-03-11;47132966;24090361
501346;4690.00;3200;Buyer relationship travel - Mar 2025;2025-03-12;42365420;23121126
501397;3420.00;2200;Data reconciliation tooling;2025-03-12;42026990;23070303
501406;473.48;2120;Cloud infrastructure - Mar 2025;2025-03-12;58076477;23121126
501328;1820.00;5200;KYC and due diligence usage;2025-03-13;75941901;23070303
501354;792.19;2120;Cloud infrastructure - Mar 2025;2025-03-13;63322433;14338498
501360;2270.00;6120;Transaction processing support - Mar 2025;2025-03-13;23121126;64166280
501382;9070.00;6200;Recruiting agency services;2025-03-13;21097316;11194139
501349;11630.00;4110;Catalogue due diligence - Mar 2025;2025-03-14;60601369;23070303
501383;2683.58;5200;KYC and due diligence usage;2025-03-14;90543121;26887263
501350;1790.00;6120;Payment reconciliation tooling;2025-03-17;87658927;21097316
501366;6915.75;6120;Payment reconciliation tooling;2025-03-17;87658927;23062301
501389;3510.00;4200;Secure custody transfer;2025-03-17;81820605;24090361
501336;2100.00;6200;New hire equipment and onboarding;2025-03-18;98283879;14338498
501396;2364.99;6120;Payment reconciliation tooling;2025-03-18;87658927;35242525
501334;3090.00;6200;Recruitment services - Mar 2025;2025-03-19;33098996;21097316
501342;6480.00;6120;Payment reconciliation tooling;2025-03-19;37959476;24090361
501374;3516.87;2200;Data reconciliation tooling;2025-03-19;42026990;35242525
501377;1308.66;3200;Buyer relationship travel - Mar 2025;2025-03-19;64166280;35242525
501392;2327.69;3200;Buyer relationship travel - Mar 2025;2025-03-19;77404927;59497116
501371;4730.00;4200;Logistics and custody services - Mar 2025;2025-03-20;60706330;23121126
501409;3880.00;5200;KYC and due diligence usage;2025-03-20;35242525;63336966
501321;3431.44;6120;Payment reconciliation tooling;2025-03-21;37959476;23070303
501340;13880.00;4200;High-value shipment insurance;2025-03-22;63336966;23070303
501358;4650.00;6120;Payment reconciliation tooling;2025-03-23;37959476;23062302
501330;4210.00;2200;Systems audit tooling;2025-03-24;72738553;32845340
501331;4614.88;3200;Buyer relationship travel - Mar 2025;2025-03-26;77404927;23062301
501332;1720.00;2200;Data reconciliation tooling;2025-03-26;69733054;23070303
501339;4030.00;2200;Data reconciliation tooling;2025-03-26;23062302;23062301
501338;1123.53;5200;KYC and due diligence usage;2025-03-27;90543121;23062301
501363;2970.00;3200;Private sales CRM - Mar 2025;2025-03-27;72880343;24090361
501375;4800.00;2120;Cloud infrastructure - Mar 2025;2025-03-27;29956962;23121126
501335;6061.40;6120;Payment reconciliation tooling;2025-03-28;37959476;64166280
501343;8020.00;5200;Buyer verification services - Mar 2025;2025-03-28;75941901;11194139
501379;7160.00;2200;Data reconciliation tooling;2025-03-28;24090361;14338498
501393;5650.00;4120;Independent appraisal services;2025-03-28;99260273;23062302
501399;2042.39;2200;Systems audit tooling;2025-03-28;72738553;23121126
501400;2390.00;6200;New hire equipment and onboarding;2025-03-28;33098996;35242525
501326;1880.00;7100;Client support platform - Mar 2025;2025-03-31;79784072;23121126
501351;6270.00;4110;Provenance research services;2025-03-31;60601369;35242525
501355;11050.00;5100;Legal services - platform terms;2025-03-31;16498618;21097316
501401;4683.48;4110;Provenance research services;2025-03-31;47132966;23062301
501376;7957.76;4200;High-value shipment insurance;2025-04-01;60706330;59497116
501408;5500.00;4200;High-value shipment insurance;2025-04-01;67723916;11194139
501391;2210.00;4200;High-value asset transport;2025-04-03;12370563;64166280
501353;3670.00;2120;Cloud infrastructure - Apr 2025;2025-04-04;58076477;23062301
501362;21179.05;5200;Due diligence and compliance services;2025-04-04;59497116;35242525
501394;2783.61;3200;Buyer relationship travel - Apr 2025;2025-04-04;77404927;59497116
501403;930.00;7100;Temporary client support coverage;2025-04-04;11194139;35242525
501365;6120.00;2120;Cloud infrastructure - Apr 2025;2025-04-06;63322433;23121126
501347;2990.00;3200;Buyer relationship travel - Apr 2025;2025-04-07;45562918;23062301
501368;8000.00;5100;Legal services - asset custody;2025-04-07;16498618;11194139
501370;989.53;4110;Provenance research services;2025-04-08;47132966;23121126
501384;3290.00;2200;Systems audit tooling;2025-04-08;69733054;23062302
501387;10789.49;4200;Insured storage services - Apr 2025;2025-04-08;81820605;23062302
501323;3570.00;5200;KYC and due diligence usage;2025-04-09;75941901;60706330
501395;2870.00;7100;Temporary client support coverage;2025-04-09;87292197;72880343
501380;1877.42;4200;Logistics and custody services - Apr 2025;2025-04-10;67723916;23070303
501404;2523.32;4200;Insured storage services - Apr 2025;2025-04-10;67723916;26887263
501407;3350.00;2200;Data reconciliation tooling;2025-04-10;42026990;59497116
501325;5160.00;4200;High-value shipment insurance;2025-04-11;12370563;23062301
501345;2740.00;3200;Client relationship platform;2025-04-11;11220767;24090361
501373;1450.00;2120;Cloud infrastructure - Apr 2025;2025-04-11;29956962;60706330
501385;8455.60;6120;Payment reconciliation tooling;2025-04-11;37959476;23070303
501398;3123.78;6200;Recruiting agency services;2025-04-11;98283879;23121126
501402;6430.00;5200;Due diligence and compliance services;2025-04-11;87292197;59497116
501381;2330.00;4200;High-value asset transport;2025-04-12;12370563;72880343
501329;6220.00;4200;Insured storage services - Apr 2025;2025-04-13;12370563;23062301
501357;3730.00;4110;Provenance research services;2025-04-13;47132966;60706330
501367;800.00;6120;Payment reconciliation tooling;2025-04-13;87658927;23062302
501378;10070.00;5200;Due diligence and compliance services;2025-04-13;59497116;23121126
501413;2360.00;4200;High-value shipment insurance;2025-04-14;12370563;23121126
501418;3870.00;6120;Payment reconciliation tooling;2025-04-14;96187039;60706330
501420;1460.00;4200;Secure custody transfer;2025-04-14;63336966;23121126
501446;6635.83;4120;Independent appraisal services;2025-04-14;99260273;21097316
501424;920.00;6120;Payment reconciliation tooling;2025-04-15;23121126;11194139
501440;5527.22;4110;Seller provenance review;2025-04-15;47132966;72880343
501448;8041.29;5100;Legal services - commercial terms;2025-04-15;31215320;23062301
501450;2720.00;4200;High-value shipment insurance;2025-04-15;81820605;23062302
501415;1040.00;4120;Independent appraisal services;2025-04-16;99260273;23062302
501423;1150.00;4110;Provenance research services;2025-04-16;60601369;23070303
501433;4490.00;7100;Temporary client support coverage;2025-04-16;79784072;23062301
501443;10630.00;2200;Data reconciliation tooling;2025-04-17;11614912;23062302
501417;1870.00;3200;Client relationship platform;2025-04-18;45562918;72880343
501427;797.82;2120;Cloud infrastructure - Apr 2025;2025-04-18;84921849;63336966
501435;6350.00;4110;Seller provenance review;2025-04-18;87453291;32845340
501449;2890.00;4110;Seller provenance review;2025-04-21;47132966;23121126
501414;6007.98;7100;Temporary client support coverage;2025-04-22;79784072;59497116
501422;3228.21;3200;Buyer relationship travel - Apr 2025;2025-04-22;77404927;23121126
501426;8562.42;4200;High-value shipment insurance;2025-04-22;81820605;23121126
501447;3220.00;4120;Independent appraisal services;2025-04-22;99260273;23121126
501416;3510.00;2120;Cloud infrastructure - Apr 2025;2025-04-24;26887263;23062301
501421;4252.65;2200;Data reconciliation tooling;2025-04-24;42026990;14338498
501429;3770.00;6120;Payment reconciliation tooling;2025-04-24;87658927;23062301
501431;9540.00;4200;High-value shipment insurance;2025-04-24;67723916;23062301
501438;1810.00;6110;Finance and reconciliation services;2025-04-24;23121126;14338498
501425;1260.00;5200;KYC and due diligence usage;2025-04-25;87292197;23062301
501428;1759.48;7100;Temporary client support coverage;2025-04-29;87292197;23121126
501432;2860.00;4200;Secure custody transfer;2025-04-29;63336966;23121126
501434;6770.00;3200;Buyer relationship travel - Apr 2025;2025-04-29;77404927;35242525
501437;4948.36;5200;KYC and due diligence usage;2025-04-29;35242525;23070303
501439;4270.00;4110;Seller provenance review;2025-04-29;47132966;23062301
501441;3430.00;2200;Data reconciliation tooling;2025-04-29;11614912;26887263
501442;4130.00;5200;KYC and due diligence usage;2025-04-29;90543121;23121126
501411;7100.00;3200;Buyer relationship travel - Apr 2025;2025-04-30;87658927;32845340
501412;4729.38;4110;Seller provenance review;2025-04-30;60601369;23070303
501419;2890.00;5200;KYC and due diligence usage;2025-04-30;35242525;60706330
501430;3690.00;4200;High-value shipment insurance;2025-04-30;63336966;35242525
501436;5430.00;4200;Secure custody transfer;2025-04-30;12370563;23062302
501444;1630.00;6120;Payment reconciliation tooling;2025-04-30;37959476;63336966
501445;2008.19;2120;Cloud infrastructure - Apr 2025;2025-04-30;31626649;23062301
