username,phone,email,verified,first_name,last_name,address,city,created_at,last_login_at
caesar,(408) 537-0192,caesar.vallelonga@gmail.com,TRUE,Caesar,Vallelonga,"410 Campus Way, Apt 3A","Santa Clara, CA",1/20/2023,4/28/2025
bobby,(650) 422-0101,bob.andrews@proton.me,TRUE,Bob,Andrews,"410 Campus Way, Apt 3B","Santa Clara, CA",1/20/2023,4/27/2025
bobmom,(650) 267-0111,linda.andrews68@gmail.com,TRUE,Linda,Andrews,6655 Alma St,"Los Altos, CA",2/4/2023,2/9/2023
robertandrews,(650) 600-0150,robert.andrews64@gmail.com,TRUE,Robert,Andrews,6655 Alma St,"Los Altos, CA",2/4/2023,2/9/2023
GabrielV,(408) 526-0120,gabriel.vallelonga@gmail.com,TRUE,Gabriel,Vallelonga,8877 Scott Blvd,"Santa Clara, CA",2/5/2023,2/9/2023
CarmenV,(408) 292-0199,carmen.vallelonga11@gmail.com,TRUE,Carmen,Vallelonga,8877 Scott Blvd,"Santa Clara, CA",2/5/2023,2/9/2023
brandonA02,(408) 935-0124,brandon.allen02@gmail.com,TRUE,Brandon,Allen,"410 Campus Way, Apt 3A","Santa Clara, CA",2/7/2023,2/9/2023 22:17
carolyn.h,(669) 388-0192,carolyn.howell95@outlook.com,TRUE,Carolyn,Howell,"410 Campus Way, Apt 3A","Santa Clara, CA",2/7/2023,2/9/2023 22:19
AmberSims,(408) 446-0173,amber.sims@gmail.com,TRUE,Amber,Sims,"410 Campus Way, Apt 3A","Santa Clara, CA",2/7/2023,2/10/2023 0:03
finharris,(669) 854-0112,finley.harris@icloud.com,TRUE,Finley,Harris,"410 Campus Way, Apt 3A","Santa Clara, CA",2/8/2023,2/9/2023 22:31
mikeyferg,(408) 483-0136,michael.ferguson23@gmail.com,TRUE,Michael,Ferguson,"410 Campus Way, Apt 3B","Santa Clara, CA",2/8/2023,2/9/2023 23:02
dave_lane,(650) 381-0141,david.lane82@outlook.com,TRUE,David,Lane,"410 Campus Way, Apt 3B","Santa Clara, CA",2/8/2023,2/9/2023 23:07
k1mberly,(669) 960-0110,kimberly.davis02@gmail.com,FALSE,Kimberly,Davis,"410 Campus Way, Apt 3B","Santa Clara, CA",2/8/2023,2/8/2023 19:24
willieh,(408) 288-0131,will.harvey@icloud.com,TRUE,Willie,Harvey,"410 Campus Way, Apt 3B","Santa Clara, CA",2/9/2023,2/9/2023 23:18
kimdubois,(650) 998-0130,kimberly.dubois60@gmail.com,FALSE,Kimberly,Dubois,"410 Campus Way, Apt 3B","Santa Clara, CA",2/9/2023,2/9/2023 17:49
MayaC23,408-274-6103,mayachen23@gmail.com,TRUE,Maya,Chen,"418 S 7th St, Apt 2","San Jose, CA",3/3/2023 21:04,3/17/2023
liam_o,408-391-7284,liam.ortiz03@outlook.com,TRUE,Liam,Ortiz,"418 S 7th St, Apt 3","San Jose, CA",3/3/2023 21:04,3/4/2023
niniPatel,669-248-9031,ninapatel17@gmail.com,TRUE,Nina,Patel,"418 S 7th St, Apt 2","San Jose, CA",3/3/2023 21:05,4/22/2023
EBrooks_99,408-612-4470,ethan.brooks99@yahoo.com,TRUE,Ethan,Brooks,"418 S 7th St, Apt 3","San Jose, CA",3/3/2023 21:05,3/3/2023
sofi_a,408-337-1826,sofia.alvarez8@icloud.com,TRUE,Sofia,Alvarez,95 E William St,"San Jose, CA",3/3/2023 21:08,4/11/2023
n0ahk,669-410-7365,noah.kim21@gmail.com,TRUE,Noah,Kim,95 E William St,"San Jose, CA",3/3/2023 21:08,3/8/2023
avocadoAva,408-520-2948,avaj.moves@outlook.com,TRUE,Ava,Johnson,95 E William St,"San Jose, CA",3/3/2023 21:09,5/6/2023
MarcLee7,408-289-6614,marcus.lee7@gmail.com,TRUE,Marcus,Lee,"233 S 10th St, Apt 5","San Jose, CA",3/3/2023 21:12,3/19/2023
elenaR,669-363-8502,elena.rossi@proton.me,TRUE,Elena,Rossi,"233 S 10th St, Apt 5","San Jose, CA",3/3/2023 21:13,3/12/2023
dieg0m,408-742-1935,diegomartin44@gmail.com,TRUE,Diego,Martin,"233 S 10th St, Apt 6","San Jose, CA",3/3/2023 21:13,3/4/2023
ZeeWilliams,408-391-7285,zoe.williams22@icloud.com,TRUE,Zoe,Williams,"233 S 10th St, Apt 6","San Jose, CA",3/3/2023 21:13,9/29/2023
sam_shah,669-248-9032,samirshah.dev@gmail.com,TRUE,Samir,Shah,711 E Reed St,"San Jose, CA",3/3/2023 21:19,3/15/2023
liv_turner,408-612-4471,oliviaturner13@yahoo.com,TRUE,Olivia,Turner,711 E Reed St,"San Jose, CA",3/3/2023 21:19,3/5/2023
JNG_2002,408-337-1827,jordan.ng02@outlook.com,TRUE,Jordan,Ng,711 E Reed St,"San Jose, CA",3/3/2023 21:20,3/3/2023
LuckyLucas,669-410-7366,lucas.romero9@gmail.com,TRUE,Lucas,Romero,"184 N 6th St, Apt 8","San Jose, CA",3/3/2023 21:26,3/21/2023
hanncho,408-520-2949,hannahcho@icloud.com,TRUE,Hannah,Cho,"184 N 6th St, Apt 8","San Jose, CA",3/3/2023 21:27,4/14/2023
calebW03,408-289-6615,caleb.wright03@gmail.com,TRUE,Caleb,Wright,"184 N 6th St, Apt 9","San Jose, CA",3/3/2023 21:27,3/9/2023
PriD,669-363-8503,priya.desai11@outlook.com,TRUE,Priya,Desai,"184 N 6th St, Apt 9","San Jose, CA",3/3/2023 21:27,5/7/2023
aaronBoi,408-742-1936,aaronbell98@gmail.com,TRUE,Aaron,Bell,62 Delmas Ave,"San Jose, CA",3/3/2023 21:34,3/4/2023
LeilaM,408-429-8751,leila.morgan@yahoo.com,TRUE,Leila,Morgan,62 Delmas Ave,"San Jose, CA",3/3/2023 21:34,3/18/2023
ben_gray,NULL,benoit.gray@outlook.com,FALSE,Benoit,Gray,NULL,"San Jose, CA",3/3/2023 21:41,NULL
rachelxoxo,669-275-9618,rachel.xu27@gmail.com,FALSE,Rachel,Xu,NULL,"San Jose, CA",3/3/2023 21:44,3/3/2023
isaG03,669-421-7836,isabelgarcia03@gmail.com,TRUE,Isabel,Garcia,"846 Benton St, Apt 4","Santa Clara, CA",3/3/2023 21:51,3/26/2023
MurphTheMan,408-638-2054,owen.murphy@icloud.com,TRUE,Owen,Murphy,"846 Benton St, Apt 4","Santa Clara, CA",3/3/2023 21:51,3/4/2023
fati_h,669-309-5742,fatima.hassan21@outlook.com,TRUE,Fatima,Hassan,"846 Benton St, Apt 5","Santa Clara, CA",3/3/2023 21:51,5/11/2023
tommyV2,NULL,NULL,FALSE,Tommy,Vega,"846 Benton St, Apt 5","Santa Clara, CA",3/3/2023 21:52,NULL
kat_attack,408-562-8397,katie.hughes18@gmail.com,FALSE,Katie,Hughes,NULL,"Santa Clara, CA",3/3/2023 21:58,3/3/2023
APark_01,650-327-6148,adrian.park01@gmail.com,TRUE,Adrian,Park,327 Pine Ln,"Los Altos, CA",3/3/2023 22:06,4/2/2023
milesAway,650-468-2093,milesfoster@outlook.com,FALSE,Miles,Foster,327 Pine Ln,"Los Altos, CA",3/3/2023 22:06,3/3/2023
skyl4r27,NULL,skylar27@proton.me,FALSE,NULL,NULL,NULL,"Los Altos, CA",3/3/2023 22:12,NULL
clara_morris,408-315-4827,clara.morris83@gmail.com,TRUE,Clara,Morris,"521 Hope St, Apt 4","Mountain View, CA",4/11/2023 9:18,5/6/2023
JulesCraft,650-274-9136,jules.bennett@icloud.com,TRUE,Jules,Bennett,"1180 Castro St, Apt 2","Mountain View, CA",4/11/2023 9:26,5/6/2023
priyaK84,669-438-2605,priya.kapoor84@gmail.com,TRUE,Priya,Kapoor,1847 Benton St,"Santa Clara, CA",4/11/2023 9:41,4/13/2023
westonlee,650-362-7041,weston.lee91@outlook.com,TRUE,Weston,Lee,"733 Emerson St, Apt 5","Palo Alto, CA",4/11/2023 10:07,5/7/2023
emilyMakes,408-527-3819,emily.hart.design@gmail.com,TRUE,Emily,Hart,246 Monroe St,"Santa Clara, CA",4/11/2023 10:29,4/11/2023
luis_mz,669-214-8653,luis.mendez73@yahoo.com,TRUE,Luis,Mendez,"906 Market St, Apt 7","San Jose, CA",4/11/2023 11:03,5/6/2023
NoraBell,650-483-1907,nora.bell@proton.me,TRUE,Nora,Bell,1448 Dana St,"Mountain View, CA",4/11/2023 11:18,4/28/2023
theo_r,408-396-5218,theodore.ross21@gmail.com,FALSE,Theodore,Ross,"615 Harrison St, Apt 3","Santa Clara, CA",4/11/2023 11:47,4/11/2023
minaSJSU,408-725-3140,mina.alavi02@gmail.com,TRUE,Mina,Alavi,"212 S 8th St, Apt 4","San Jose, CA",4/11/2023 18:12,5/6/2023
kev_o,669-352-7804,kevin.oconnor02@outlook.com,TRUE,Kevin,OConnor,"212 S 8th St, Apt 4","San Jose, CA",4/11/2023 18:13,4/12/2023
daniSantos,408-612-9037,daniela.santos22@gmail.com,TRUE,Daniela,Santos,"212 S 8th St, Apt 4","San Jose, CA",4/11/2023 18:14,5/6/2023
BryceH21,408-347-2195,bryce.henderson21@yahoo.com,TRUE,Bryce,Henderson,"927 E San Fernando St, Apt 2","San Jose, CA",4/11/2023 18:28,4/14/2023
anikap,669-481-6372,anika.patel02@gmail.com,TRUE,Anika,Patel,"927 E San Fernando St, Apt 2","San Jose, CA",4/11/2023 18:29,5/6/2023
joshuaC,NULL,joshua.coleman21@outlook.com,FALSE,Joshua,Coleman,"927 E San Fernando St, Apt 2","San Jose, CA",4/11/2023 18:30,NULL
tess_m,408-295-8461,tessa.morgan@icloud.com,TRUE,Tessa,Morgan,"927 E San Fernando St, Apt 2","San Jose, CA",4/11/2023 18:30,4/12/2023
rafaV,669-530-1928,rafael.vega97@gmail.com,TRUE,Rafael,Vega,"744 W Washington Ave, Apt 6","Sunnyvale, CA",4/12/2023 8:46,5/6/2023
lucyng,408-418-7502,lucy.ng.art@gmail.com,TRUE,Lucy,Ng,"744 W Washington Ave, Apt 6","Sunnyvale, CA",4/12/2023 8:47,4/19/2023
cameron88,408-367-2849,cameron.bishop88@outlook.com,TRUE,Cameron,Bishop,"744 W Washington Ave, Apt 6","Sunnyvale, CA",4/12/2023 8:48,5/8/2023
bee_huang,650-295-6308,beatrice.huang@gmail.com,TRUE,Beatrice,Huang,"151 Calderon Ave, Apt 3","Mountain View, CA",4/12/2023 9:21,5/6/2023
milesj,650-481-7356,miles.jensen@icloud.com,TRUE,Miles,Jensen,"151 Calderon Ave, Apt 3","Mountain View, CA",4/12/2023 9:22,4/12/2023
rosalie_art,408-572-4109,rosalie.foster.art@gmail.com,TRUE,Rosalie,Foster,"389 N 3rd St, Apt 5","San Jose, CA",4/13/2023 10:05,5/6/2023
DerekP,669-318-9674,derek.palmer94@yahoo.com,TRUE,Derek,Palmer,"389 N 3rd St, Apt 5","San Jose, CA",4/13/2023 10:06,4/17/2023
mina_kim,408-743-5082,mina.kim04@outlook.com,FALSE,Mina,Kim,"680 E Julian St, Apt 8","San Jose, CA",4/13/2023 10:18,4/13/2023
harperQ,650-396-8215,harper.quinn@gmail.com,TRUE,Harper,Quinn,924 Church St,"Palo Alto, CA",4/13/2023 11:42,5/7/2023
gvargas,669-287-4530,gabriela.vargas89@gmail.com,TRUE,Gabriela,Vargas,"370 Park Ave, Apt 11","San Jose, CA",4/13/2023 12:03,5/6/2023
artDad42,408-629-1457,martin.cole42@yahoo.com,TRUE,Martin,Cole,1635 Fremont St,"Santa Clara, CA",4/14/2023 13:27,5/6/2023
SashaN,650-274-6083,sasha.novak@proton.me,TRUE,Sasha,Novak,"802 Villa St, Apt 6","Mountain View, CA",4/14/2023 14:11,4/23/2023
julio_est,408-517-3906,julio.estrada76@gmail.com,TRUE,Julio,Estrada,531 Reed St,"San Jose, CA",4/14/2023 15:38,5/6/2023
naomi_w,669-452-1786,naomi.wells91@outlook.com,FALSE,Naomi,Wells,NULL,"Sunnyvale, CA",4/14/2023 16:02,NULL
RowanFields,650-318-7254,rowan.fields@icloud.com,TRUE,Rowan,Fields,"1140 Waverley St, Apt 2","Palo Alto, CA",4/15/2023 9:17,4/15/2023
TheCollector,408-285-6419,edmund.price77@gmail.com,TRUE,Edmund,Price,"2025 The Alameda, Apt 8","San Jose, CA",4/15/2023 12:26,5/6/2023
steph_liu,669-347-9205,stephanie.liu88@gmail.com,TRUE,Stephanie,Liu,"1050 Kiely Blvd, Apt 12","Santa Clara, CA",4/15/2023 13:51,5/10/2023
tomas.reyes,408-593-2741,tomas.reyes90@outlook.com,TRUE,Tomas,Reyes,"673 Auzerais Ave, Apt 4","San Jose, CA",4/15/2023 17:29,4/18/2023
lea_m,650-427-8163,lea.martin.art@gmail.com,TRUE,Lea,Martin,"945 High St, Apt 3","Palo Alto, CA",4/16/2023 10:08,5/6/2023
BenjiStone,408-371-6548,benjamin.stone95@gmail.com,FALSE,Benjamin,Stone,"1528 Franklin St, Apt 9","Santa Clara, CA",4/16/2023 20:17,NULL
aidengoeswest,408-703-7192,aiden.adams@hotmail.com,TRUE,Aiden,Adams,"167 Lawrence Station Rd, Apt 6","Santa Clara, CA",5/6/2023 8:34,5/6/2023
bellx61,669-554-3299,bella75@outlook.com,TRUE,Bella,Baker,"167 Lawrence Station Rd, Apt 6","Santa Clara, CA",5/6/2023 8:34,11/19/2023
carlos.castillo,669-279-2622,carlos.castillo@yahoo.com,TRUE,Carlos,Castillo,"167 Lawrence Station Rd, Apt 6","Santa Clara, CA",5/6/2023 8:39,5/6/2023
daphne.dawson,408-522-4676,dapdaws92@proton.me,FALSE,Daphne,Dawson,"2377 Alameda Way, Apt 19","San Jose, CA",5/6/2023 9:27,5/6/2023
eli1992,408-619-8249,eli.ellis@yahoo.com,TRUE,Eli,Ellis,"2377 Alameda Way, Apt 19","San Jose, CA",5/6/2023 9:31,5/30/2023
ffischer,408-296-4751,freya70@hotmail.com,TRUE,Freya,Fischer,"2377 Alameda Way, Apt 19","San Jose, CA",5/6/2023 11:05,5/17/2023
GavinG4,650-545-7801,gavgarc96@hotmail.com,TRUE,Gavin,Garcia,1511 Maple Terrace,"Los Altos, CA",5/6/2023 11:07,5/6/2023
hazel_hughes,650-265-7452,hazel.hughes6@icloud.com,TRUE,Hazel,Hughes,1511 Maple Terrace,"Los Altos, CA",5/6/2023 11:21,6/16/2023
itoI,650-330-8184,isaito92@icloud.com,TRUE,Isaac,Ito,1511 Maple Terrace,"Los Altos, CA",5/6/2023 12:47,5/6/2023
jasminegoeswest,NULL,jasmine.jordan4@outlook.com,FALSE,Jasmine,Jordan,2319 Rose Garden Ln,"Sunnyvale, CA",5/6/2023 13:03,NULL
kai1991,408-570-9877,kai19@outlook.com,TRUE,Kai,Kim,2319 Rose Garden Ln,"Sunnyvale, CA",5/6/2023 13:39,5/16/2023
llopez,408-362-7968,llopez@gmail.com,TRUE,Lena,Lopez,2319 Rose Garden Ln,"Sunnyvale, CA",5/6/2023 13:39,5/10/2023
mateogoeswest,650-595-5843,mateo98@icloud.com,TRUE,Mateo,Miller,"1499 Parkside Ave, Apt 6","Palo Alto, CA",5/6/2023 14:38,5/19/2023
NoraN8,650-315-2892,nora90@yahoo.com,TRUE,Nora,Nguyen,"1499 Parkside Ave, Apt 6","Palo Alto, CA",5/6/2023 14:48,5/6/2023
omar.owens,650-357-4132,omar.owens2@yahoo.com,TRUE,Omar,Owens,"1499 Parkside Ave, Apt 6","Palo Alto, CA",5/6/2023 15:05,5/17/2023
pip2002,669-301-7923,piper.price3@icloud.com,FALSE,Piper,Price,"365 Franklin Ct, Apt 16","Santa Clara, CA",5/6/2023 15:20,5/6/2023
quentingoeswest,669-214-1610,quequin98@yahoo.com,TRUE,Quentin,Quinn,"365 Franklin Ct, Apt 16","Santa Clara, CA",5/6/2023 15:26,5/6/2023
rinar57,669-788-2077,rina.rivera8@gmail.com,TRUE,Rina,Rivera,"365 Franklin Ct, Apt 16","Santa Clara, CA",5/6/2023 15:52,6/20/2023
sebastian_singh,408-354-8030,ssingh@outlook.com,TRUE,Sebastian,Singh,575 Willow Bend Ln,"San Jose, CA",5/6/2023 16:39,10/23/2023
talia_taylor,408-824-5878,talia.taylor@hotmail.com,TRUE,Talia,Taylor,575 Willow Bend Ln,"San Jose, CA",5/6/2023 16:50,5/15/2023
uusher,408-538-5121,uri.usher@yahoo.com,TRUE,Uri,Usher,575 Willow Bend Ln,"San Jose, CA",5/6/2023 16:57,5/16/2023
violet_vasquez,650-632-7243,violet.vasquez@proton.me,TRUE,Violet,Vasquez,"969 Benton St, Apt 13","Palo Alto, CA",5/6/2023 17:16,11/19/2023
wyattw7,650-261-8429,wyatt.walker5@yahoo.com,TRUE,Wyatt,Walker,"969 Benton St, Apt 13","Palo Alto, CA",5/6/2023 17:35,11/19/2023
xxu,650-480-3553,ximxu93@yahoo.com,TRUE,Ximena,Xu,"969 Benton St, Apt 13","Palo Alto, CA",5/6/2023 20:51,5/6/2023
yarax43,669-397-5344,yara22@hotmail.com,TRUE,Yara,Young,1911 Moorpark Ave,"Santa Clara, CA",5/6/2023 21:09,5/16/2023
zane_zimmerman,408-511-4072,zanzimm95@hotmail.com,TRUE,Zane,Zimmerman,1911 Moorpark Ave,"Santa Clara, CA",5/6/2023 21:17,5/6/2023
amelia_art,408-711-4559,amelia.anderson@yahoo.com,TRUE,Amelia,Anderson,1911 Moorpark Ave,"Santa Clara, CA",5/6/2023 21:22,6/13/2023
blakeb85,408-714-6809,NULL,FALSE,Blake,Brooks,"1672 Emerson St, Apt 16","Santa Clara, CA",5/6/2023 21:48,5/6/2023
celinegoeswest,669-811-3291,celine.carter@gmail.com,TRUE,Celine,Carter,"1672 Emerson St, Apt 16","Santa Clara, CA",5/6/2023 22:21,5/11/2023
devond30,408-696-2173,devon.diaz@hotmail.com,TRUE,Devon,Diaz,"1672 Emerson St, Apt 16","Santa Clara, CA",5/6/2023 22:24,5/20/2023
eevans,650-860-1932,eevans@hotmail.com,TRUE,Elise,Evans,"2133 Parkside Ave, Apt 6","Mountain View, CA",5/7/2023 8:41,5/15/2023
felix_flores,650-715-4277,felix.flores@icloud.com,TRUE,Felix,Flores,"2133 Parkside Ave, Apt 6","Mountain View, CA",5/7/2023 9:23,11/19/2023
GiaG3,650-670-9531,giagree91@proton.me,TRUE,Gia,Green,"1078 Mission Park Dr, Apt 16","Los Altos, CA",5/7/2023 9:25,9/30/2023
holden_hall,650-391-6216,holhall95@yahoo.com,TRUE,Holden,Hall,"1078 Mission Park Dr, Apt 16","Los Altos, CA",5/7/2023 10:26,5/7/2023
iris_art,408-420-4708,iris31@yahoo.com,FALSE,Iris,Ingram,1923 Market St,"Santa Clara, CA",5/7/2023 12:11,NULL
jonah.jenkins,408-548-1111,jonah.jenkins8@proton.me,TRUE,Jonah,Jenkins,1923 Market St,"Santa Clara, CA",5/7/2023 12:40,7/27/2023
keiragoeswest,510-742-5432,keikaur96@outlook.com,TRUE,Keira,Kaur,2108 Camino Real,"Fremont, CA",5/7/2023 12:49,5/11/2023
lewisL,510-488-6361,leo.lewis@hotmail.com,TRUE,Leo,Lewis,2108 Camino Real,"Fremont, CA",5/7/2023 15:33,5/10/2023
milam50,650-721-1153,milmitc96@outlook.com,TRUE,Mila,Mitchell,"2047 Waverley St, Apt 15","Los Altos, CA",5/7/2023 16:13,11/19/2023
nico_art,650-382-7262,nico.navarro3@outlook.com,TRUE,Nico,Navarro,"2047 Waverley St, Apt 15","Los Altos, CA",5/7/2023 17:21,9/27/2023
opa2000,650-805-8229,opal.ortiz7@gmail.com,TRUE,Opal,Ortiz,1656 University Way,"Los Altos, CA",5/7/2023 17:46,9/18/2023
parker_perry,650-467-9829,pperry@gmail.com,TRUE,Parker,Perry,1656 University Way,"Los Altos, CA",5/7/2023 18:44,5/11/2023
reesx47,669-663-4455,rreed@proton.me,TRUE,Reese,Reed,628 Lincoln Ave,"Sunnyvale, CA",5/7/2023 18:50,6/20/2023
sorens84,408-492-2364,soren.sullivan@hotmail.com,TRUE,Soren,Sullivan,628 Lincoln Ave,"Sunnyvale, CA",5/7/2023 20:22,5/18/2023
tarax19,510-705-3081,tthomas@outlook.com,TRUE,Tara,Thomas,2209 Camino Real,"Fremont, CA",5/7/2023 21:02,11/19/2023
underwoodU,510-443-7557,uma78@hotmail.com,TRUE,Uma,Underwood,2209 Camino Real,"Fremont, CA",5/7/2023 21:46,11/19/2023
victor_art,669-596-9275,victor.valdez3@proton.me,TRUE,Victor,Valdez,2420 Hamilton Ave,"Sunnyvale, CA",5/7/2023 21:47,11/19/2023
wendy.white,408-334-6112,wendy.white2@outlook.com,TRUE,Wendy,White,2420 Hamilton Ave,"Sunnyvale, CA",5/7/2023 21:56,11/19/2023
xavier_yoon,650-591-2670,xavier.yoon5@yahoo.com,FALSE,NULL,Yoon,"2173 Camino Real, Apt 12","Mountain View, CA",5/7/2023 22:12,NULL
yasminz69,650-777-3314,yasmin.zhang7@hotmail.com,FALSE,Yasmin,Zhang,"2173 Camino Real, Apt 12","Mountain View, CA",5/7/2023 22:33,NULL
zac1995,669-796-6205,zacalva94@yahoo.com,TRUE,Zachary,Alvarez,"2237 Maple Terrace, Apt 22","Santa Clara, CA",5/8/2023 8:19,5/20/2023
ari2000,650-509-5682,ari.bennett@proton.me,TRUE,Ari,Bennett,753 University Way,"Mountain View, CA",5/8/2023 8:23,5/8/2023
bia1993,669-781-9110,bianca.choi5@yahoo.com,TRUE,Bianca,Choi,"1137 Waverley St, Apt 2","Campbell, CA",5/8/2023 9:17,9/8/2023
donovanC,650-536-4014,cdonovan@proton.me,TRUE,Colin,Donovan,1991 Parkside Ave,"Los Altos, CA",5/8/2023 10:14,5/15/2023
deliae17,650-439-1491,delia22@icloud.com,TRUE,Delia,Edwards,2070 Lincoln Ave,"Mountain View, CA",5/8/2023 13:50,5/8/2023
emmett_franklin,408-378-6022,emmett.franklin3@yahoo.com,TRUE,Emmett,Franklin,116 Franklin Ct,"San Jose, CA",5/8/2023 14:00,9/26/2023
FarahG5,650-381-6045,fgupta@gmail.com,FALSE,Farah,Gupta,489 Castro St,"Mountain View, CA",5/8/2023 15:27,NULL
ghernandez,408-346-4489,ghernandez@yahoo.com,TRUE,Grant,Hernandez,1576 Franklin Ct,"Santa Clara, CA",5/8/2023 15:53,5/8/2023
heidi.irwin,510-877-4937,heidi85@gmail.com,TRUE,Heidi,Irwin,1524 Market St,"Fremont, CA",5/8/2023 16:19,10/3/2023
ijacobs,650-870-8649,ivan61@outlook.com,TRUE,Ivan,Jacobs,1114 Bascom Ave,"Palo Alto, CA",5/8/2023 16:53,5/8/2023
june.klein,408-848-6909,june28@proton.me,TRUE,June,Klein,835 Orchard View St,"Campbell, CA",5/8/2023 18:46,11/19/2023
kmartinez,408-672-9945,kieran66@proton.me,TRUE,Kieran,Martinez,"550 University Way, Apt 8","Santa Clara, CA",5/8/2023 18:55,5/8/2023
lila.nelson,510-553-6231,lilnels92@proton.me,TRUE,Lila,Nelson,1440 Moorpark Ave,"Fremont, CA",5/8/2023 20:17,5/8/2023
micah_olsen,650-434-5645,micah10@icloud.com,TRUE,Micah,Olsen,1690 Franklin Ct,"Palo Alto, CA",5/8/2023 20:22,5/9/2023
nadia_patel,408-537-5365,nadia.patel@hotmail.com,TRUE,Nadia,Patel,"2043 Parkside Ave, Apt 21","Sunnyvale, CA",5/9/2023 12:34,8/31/2023
OscarR2,408-640-1867,oscar.ramirez@gmail.com,TRUE,Oscar,Ramirez,"1397 Orchard View St, Apt 3","Campbell, CA",5/9/2023 14:09,5/9/2023
paige.scott,669-213-9223,paige.scott@proton.me,TRUE,Paige,Scott,"2282 Lincoln Ave, Apt 11","San Jose, CA",5/9/2023 14:58,7/9/2023
rafaelgoeswest,650-738-9960,rtran@hotmail.com,TRUE,Rafael,Tran,"1530 Castro St, Apt 16","Palo Alto, CA",5/9/2023 15:44,5/14/2023
selena.vega,510-254-8879,selena.vega7@icloud.com,TRUE,Selena,Vega,"507 Lawrence Station Rd, Apt 5","Fremont, CA",5/9/2023 16:27,5/9/2023
tristangoeswest,408-373-3958,twilliams@yahoo.com,TRUE,Tristan,Williams,2186 Lawrence Station Rd,"Campbell, CA",5/9/2023 17:35,9/3/2023
valeriea46,669-594-3439,valarch91@yahoo.com,TRUE,Valerie,Archer,1928 Orchard View St,"Sunnyvale, CA",5/9/2023 17:36,7/13/2023
wesley_bishop,408-702-5733,wbishop@outlook.com,TRUE,Wesley,Bishop,"1453 Rose Garden Ln, Apt 20","Campbell, CA",5/9/2023 20:28,5/23/2023
zoe_chen,650-501-9391,zoechen90@yahoo.com,FALSE,Zoe,NULL,"886 Cedar Grove Rd, Apt 17","Los Altos, CA",5/9/2023 21:45,NULL
douglasA,669-755-8677,anton.douglas@gmail.com,TRUE,Anton,Douglas,438 Riverview Dr,"Sunnyvale, CA",5/10/2023 9:16,10/16/2023
farrellB,510-315-1459,bria.farrell3@hotmail.com,TRUE,Bria,Farrell,430 Riverview Dr,"Fremont, CA",5/10/2023 9:40,5/22/2023
cgomez,650-372-9222,cedric.gomez@gmail.com,TRUE,Cedric,Gomez,1997 Homestead Rd,"Mountain View, CA",5/10/2023 10:42,5/11/2023
diana_howard,650-672-6499,dhoward@gmail.com,TRUE,Diana,Howard,114 Franklin Ct,"Mountain View, CA",5/10/2023 13:08,8/16/2023
evan_james,510-410-1435,evan.james7@proton.me,TRUE,Evan,James,"772 Franklin Ct, Apt 21","Fremont, CA",5/10/2023 15:50,5/12/2023
fiona_art,408-417-2661,fioknig97@gmail.com,FALSE,Fiona,Knight,"787 Dana St, Apt 2","San Jose, CA",5/10/2023 16:02,NULL
gideonl67,650-234-8477,gideon.lam@yahoo.com,TRUE,Gideon,Lam,337 Orchard View St,"Los Altos, CA",5/10/2023 22:55,5/10/2023
HollyM9,650-453-1245,holly.monroe@gmail.com,TRUE,Holly,Monroe,"470 Bascom Ave, Apt 21","Palo Alto, CA",5/11/2023 9:48,5/11/2023
inorris,510-443-2869,inorris@outlook.com,TRUE,Ian,Norris,1594 Bascom Ave,"Fremont, CA",5/11/2023 12:36,7/9/2023
jade.park,650-803-4255,jade.park7@outlook.com,FALSE,Jade,Park,"943 Mission Park Dr, Apt 9","Los Altos, CA",5/11/2023 14:39,NULL
kendallr46,650-598-3642,kendall.roberts@icloud.com,TRUE,Kendall,Roberts,1263 Hamilton Ave,"Los Altos, CA",5/11/2023 14:51,8/16/2023
LorenzoS5,408-385-3485,lorenzo.shah1@outlook.com,TRUE,Lorenzo,Shah,"402 Alameda Way, Apt 24","Santa Clara, CA",5/11/2023 15:07,5/23/2023
mara.turner,650-403-8387,mara.turner5@outlook.com,TRUE,Mara,Turner,1945 Emerson St,"Palo Alto, CA",5/12/2023 19:32,5/12/2023
neil_vaughn,408-228-9365,neil.vaughn@yahoo.com,TRUE,Neil,Vaughn,"326 Waverley St, Apt 2","Santa Clara, CA",5/12/2023 20:09,5/17/2023
olivx49,650-568-7560,olive.wilson@gmail.com,TRUE,Olive,Wilson,"1691 Homestead Rd, Apt 2","Palo Alto, CA",5/12/2023 20:31,8/3/2023
presx18,669-406-1258,preyu92@outlook.com,FALSE,Preston,Yu,NULL,"Sunnyvale, CA",5/12/2023 21:20,NULL
RosaZ7,408-696-7314,rosa.zamora@outlook.com,TRUE,Rosa,Zamora,"1236 Castro St, Apt 5","San Jose, CA",5/13/2023 9:21,5/26/2023
shanegoeswest,669-487-6103,shane.bell@hotmail.com,TRUE,Shane,Bell,"1593 Berryessa Rd, Apt 12","San Jose, CA",5/13/2023 11:46,5/13/2023
tessac47,669-874-9924,tessa22@gmail.com,TRUE,Tessa,Cole,"1519 Moorpark Ave, Apt 15","Sunnyvale, CA",5/13/2023 13:06,5/24/2023
vince.desai,510-371-1579,vince.desai@gmail.com,TRUE,Vince,Desai,"1477 Moorpark Ave, Apt 24","Fremont, CA",5/14/2023 9:32,8/5/2023
willow.foster,650-382-4837,willow46@gmail.com,TRUE,Willow,Foster,"1457 Homestead Rd, Apt 11","Palo Alto, CA",5/14/2023 14:37,5/14/2023
yvette_gray,510-673-1821,yvegray95@hotmail.com,TRUE,Yvette,Gray,"602 University Way, Apt 24","Fremont, CA",5/14/2023 16:42,8/7/2023
LorenzoX95,669-213-7391,lxu@hotmail.com,TRUE,Lorenzo,Xu,1059 E Reed St,"San Jose, CA",6/2/2023 21:01,5/26/2024
pete_ingr,650-214-3103,peter_ingram@hotmail.com,TRUE,Peter,Ingram,1339 Maple Terrace,"Los Altos, CA",6/3/2023 17:08,11/22/2023
ValentinaC52,650-896-1783,vchen@gmail.com,TRUE,Valentina,Chen,543 Dana St,"Mountain View, CA",6/6/2023 3:47,2/23/2024
HenryR76,408-899-9295,henry_roberts@hotmail.com,TRUE,Henry,Roberts,1611 Central Ave,"Campbell, CA",6/6/2023 16:34,3/5/2024
camjoh19,650-828-3138,camila.johnson@yahoo.com,TRUE,Camila,Johnson,1327 University Ave,"Palo Alto, CA",6/6/2023 23:25,2/20/2024
sant_lane,650-720-8680,santiago_lane@gmail.com,TRUE,Santiago,Lane,543 Dana St,"Mountain View, CA",6/7/2023 0:18,2/21/2024
jona_thom,408-517-9285,jonas_thomas@yahoo.com,TRUE,Jonas,Thomas,1611 Central Ave,"Campbell, CA",6/7/2023 11:25,6/7/2023
EsmeO15,650-257-4019,esme24@gmail.com,FALSE,Esme,Ortiz,1327 University Ave,"Palo Alto, CA",6/8/2023 4:02,6/8/2023
naoirw54,650-745-9460,naomi.irwin@hotmail.com,TRUE,Naomi,Irwin,1339 Maple Terrace,"Los Altos, CA",6/9/2023 0:22,4/11/2024
darmar33,650-607-1481,daria.martinez@icloud.com,TRUE,Daria,Martinez,1327 University Ave,"Palo Alto, CA",6/11/2023 4:44,6/12/2023
rvargas,510-291-5274,rvargas@proton.me,TRUE,Reese,Vargas,1348 Walnut Ave,"Fremont, CA",6/20/2023 12:04,11/27/2023
FelixD79,650-319-9497,felix57@icloud.com,TRUE,Felix,Desai,1630 University Way,"Los Altos, CA",6/20/2023 22:06,7/8/2023
cass_unde,650-450-9273,cassidy.underwood@yahoo.com,TRUE,Cassidy,Underwood,388 Middlefield Rd,"Palo Alto, CA",6/21/2023 13:20,6/21/2023
keirak58,NULL,keiklei71@icloud.com,TRUE,Keira,Klein,2338 Bascom Ave,"Campbell, CA",6/21/2023 22:46,11/24/2023
rafmor18,669-302-8322,rafael27@proton.me,TRUE,Rafael,Morgan,2338 Bascom Ave,"Campbell, CA",6/22/2023 19:12,11/26/2023
nia1766,650-839-7107,niapric58@icloud.com,TRUE,Nia,Price,1731 First St,"Los Altos, CA",6/23/2023 4:22,6/23/2023
indira.santos,510-424-9320,indira_santos@hotmail.com,TRUE,Indira,Santos,1348 Walnut Ave,"Fremont, CA",6/23/2023 7:42,7/5/2023
malik.navarro,408-598-8240,malik59@gmail.com,TRUE,Malik,Navarro,"655 Campbell Ave, Apt 15","Campbell, CA",6/24/2023 3:42,7/22/2023
anika821,650-877-8717,aninorr72@yahoo.com,TRUE,Anika,Norris,388 Middlefield Rd,"Palo Alto, CA",6/25/2023 6:17,1/15/2024
DylanA45,408-387-5118,dylan_anderson@icloud.com,TRUE,Dylan,Anderson,"1351 Bascom Ave, Apt 16","Campbell, CA",6/26/2023 22:07,11/28/2023
abigail1048,650-574-7622,abigail.zimmerman@outlook.com,TRUE,Abigail,Zimmerman,405 Emerson St,"Palo Alto, CA",6/30/2023 10:06,7/15/2023
kara.lam,669-249-3130,kara_lam@proton.me,TRUE,Kara,Lam,"655 Campbell Ave, Apt 15","Campbell, CA",7/2/2023 7:45,7/3/2023
imahay88,650-755-9561,imani.hayes@icloud.com,TRUE,Imani,Hayes,1630 University Way,"Los Altos, CA",7/9/2023 11:10,4/26/2024
dhassan,408-847-9017,daphne5@yahoo.com,TRUE,Daphne,Hassan,2338 Bascom Ave,"Campbell, CA",7/12/2023 0:03,8/8/2023
averyp57,510-781-5222,avery60@proton.me,TRUE,Avery,Perry,1348 Walnut Ave,"Fremont, CA",7/13/2023 10:40,3/22/2024
jonas1639,669-875-4193,jonas35@gmail.com,TRUE,Jonas,Adams,1334 Market St,"Santa Clara, CA",7/19/2023 16:54,8/7/2023
skylern95,669-850-2793,skyler_ng@outlook.com,TRUE,Skyler,Ng,NULL,"San Jose, CA",7/22/2023 20:26,11/21/2023
yarae9,650-417-3078,yara_edwards@proton.me,TRUE,Yara,Edwards,2452 El Camino Real,"Mountain View, CA",7/23/2023 6:12,7/23/2023
beabel21,669-242-5916,beabell43@hotmail.com,TRUE,Beatrice,Bell,"791 Kiely Blvd, Apt 15","Santa Clara, CA",7/28/2023 15:34,7/29/2023
theoc13,669-216-2904,theo.choi@hotmail.com,TRUE,Theo,Choi,"791 Kiely Blvd, Apt 15","Santa Clara, CA",7/29/2023 3:29,1/22/2024
henr_fisc,408-257-5183,henfisc95@proton.me,TRUE,Henry,Fischer,1334 Market St,"Santa Clara, CA",7/29/2023 4:01,11/19/2023
isaac.yoon,669-789-9296,isaac6@gmail.com,TRUE,Isaac,Yoon,"791 Kiely Blvd, Apt 15","Santa Clara, CA",7/29/2023 10:07,11/26/2023
amar_rami,669-501-3358,aramirez@icloud.com,TRUE,Amara,Ramirez,1398 Auzerais Ave,"San Jose, CA",7/30/2023 0:27,8/21/2023
noalew48,408-787-6786,noalewi74@proton.me,FALSE,Noah,Lewis,1109 Market St,"Santa Clara, CA",7/31/2023 3:57,NULL
sabrinaw53,650-801-4850,swalker@gmail.com,TRUE,Sabrina,Walker,1731 First St,"Los Altos, CA",7/31/2023 4:17,11/20/2023
fhuang,650-620-6858,frahuan91@gmail.com,TRUE,Frankie,Huang,2452 El Camino Real,"Mountain View, CA",7/31/2023 7:53,8/1/2023
esme1332,408-363-9470,esme_donovan@icloud.com,TRUE,Esme,Donovan,2202 Central Ave,"Campbell, CA",8/2/2023 20:24,5/4/2024
priy_benn,650-795-6496,pribenn10@gmail.com,TRUE,Priya,Bennett,2452 El Camino Real,"Mountain View, CA",8/3/2023 5:28,5/18/2024
DariaW36,669-793-9049,daria11@icloud.com,FALSE,Daria,Wells,1040 W Washington Ave,"Sunnyvale, CA",8/6/2023 8:52,8/6/2023
camila1765,650-319-8781,camila56@gmail.com,TRUE,Camila,Singh,2208 Dana St,"Mountain View, CA",8/9/2023 10:31,11/21/2023
ravi_john,650-421-7641,ravi_johnson@gmail.com,TRUE,Ravi,Johnson,"1866 High St, Apt 24","Palo Alto, CA",8/25/2023 13:24,2/10/2024
rafxu51,669-230-1463,rafxu69@gmail.com,TRUE,Rafael,Xu,1124 Moorpark Ave,"Sunnyvale, CA",8/25/2023 15:46,9/9/2023
ngarcia,650-372-1904,nathan11@icloud.com,TRUE,Nathan,Garcia,1816 Maple Terrace,"Los Altos, CA",8/26/2023 0:18,11/20/2023
CassidyK3,669-470-7255,cassidy59@hotmail.com,TRUE,Cassidy,Kapoor,"315 Bascom Ave, Apt 10","Campbell, CA",8/26/2023 4:00,3/30/2024
AbigailC37,510-886-5180,abigail70@yahoo.com,TRUE,Abigail,Chen,780 Fremont Blvd,"Fremont, CA",8/26/2023 5:08,11/23/2023
dyla_mend,669-736-2031,dmendez@outlook.com,TRUE,Dylan,Mendez,1213 Lincoln Ave,"Sunnyvale, CA",8/26/2023 9:03,8/27/2023
agreen,408-773-3548,agreen@gmail.com,TRUE,Anika,Green,"315 Bascom Ave, Apt 10","Campbell, CA",8/27/2023 0:42,9/3/2023
indira582,510-416-4785,indingr10@gmail.com,TRUE,Indira,Ingram,780 Fremont Blvd,"Fremont, CA",8/27/2023 14:36,11/27/2023
avery1044,669-661-2682,avery_irwin@icloud.com,TRUE,Avery,Irwin,1124 Moorpark Ave,"Sunnyvale, CA",8/28/2023 12:38,8/29/2023
daph_robe,408-891-5037,daphne.roberts@icloud.com,TRUE,Daphne,Roberts,1913 The Alameda,"San Jose, CA",8/28/2023 19:57,8/30/2023
rees_lane,510-648-1155,rlane@icloud.com,TRUE,Reese,Lane,780 Fremont Blvd,"Fremont, CA",8/29/2023 10:53,8/29/2023
victor.ortiz,650-494-2127,victor_ortiz@hotmail.com,TRUE,Victor,Ortiz,"1866 High St, Apt 24","Palo Alto, CA",8/29/2023 13:36,1/20/2024
luciac85,408-286-9543,luccast80@gmail.com,TRUE,Lucia,Castillo,1334 Market St,"Santa Clara, CA",8/29/2023 15:56,3/28/2024
keira.thomas,408-363-4334,kthomas@proton.me,TRUE,Keira,Thomas,1913 The Alameda,"San Jose, CA",8/30/2023 16:27,3/31/2024
selene1166,650-478-2269,selene77@outlook.com,TRUE,Selene,Martinez,"1866 High St, Apt 24","Palo Alto, CA",8/31/2023 12:24,2/22/2024
marina.zimmerman,650-397-6661,marina.zimmerman@proton.me,TRUE,Marina,Zimmerman,743 Emerson St,"Palo Alto, CA",9/2/2023 21:50,11/24/2023
renee.underwood,650-463-2783,renee.underwood@yahoo.com,TRUE,Renee,Underwood,1379 Waverley St,"Palo Alto, CA",9/5/2023 0:54,2/17/2024
sofia.anderson,650-350-7757,sofia4@gmail.com,TRUE,Sofia,Anderson,553 El Camino Real,"Mountain View, CA",9/6/2023 19:02,10/2/2023
xdesai,408-641-8605,xdesai@proton.me,TRUE,Xavier,Desai,776 Auzerais Ave,"San Jose, CA",9/9/2023 7:54,11/27/2023
svega,650-346-2284,sawvega82@icloud.com,TRUE,Sawyer,Vega,1527 Emerson St,"Palo Alto, CA",9/10/2023 23:39,11/24/2023
AishaB5,408-721-4035,abishop@icloud.com,TRUE,Aisha,Bishop,"1038 Campbell Ave, Apt 24","Campbell, CA",9/14/2023 21:01,9/15/2023
millam37,650-668-1681,mlam@yahoo.com,TRUE,Milo,Lam,"623 Middlefield Rd, Apt 17","Palo Alto, CA",9/15/2023 8:32,4/30/2024
GabrielaP69,669-735-3381,gabriela79@hotmail.com,TRUE,Gabriela,Perry,1213 Lincoln Ave,"Sunnyvale, CA",9/16/2023 2:04,11/19/2023
isantos,669-785-9230,NULL,FALSE,Isla,Santos,1213 Lincoln Ave,"Sunnyvale, CA",9/16/2023 12:22,NULL
farahh15,408-358-9176,farah.hayes@hotmail.com,FALSE,Farah,Hayes,776 Auzerais Ave,"San Jose, CA",9/16/2023 23:45,NULL
kai393,669-839-6519,kai_scott@proton.me,TRUE,Kai,Scott,1789 Campbell Ave,"Campbell, CA",9/19/2023 21:44,3/23/2024
nico_norr,650-709-9250,nnorris@hotmail.com,TRUE,Nicolas,Norris,1379 Waverley St,"Palo Alto, CA",9/20/2023 15:29,9/20/2023
thalia.navarro,408-217-9832,thalia_navarro@gmail.com,TRUE,Thalia,Navarro,309 Orchard City Dr,"Campbell, CA",9/23/2023 11:44,9/24/2023
KhalilV9,650-479-4842,kvargas@hotmail.com,TRUE,Khalil,Vargas,743 Emerson St,"Palo Alto, CA",9/27/2023 14:00,11/27/2023
cleo_pric,408-854-2472,cprice@yahoo.com,TRUE,Cleo,Price,309 Orchard City Dr,"Campbell, CA",9/29/2023 17:22,2/11/2024
henry356,408-864-2318,henry94@icloud.com,TRUE,Henry,Palmer,2343 Monroe St,"Santa Clara, CA",10/5/2023 18:43,10/12/2023
beat_orti,669-576-2896,beatrice52@hotmail.com,TRUE,Beatrice,Ortiz,789 S 7th St,"San Jose, CA",10/6/2023 3:27,2/29/2024
camila231,669-465-8752,camila61@gmail.com,TRUE,Camila,Green,1368 Monroe St,"Santa Clara, CA",10/6/2023 4:37,10/7/2023
ericart48,650-709-9570,eric.wilson@proton.me,TRUE,Eric,Wilson,802 Calderon Ave,"Mountain View, CA",10/7/2023 2:45,11/19/2023
WesleyC96,669-314-8331,wesley_carter@gmail.com,TRUE,Wesley,Carter,2271 N 3rd St,"San Jose, CA",10/7/2023 22:13,3/19/2024
theoart21,510-262-4015,themart25@icloud.com,TRUE,Theo,Martinez,"1151 Mowry Ave, Apt 7","Fremont, CA",10/7/2023 22:28,11/22/2023
winter.martin,669-782-1917,winter_martin@gmail.com,TRUE,Winter,Martin,936 Monroe St,"Santa Clara, CA",10/8/2023 1:42,11/22/2023
priy_thom,NULL,priya99@proton.me,TRUE,Priya,Thomas,411 Lincoln Ave,"Sunnyvale, CA",10/8/2023 5:25,10/16/2023
harpar96,510-425-9605,harpark78@icloud.com,TRUE,Harper,Park,1572 Mowry Ave,"Fremont, CA",10/8/2023 13:13,10/8/2023
carmeninvests,510-544-2454,cknight@hotmail.com,TRUE,Carmen,Knight,1176 Mowry Ave,"Fremont, CA",10/9/2023 2:46,10/10/2023
zoe_gome,408-861-4256,zgomez@yahoo.com,TRUE,Zoe,Gomez,1979 Monroe St,"Santa Clara, CA",10/9/2023 17:32,4/5/2024
orion.ferguson,408-296-4225,oferguson@hotmail.com,TRUE,Orion,Ferguson,1826 Hamilton Ave,"Sunnyvale, CA",10/10/2023 1:40,5/21/2024
tessa.williams,408-636-3352,teswill64@proton.me,TRUE,Tessa,Williams,1979 Monroe St,"Santa Clara, CA",10/10/2023 8:26,1/7/2024
hana.howard,510-310-7314,hana91@hotmail.com,TRUE,Hana,Howard,"2107 Walnut Ave, Apt 19","Fremont, CA",10/10/2023 18:04,11/19/2023
frairw17,669-563-5289,frankie_irwin@outlook.com,TRUE,Frankie,Irwin,"2350 N 3rd St, Apt 23","San Jose, CA",10/11/2023 4:08,10/12/2023
MayaN46,510-453-1004,mnovak@icloud.com,TRUE,Maya,Novak,2322 Walnut Ave,"Fremont, CA",10/11/2023 8:55,11/10/2023
amara.chen,650-591-5286,amara.chen@outlook.com,TRUE,Amara,Chen,299 Villa St,"Mountain View, CA",10/12/2023 2:33,11/24/2023
peter858,669-530-5134,pjenkins@outlook.com,TRUE,Peter,Jenkins,"1553 Homestead Rd, Apt 20","Santa Clara, CA",10/12/2023 16:35,11/6/2023
grace.estrada,408-527-8674,grace_estrada@icloud.com,TRUE,Grace,Estrada,475 Franklin St,"Santa Clara, CA",10/13/2023 17:28,2/21/2024
QuinnK27,408-865-2654,quinn62@hotmail.com,TRUE,Quinn,Kaur,NULL,"Sunnyvale, CA",10/13/2023 21:17,10/15/2023
skylan12,650-633-4774,skyler.lane@hotmail.com,TRUE,Skyler,Lane,299 Villa St,"Mountain View, CA",10/14/2023 13:29,10/18/2023
lorenzot30,650-837-4047,ltran@hotmail.com,TRUE,Lorenzo,Tran,1834 University Way,"Los Altos, CA",10/15/2023 1:29,11/23/2023
crivera,408-707-7668,crivera@icloud.com,TRUE,Calvin,Rivera,539 Lincoln Ave,"Sunnyvale, CA",10/15/2023 5:56,11/11/2023
santiagoart7,669-493-9467,sanjord23@yahoo.com,FALSE,Santiago,Jordan,"2312 Delmas Ave, Apt 1","San Jose, CA",10/15/2023 11:51,10/15/2023
paol_garc,408-713-9892,paola.garcia@icloud.com,TRUE,Paola,Garcia,1164 Hamilton Ave,"Sunnyvale, CA",10/15/2023 16:17,11/19/2023
valentina.sims,650-561-5720,vsims@gmail.com,TRUE,Valentina,Sims,1020 University Way,"Los Altos, CA",10/17/2023 14:15,1/14/2024
cdubois,669-662-1549,cdubois@hotmail.com,FALSE,Clara,Dubois,1276 Benton St,"Santa Clara, CA",10/18/2023 9:40,10/18/2023
aartur16,408-290-1120,aarav.turner@icloud.com,TRUE,Aarav,Turner,218 Hamilton Ave,"Sunnyvale, CA",10/18/2023 21:20,11/28/2023
emilia.campbell,669-326-7783,emilia38@outlook.com,TRUE,Emilia,Campbell,475 Franklin St,"Santa Clara, CA",10/19/2023 4:17,5/21/2024
andre466,650-726-4386,andre28@hotmail.com,TRUE,Andre,Zamora,"221 University Ave, Apt 24","Palo Alto, CA",10/20/2023 7:44,4/12/2024
jgupta,669-520-2858,jadgupt54@hotmail.com,TRUE,Jade,Gupta,"2115 N 3rd St, Apt 15","San Jose, CA",10/20/2023 12:51,3/29/2024
isaacr55,669-581-9772,isaac64@proton.me,TRUE,Isaac,Roberts,2084 W Washington Ave,"Sunnyvale, CA",10/22/2023 12:00,5/7/2024
naomi150,669-725-3917,nyoung@hotmail.com,TRUE,Naomi,Young,"1553 Homestead Rd, Apt 20","Santa Clara, CA",10/23/2023 2:21,10/23/2023
damtay64,408-460-4568,damon_taylor@proton.me,FALSE,Damon,Taylor,539 Lincoln Ave,"Sunnyvale, CA",10/23/2023 9:04,NULL
callum226,408-662-9759,ccho@proton.me,TRUE,Callum,Cho,"2115 N 3rd St, Apt 15","San Jose, CA",10/23/2023 13:04,4/21/2024
aliceinvests,669-689-8988,aliolse40@gmail.com,TRUE,Alice,Olsen,936 Monroe St,"Santa Clara, CA",10/23/2023 21:06,10/29/2023
joce_hart,510-723-7603,jochart54@hotmail.com,TRUE,Jocelyn,Hart,1315 Walnut Ave,"Fremont, CA",10/23/2023 23:13,11/20/2023
morgan788,650-509-3438,morgan.jensen@outlook.com,TRUE,Morgan,Jensen,"623 University Way, Apt 2","Los Altos, CA",10/24/2023 7:37,10/26/2023
elli_fost,408-582-7154,ellis67@hotmail.com,TRUE,Ellis,Foster,2271 N 3rd St,"San Jose, CA",10/24/2023 13:48,11/23/2023
leolop21,650-497-3896,leo76@proton.me,TRUE,Leo,Lopez,680 Alma St,"Los Altos, CA",10/26/2023 3:40,11/22/2023
esme.mendez,669-423-3584,esmmend20@proton.me,FALSE,Esme,Mendez,2343 Monroe St,"Santa Clara, CA",10/26/2023 10:24,NULL
biaflo90,669-256-7629,bianca.flores@proton.me,TRUE,Bianca,Flores,1276 Benton St,"Santa Clara, CA",10/27/2023 6:39,5/25/2024
helgre44,650-632-9954,helgree44@outlook.com,TRUE,Helena,Greene,2076 Castro St,"Mountain View, CA",10/28/2023 10:53,11/19/2023
omarr31,510-683-1308,omar_reyes@gmail.com,TRUE,NULL,Reyes,2322 Walnut Ave,"Fremont, CA",10/28/2023 20:55,11/1/2023
jromero,650-495-2098,jonas_romero@proton.me,TRUE,Jonas,Romero,1834 University Way,"Los Altos, CA",10/28/2023 23:27,4/28/2024
jasperinvests,510-537-6478,jasper32@yahoo.com,TRUE,Jasper,Jacobs,2137 Mowry Ave,"Fremont, CA",10/29/2023 2:10,11/25/2023
ZaneM52,408-234-8475,zane.miller@icloud.com,TRUE,Zane,Miller,1114 Hamilton Ave,"Sunnyvale, CA",10/30/2023 22:53,11/1/2023
lilhow95,650-430-4979,lila74@yahoo.com,FALSE,Lila,Howell,165 El Camino Real,"Mountain View, CA",10/31/2023 14:00,NULL
yara1953,408-231-5673,yxu@icloud.com,TRUE,Yara,Xu,763 Delmas Ave,"San Jose, CA",11/1/2023 12:02,11/24/2023
noah885,650-729-2433,noah.ingram@outlook.com,TRUE,Noah,Ingram,299 Villa St,"Mountain View, CA",11/5/2023 4:51,11/24/2023
parker1833,669-782-1628,parker6@icloud.com,TRUE,Parker,Ross,218 Hamilton Ave,"Sunnyvale, CA",11/8/2023 10:28,2/9/2024
sabrinainvests,510-744-5226,sabrina83@gmail.com,TRUE,Sabrina,Johnson,"1151 Mowry Ave, Apt 7","Fremont, CA",11/11/2023 13:01,11/13/2023
rubys96,650-368-8227,ruby74@gmail.com,TRUE,Ruby,Sullivan,"1955 Calderon Ave, Apt 14","Mountain View, CA",11/13/2023 8:19,11/14/2023
darkap32,650-864-7198,daria63@outlook.com,TRUE,Daria,Kapoor,"858 El Camino Real, Apt 21","Mountain View, CA",11/13/2023 10:59,11/13/2023
mircas31,650-733-3385,mcastillo@icloud.com,TRUE,Mira,Castillo,165 El Camino Real,"Mountain View, CA",11/15/2023 3:13,11/16/2023
EliasH11,305-830-1971,elias_hayes@proton.me,TRUE,Elias,Hayes,"1408 Collins Ave, Unit 14","Miami, FL",11/19/2023 6:34,11/21/2023
serenaart9,469-270-4224,servalde85@proton.me,TRUE,Serena,Valdez,1546 Main St,"Dallas, TX",11/19/2023 6:39,5/21/2024
lanadubo86,650-682-9600,landuboi40@proton.me,FALSE,Lana,Dubois,1962 Emerson St,"Palo Alto, CA",11/19/2023 6:46,11/19/2023
tar_trades,646-394-3598,tariq.bell@gmail.com,TRUE,Tariq,Bell,939 W 23rd St,"New York, NY",11/19/2023 6:46,5/24/2024
anika.bennett,786-404-9122,anibenne96@hotmail.com,TRUE,Anika,Bennett,"335 NE 2nd Ave, Unit 22","Miami, FL",11/19/2023 6:58,5/16/2024
hugoknig64,470-454-3504,hugo46@outlook.com,TRUE,Hugo,Knight,410 Peachtree St NE,"Atlanta, GA",11/19/2023 7:04,5/25/2024
rei_trades,305-471-5780,reina.kim@proton.me,TRUE,Reina,Kim,"735 S Miami Ave, Apt 25","Miami, FL",11/19/2023 7:13,12/5/2023
DanielM46,646-420-8397,daniel.morris@outlook.com,TRUE,Daniel,Morris,"1856 Park Ave, Apt 32","New York, NY",11/19/2023 7:26,3/16/2024
benjaminart45,646-304-2940,benjamin_ng@icloud.com,TRUE,Benjamin,Ng,675 W 23rd St,"New York, NY",11/19/2023 7:28,11/19/2023
felixart14,917-497-6205,felix85@gmail.com,TRUE,Felix,Quinn,"1718 Broadway, Apt 24","New York, NY",11/19/2023 7:34,11/23/2023
ariart45,469-625-2882,afischer@proton.me,FALSE,Ari,Fischer,"162 Main St, Apt 21","Dallas, TX",11/19/2023 7:40,11/19/2023
elena.vega,310-342-3418,evega@hotmail.com,TRUE,Elena,Vega,2153 S Grand Ave,"Los Angeles, CA",11/19/2023 8:05,5/25/2024
damimill57,773-511-7150,dmiller@outlook.com,TRUE,Damian,Miller,"590 N Michigan Ave, Apt 42","Chicago, IL",11/19/2023 8:16,12/2/2023
AuggieVane,646-784-2193,augustus.vane@vanecapital.com,TRUE,Augustus,Vane,"740 Park Ave, Penthouse 4","New York, NY",11/19/2023 8:33,5/27/2024
damipalm79,628-630-4675,damian.palmer@hotmail.com,TRUE,Damian,Palmer,"287 Folsom St, Apt 14","San Francisco, CA",11/19/2023 8:40,1/29/2024
renevasq86,512-229-8627,renee.vasquez@hotmail.com,TRUE,Renee,Vasquez,"568 W 6th St, Apt 3","Austin, TX",11/19/2023 8:41,5/23/2024
jasper.morris,720-429-9646,jasmorri67@icloud.com,TRUE,Jasper,Morris,1404 E Colfax Ave,"Denver, CO",11/19/2023 9:06,1/7/2024
anthcamp33,469-435-7014,acampbell@icloud.com,TRUE,Anthony,Campbell,639 McKinney Ave,"Dallas, TX",11/19/2023 9:21,4/28/2024
omar.white,305-260-1020,omar45@hotmail.com,TRUE,Omar,White,"2214 Biscayne Blvd, Apt 8","Miami, FL",11/19/2023 9:32,11/19/2023
jordan7,617-553-2492,jpatel@yahoo.com,TRUE,Jordan,Patel,"1601 Commonwealth Ave, Unit 8","Boston, MA",11/19/2023 10:02,11/20/2023
AkiraL48,332-581-7368,akilee14@outlook.com,TRUE,Akira,Lee,945 Broadway,"New York, NY",11/19/2023 10:10,5/27/2024
AlexisZ37,832-818-7351,azhang@hotmail.com,TRUE,Alexis,Zhang,"2013 Kirby Dr, Apt 37","Houston, TX",11/19/2023 11:12,11/20/2023
geo_trades,646-857-3029,georomer97@proton.me,TRUE,Georgia,Romero,"694 Park Ave, Apt 27","New York, NY",11/19/2023 11:20,11/20/2023
JadeM24,214-814-7251,jade62@icloud.com,TRUE,Jade,Mitchell,"599 Ross Ave, Apt 36","Dallas, TX",11/19/2023 11:32,11/20/2023
eli_trades,771-749-9320,elistone52@hotmail.com,TRUE,Elise,Stone,451 Connecticut Ave NW,"Washington, DC",11/19/2023 11:33,3/4/2024
amara_chen,214-575-7958,amara.chen@outlook.com,TRUE,Amara,Chen,"723 Main St, Apt 26","Dallas, TX",11/19/2023 11:34,11/20/2023
CelesteRoth,212-683-4710,celeste.roth@rothholdings.com,TRUE,Celeste,Roth,"15 Central Park W, Apt 38B","New York, NY",11/19/2023 11:38,5/11/2024
JonahS84,512-605-1742,jonah_stone@icloud.com,TRUE,Jonah,Stone,985 Guadalupe St,"Austin, TX",11/19/2023 11:45,12/6/2023
avasquez,213-460-1254,arivasqu51@gmail.com,FALSE,Ariana,Vasquez,NULL,"Los Angeles, CA",11/19/2023 12:25,NULL
renesull92,214-434-1319,renee.sullivan@yahoo.com,TRUE,Renee,Sullivan,"1684 Turtle Creek Blvd, Apt 42","Dallas, TX",11/19/2023 12:31,12/23/2023
grace53,771-735-3092,gjenkins@icloud.com,TRUE,Grace,Jenkins,953 K St NW,"Washington, DC",11/19/2023 12:35,11/19/2023
esullivan,310-746-4984,esullivan@hotmail.com,TRUE,Evelyn,Sullivan,"1562 Sunset Blvd, Apt 9","Los Angeles, CA",11/19/2023 12:43,1/5/2024
tmorgan,425-520-1267,tarmorga77@proton.me,TRUE,Tariq,Morgan,"125 Western Ave, Apt 34","Seattle, WA",11/19/2023 12:47,1/28/2024
mateoart29,503-742-9613,mateo_miller@gmail.com,TRUE,Mateo,Miller,2322 NW Everett St,"Portland, OR",11/19/2023 13:05,12/10/2023
carmross91,332-842-8664,carmen50@yahoo.com,TRUE,Carmen,Ross,"1771 Hudson St, Apt 12","New York, NY",11/19/2023 13:28,11/24/2023
rafael88,206-639-9005,rafael_liu@outlook.com,TRUE,Rafael,Liu,"1221 Queen Anne Ave N, Apt 18","Seattle, WA",11/19/2023 13:49,5/27/2024
lucia.klein,617-808-2256,NULL,FALSE,Lucia,Klein,667 Commonwealth Ave,"Boston, MA",11/19/2023 14:02,NULL
averyart49,720-829-1798,aveshah52@yahoo.com,TRUE,Avery,Shah,"228 Blake St, Apt 5","Denver, CO",11/19/2023 14:10,1/26/2024
dmorris,212-325-9667,dahlia.morris@icloud.com,FALSE,Dahlia,Morris,"1541 E 72nd St, Unit 27","New York, NY",11/19/2023 14:11,NULL
lorescot88,628-273-9462,lscott@yahoo.com,TRUE,Lorenzo,Scott,"1173 Howard St, Apt 45","San Francisco, CA",11/19/2023 14:12,11/20/2023
peter18,650-535-8479,peter_reed@yahoo.com,TRUE,Peter,Reed,620 University Ave,"Palo Alto, CA",11/19/2023 14:20,12/6/2023
MWexler,310-742-8816,mwexler@wexlergroup.com,TRUE,Malcolm,Wexler,926 N Alpine Dr,"Los Angeles, CA",11/19/2023 14:39,5/21/2024
theoinvests,619-324-2532,theo.park@icloud.com,TRUE,Theo,Park,"2441 Prospect St, Apt 19","San Diego, CA",11/19/2023 14:43,3/25/2024
gabrielainvests,917-889-3655,gingram@yahoo.com,TRUE,Gabriela,Ingram,"382 Park Ave, Unit 11","New York, NY",11/19/2023 14:45,5/11/2024
yas_trades,415-265-9871,yasmin26@hotmail.com,TRUE,Yasmin,Foster,197 Mission St,"San Francisco, CA",11/19/2023 14:51,5/11/2024
ave_trades,771-677-4892,avery_hayes@icloud.com,TRUE,Avery,Hayes,1110 Pennsylvania Ave SE,"Washington, DC",11/19/2023 15:02,5/27/2024
csims,213-844-1420,christian_sims@hotmail.com,TRUE,Christian,Sims,"524 Sunset Blvd, Apt 8","Los Angeles, CA",11/19/2023 15:06,11/21/2023
lmartin,832-346-5096,leila_martin@proton.me,TRUE,Leila,Martin,2021 Westheimer Rd,"Houston, TX",11/19/2023 16:07,1/22/2024
lthomas,669-628-5460,leila17@outlook.com,TRUE,Leila,Thomas,145 E Santa Clara St,"San Jose, CA",11/19/2023 16:08,1/23/2024
evelyn44,267-507-5199,evelyn19@hotmail.com,TRUE,Evelyn,Lam,1641 Market St,"Philadelphia, PA",11/19/2023 16:25,2/18/2024
daphneart7,346-635-8594,dcoleman@outlook.com,TRUE,Daphne,Coleman,356 Montrose Blvd,"Houston, TX",11/19/2023 16:31,5/11/2024
bramirez,323-673-7616,beatrice3@hotmail.com,TRUE,Beatrice,Ramirez,863 Melrose Ave,"Los Angeles, CA",11/19/2023 16:37,5/24/2024
axu,206-624-5933,axu@yahoo.com,TRUE,Akira,Xu,362 Queen Anne Ave N,"Seattle, WA",11/19/2023 16:42,1/30/2024
abi_trades,469-685-8915,abigail.tran@icloud.com,FALSE,Abigail,Tran,"2379 Cedar Springs Rd, Apt 28","Dallas, TX",11/19/2023 17:22,NULL
lucia.quinn,628-251-6282,lquinn@proton.me,FALSE,Lucia,Quinn,157 Folsom St,"San Francisco, CA",11/19/2023 17:28,11/19/2023
graceart48,323-775-9508,grace.morris@proton.me,TRUE,Grace,Morris,"137 N Fairfax Ave, Unit 15","Los Angeles, CA",11/19/2023 17:32,11/20/2023
mirawhit87,678-602-2979,mira73@gmail.com,TRUE,Mira,White,"1427 Peachtree St NE, Apt 26","Atlanta, GA",11/19/2023 17:34,12/22/2023
santiago_nava,404-476-6729,santiago.navarro@hotmail.com,TRUE,Santiago,Navarro,368 Ponce de Leon Ave NE,"Atlanta, GA",11/19/2023 17:41,12/19/2023
georgia55,872-432-2444,geoscott30@icloud.com,FALSE,Georgia,Scott,NULL,"Chicago, IL",11/19/2023 17:43,11/19/2023
vivienne.cross,415-826-4931,vcross@crossventures.com,TRUE,Vivienne,Cross,2898 Broadway,"San Francisco, CA",11/19/2023 17:45,5/14/2024
faravald12,763-578-8157,farah69@icloud.com,TRUE,Farah,Valdez,"2427 Hennepin Ave, Unit 19","Minneapolis, MN",11/19/2023 18:17,3/24/2024
biancaart29,310-409-8523,bianca.hayes@proton.me,FALSE,Bianca,Hayes,742 N Fairfax Ave,"Los Angeles, CA",11/19/2023 18:26,11/19/2023
blair.santos,678-263-3127,bsantos@gmail.com,TRUE,Blair,Santos,"1446 Ponce de Leon Ave NE, Apt 16","Atlanta, GA",11/19/2023 18:29,4/15/2024
darixu81,215-851-8983,darius80@icloud.com,TRUE,Darius,Xu,"899 Market St, Apt 11","Philadelphia, PA",11/19/2023 18:48,2/6/2024
pcastillo,303-644-2115,paola86@gmail.com,TRUE,Paola,Castillo,"2270 Wazee St, Unit 19","Denver, CO",11/19/2023 18:52,5/14/2024
felix65,303-851-4150,fdesai@proton.me,TRUE,Felix,Desai,1515 Larimer St,"Denver, CO",11/19/2023 19:05,5/18/2024
delilah.thomas,212-214-9219,delthoma31@hotmail.com,TRUE,Delilah,NULL,1860 Park Ave,"New York, NY",11/19/2023 19:06,1/12/2024
may_trades,720-652-1683,maya_campbell@gmail.com,TRUE,Maya,Campbell,1534 Broadway,"Denver, CO",11/19/2023 19:07,5/13/2024
matehuan81,917-233-8264,mateo.huang@proton.me,TRUE,Mateo,Huang,"2390 W 57th St, Apt 14","New York, NY",11/19/2023 19:25,1/17/2024
felitran46,771-496-1240,felix88@outlook.com,TRUE,Felix,Tran,1786 14th St NW,"Washington, DC",11/19/2023 19:41,5/22/2024
zoe.fischer,650-504-5077,zoefisch40@proton.me,TRUE,Zoe,Fischer,"919 Hamilton Ave, Apt 17","Palo Alto, CA",11/19/2023 20:01,5/7/2024
darius_cart,720-677-4590,dcarter@icloud.com,TRUE,Darius,Carter,"1539 Broadway, Apt 6","Denver, CO",11/19/2023 20:12,12/25/2023
selene_monr,628-736-4960,smonroe@outlook.com,TRUE,Selene,Monroe,404 California St,"San Francisco, CA",11/19/2023 20:27,1/9/2024
gianhaye85,832-569-8185,giahayes31@yahoo.com,TRUE,Gianna,Hayes,"154 Kirby Dr, Apt 40","Houston, TX",11/19/2023 20:30,5/13/2024
dahlia66,469-596-9587,dahwalke26@gmail.com,TRUE,Dahlia,Walker,1962 Main St,"Dallas, TX",11/19/2023 20:32,5/26/2024
ronanA,312-648-3057,ronan.ashcroft@ashcroftindustries.com,TRUE,Ronan,Ashcroft,"159 E Walton Pl, Apt 41A","Chicago, IL",11/19/2023 20:40,5/18/2024
alice_alva,212-398-5227,alialvar13@proton.me,TRUE,Alice,Alvarez,"632 Lexington Ave, Apt 37","New York, NY",11/19/2023 20:42,5/13/2024
gracknig64,763-711-5094,grace95@outlook.com,TRUE,Grace,Knight,"492 Hennepin Ave, Apt 20","Minneapolis, MN",11/19/2023 21:11,11/20/2023
sam_trades,NULL,samira_adams@outlook.com,TRUE,Samira,Adams,609 Tremont St,"Boston, MA",11/19/2023 21:12,4/13/2024
georgiainvests,857-694-9926,georgia_lewis@outlook.com,TRUE,Georgia,Lewis,"1816 Newbury St, Apt 15","Boston, MA",11/19/2023 21:12,12/10/2023
averyinvests,713-254-2873,amonroe@gmail.com,TRUE,Avery,Monroe,1051 Montrose Blvd,"Houston, TX",11/19/2023 21:38,4/3/2024
ReeseK24,305-278-4117,rkapoor@hotmail.com,FALSE,Reese,Kapoor,"1651 Biscayne Blvd, Apt 38","Miami, FL",11/19/2023 21:51,NULL
quinn27,763-544-5833,quinn95@proton.me,TRUE,Quinn,Hassan,330 Washington Ave N,"Minneapolis, MN",11/19/2023 21:52,5/20/2024
pri_trades,332-893-2977,pcampbell@outlook.com,TRUE,Priya,Campbell,"2463 Park Ave, Apt 37","New York, NY",11/19/2023 22:44,2/16/2024
hugo_rome,323-467-2287,hugo11@outlook.com,TRUE,Hugo,Romero,1912 W 3rd St,"Los Angeles, CA",11/19/2023 23:19,5/22/2024
elisfran90,415-865-8128,efranklin@icloud.com,TRUE,Elise,Franklin,"537 California St, Apt 29","San Francisco, CA",11/19/2023 23:28,11/21/2023
HelenaVale,617-731-6098,helena.vale@valearts.org,TRUE,Helena,Vale,96 Beacon St,"Boston, MA",11/19/2023 23:30,5/27/2024
colehaye30,415-417-7672,cole_hayes@outlook.com,TRUE,Cole,Hayes,689 Vallejo St,"San Francisco, CA",11/19/2023 23:32,11/21/2023
paola.lane,857-217-3876,paola.lane@gmail.com,TRUE,Paola,Lane,1552 Newbury St,"Boston, MA",11/19/2023 23:33,12/25/2023
arianainvests,212-397-5845,ajordan@icloud.com,TRUE,Ariana,Jordan,NULL,"New York, NY",11/19/2023 23:42,12/14/2023
jasper_sant,470-431-4026,jasper_santos@gmail.com,FALSE,Jasper,Santos,"2310 West Paces Ferry Rd, Apt 20","Atlanta, GA",11/19/2023 23:52,NULL
imanturn52,857-858-3607,iturner@icloud.com,TRUE,Imani,Turner,"1601 Boylston St, Apt 37","Boston, MA",11/19/2023 23:59,12/10/2023
carmen62,512-428-9210,carzamor78@hotmail.com,TRUE,Carmen,Zamora,2232 Congress Ave,"Austin, TX",11/20/2023 0:02,5/25/2024
hugohowa19,737-701-2116,hhoward@gmail.com,TRUE,Hugo,Howard,"1602 Guadalupe St, Apt 30","Austin, TX",11/20/2023 0:36,1/31/2024
isabel_bish,212-475-2804,NULL,FALSE,Isabel,Bishop,"627 W 57th St, Unit 22","New York, NY",11/20/2023 0:38,NULL
adrianart25,415-620-5376,adrian_reyes@hotmail.com,TRUE,Adrian,Reyes,676 California St,"San Francisco, CA",11/20/2023 0:40,1/25/2024
keirzamo13,212-571-4522,keira_zamora@icloud.com,FALSE,Keira,Zamora,"444 Broadway, Unit 8","New York, NY",11/20/2023 0:45,11/20/2023
zane_jens,786-626-6141,zane_jensen@gmail.com,TRUE,Zane,Jensen,2473 Biscayne Blvd,"Miami, FL",11/20/2023 1:06,5/22/2024
naomi_zimm,212-644-3325,naomi10@proton.me,TRUE,Naomi,Zimmerman,539 W 57th St,"New York, NY",11/20/2023 1:10,12/8/2023
lucia.bennett,628-305-2516,lucia_bennett@icloud.com,TRUE,Lucia,Bennett,2267 Mission St,"San Francisco, CA",11/20/2023 1:13,12/12/2023
khalil_pate,858-378-6501,khapatel25@proton.me,TRUE,Khalil,Patel,"2208 Prospect St, Apt 22","San Diego, CA",11/20/2023 2:22,11/20/2023
jadeinvests,206-376-5043,jade6@gmail.com,TRUE,Jade,Knight,"788 E Madison St, Apt 9","Seattle, WA",11/20/2023 2:28,3/1/2024
TheoKincaid,206-598-2441,theo.kincaid@kincaidlabs.com,TRUE,Theodore,Kincaid,"2033 1st Ave, Penthouse 2","Seattle, WA",11/20/2023 2:44,5/13/2024
san_trades,628-342-9833,sdubois@outlook.com,TRUE,Santiago,Dubois,"1298 Mission St, Apt 38","San Francisco, CA",11/20/2023 2:50,5/11/2024
ClaraY86,305-860-3535,clara.yoon@icloud.com,TRUE,Clara,Yoon,112 Brickell Ave,"Miami, FL",11/20/2023 2:51,4/15/2024
chr_trades,872-457-1426,christian_young@outlook.com,FALSE,Christian,Young,"1220 W Division St, Apt 32","Chicago, IL",11/20/2023 2:56,11/20/2023
ariana.desai,310-872-8767,adesai@icloud.com,TRUE,Ariana,Desai,1286 W 3rd St,"Los Angeles, CA",11/20/2023 3:01,11/20/2023
parker94,737-864-5034,parker.howell@hotmail.com,TRUE,Parker,Howell,1840 Congress Ave,"Austin, TX",11/20/2023 3:20,1/5/2024
alexis_walk,786-233-9119,awalker@hotmail.com,TRUE,Alexis,Walker,"1253 Collins Ave, Apt 37","Miami, FL",11/20/2023 3:31,12/19/2023
gracwhit42,281-840-7443,grace_white@icloud.com,TRUE,Grace,White,2400 Kirby Dr,"Houston, TX",11/20/2023 3:44,12/19/2023
cross,619-618-2032,christian.ross@icloud.com,TRUE,Christian,Ross,"895 University Ave, Apt 26","San Diego, CA",11/20/2023 3:47,1/24/2024
jadeart27,212-435-6755,jade5@yahoo.com,TRUE,Jade,Saito,"526 E 72nd St, Apt 19","New York, NY",11/20/2023 3:53,1/2/2024
jordanart10,917-854-4223,jkapoor@proton.me,TRUE,Jordan,Kapoor,2227 E 72nd St,"New York, NY",11/20/2023 3:57,12/25/2023
nora_garc,872-617-3400,nora17@proton.me,TRUE,Nora,Garcia,"2333 N Michigan Ave, Apt 2","Chicago, IL",11/20/2023 4:44,12/13/2023
felixart21,773-567-7065,fbennett@hotmail.com,TRUE,Felix,Bennett,"761 W Lake St, Apt 46","Chicago, IL",11/20/2023 4:48,1/4/2024
anikainvests,312-418-4109,anguyen@gmail.com,TRUE,Anika,Nguyen,"830 N Michigan Ave, Apt 24","Chicago, IL",11/20/2023 4:51,3/31/2024
zaneedwa91,872-532-8035,zane_edwards@icloud.com,TRUE,Zane,Edwards,"2159 N Clark St, Apt 19","Chicago, IL",11/20/2023 4:56,2/12/2024
dahlia_bake,202-861-8910,dahlia_baker@icloud.com,TRUE,Dahlia,Baker,"1479 K St NW, Apt 13","Washington, DC",11/20/2023 5:09,5/16/2024
sabrinaart45,669-676-6069,sabrina67@outlook.com,TRUE,Sabrina,Ross,"685 The Alameda, Apt 14","San Jose, CA",11/20/2023 5:19,11/21/2023
abigail_rive,646-273-9319,abigail.rivera@hotmail.com,TRUE,Abigail,Rivera,1340 Park Ave,"New York, NY",11/20/2023 5:25,12/25/2023
clara_flor,323-689-1490,clara78@gmail.com,TRUE,Clara,Flores,"123 S Grand Ave, Apt 11","Los Angeles, CA",11/20/2023 5:25,5/11/2024
CeliaSterling,305-814-6632,celia.sterling@sterlingmedia.com,TRUE,Celia,Sterling,"1000 Brickell Plaza, Apt 5201","Miami, FL",11/20/2023 5:53,5/16/2024
lilaart33,206-326-5980,lila.scott@icloud.com,TRUE,Lila,Scott,"666 Pine St, Apt 8","Seattle, WA",11/20/2023 6:01,3/3/2024
noelwils69,917-607-3280,noewilso97@outlook.com,TRUE,Noelle,Wilson,180 W 23rd St,"New York, NY",11/20/2023 6:06,5/16/2024
AbigailC3,771-230-6598,abigail32@proton.me,TRUE,Abigail,Chen,2088 K St NW,"Washington, DC",11/20/2023 6:22,3/5/2024
gianna.tran,872-425-4736,gianna20@proton.me,TRUE,Gianna,Tran,"95 S State St, Apt 9","Chicago, IL",11/20/2023 6:31,12/10/2023
nia.mitchell,857-704-4150,nmitchell@gmail.com,TRUE,Nia,Mitchell,"765 Beacon St, Apt 46","Boston, MA",11/20/2023 6:34,11/29/2023
yasmin.jenkins,323-367-4232,yasmin_jenkins@icloud.com,TRUE,Yasmin,Jenkins,"1010 S Grand Ave, Apt 38","Los Angeles, CA",11/20/2023 6:35,5/13/2024
lia_trades,619-686-7503,liam34@gmail.com,TRUE,Liam,Hassan,"1351 5th Ave, Apt 32","San Diego, CA",11/20/2023 7:00,4/8/2024
paolpate27,281-843-9759,paola_patel@gmail.com,TRUE,Paola,Patel,"985 Main St, Unit 24","Houston, TX",11/20/2023 7:12,5/18/2024
renemonr62,971-689-9244,renee93@yahoo.com,TRUE,Renee,Monroe,533 SW Broadway,"Portland, OR",11/20/2023 7:30,1/16/2024
celine.saito,617-318-2479,celsaito88@yahoo.com,TRUE,Celine,Saito,"531 Commonwealth Ave, Apt 18","Boston, MA",11/20/2023 7:42,12/22/2023
lorenzo57,303-251-7330,lorenzo_castillo@hotmail.com,TRUE,Lorenzo,Castillo,"1963 E Colfax Ave, Unit 12","Denver, CO",11/20/2023 7:53,1/2/2024
petehern83,617-755-6064,peter14@gmail.com,TRUE,Peter,Hernandez,2277 Commonwealth Ave,"Boston, MA",11/20/2023 8:04,3/3/2024
lgomez,720-366-5278,lila7@icloud.com,TRUE,Lila,Gomez,2200 E Colfax Ave,"Denver, CO",11/20/2023 8:06,12/19/2023
nic_trades,650-715-2560,nicolas.klein@hotmail.com,TRUE,Nicolas,Klein,1568 Hamilton Ave,"Palo Alto, CA",11/20/2023 8:35,11/21/2023
adrianaart42,305-444-5504,adriana.roberts@outlook.com,TRUE,Adriana,Roberts,"134 S Miami Ave, Unit 12","Miami, FL",11/20/2023 8:37,11/20/2023
julirive20,512-264-2041,julia14@yahoo.com,TRUE,Julia,Rivera,1468 W 6th St,"Austin, TX",11/20/2023 8:42,5/16/2024
YasminB66,NULL,yasbenne67@proton.me,TRUE,Yasmin,Bennett,1482 Howard St,"San Francisco, CA",11/20/2023 8:54,5/15/2024
eklein,773-638-7907,elise_klein@gmail.com,TRUE,Elise,Klein,"2386 W Lake St, Apt 6","Chicago, IL",11/20/2023 8:58,11/21/2023
GrantMercer,202-629-1754,gmercer@mercerfoundation.org,TRUE,Grant,Mercer,2121 Massachusetts Ave NW,"Washington, DC",11/20/2023 9:10,5/26/2024
GraceI41,628-502-6913,grairwin36@proton.me,TRUE,Grace,Irwin,"916 California St, Apt 38","San Francisco, CA",11/20/2023 9:45,11/30/2023
javier2,469-413-4628,jmorgan@proton.me,TRUE,Javier,Morgan,"1718 Turtle Creek Blvd, Apt 30","Dallas, TX",11/20/2023 10:34,5/14/2024
yreyes,215-716-7049,yara36@yahoo.com,TRUE,Yara,Reyes,"1524 N 2nd St, Apt 27","Philadelphia, PA",11/20/2023 10:40,5/25/2024
aal_trades,415-537-1474,aalcampb11@outlook.com,TRUE,Aaliyah,Campbell,159 Folsom St,"San Francisco, CA",11/20/2023 10:42,3/9/2024
AdrianE86,323-557-1575,adrian.ellis@outlook.com,TRUE,Adrian,Ellis,2419 Sunset Blvd,"Los Angeles, CA",11/20/2023 10:55,5/25/2024
dvargas,646-528-9269,dvargas@proton.me,TRUE,Daniel,Vargas,"1313 Broadway, Apt 48","New York, NY",11/20/2023 11:09,2/3/2024
vsullivan,332-846-1591,vsullivan@proton.me,TRUE,Victor,Sullivan,2328 W 57th St,"New York, NY",11/20/2023 11:15,5/20/2024
liamart18,628-463-2969,lhuang@hotmail.com,TRUE,Liam,Huang,"2412 Howard St, Apt 14","San Francisco, CA",11/20/2023 11:41,5/23/2024
jade61,832-606-1565,jade.ross@gmail.com,FALSE,Jade,Ross,2199 Westheimer Rd,"Houston, TX",11/20/2023 11:48,NULL
nadia_whitmore,512-735-4812,nadia@whitmoreenergy.com,TRUE,Nadia,Whitmore,"98 Red River St, Penthouse 7","Austin, TX",11/20/2023 11:51,5/13/2024
EleanorR88,214-525-3957,eleanor_reed@yahoo.com,TRUE,Eleanor,Reed,"172 Cedar Springs Rd, Unit 18","Dallas, TX",11/20/2023 11:53,5/25/2024
khalilart5,971-336-4603,khafergu33@icloud.com,TRUE,Khalil,Ferguson,114 SW Broadway,"Portland, OR",11/20/2023 11:55,5/19/2024
harper_shah,202-471-3066,harshah98@gmail.com,TRUE,Harper,Shah,"1961 K St NW, Apt 5","Washington, DC",11/20/2023 12:03,4/21/2024
NoelleC2,425-221-7471,noecolem72@gmail.com,TRUE,Noelle,Coleman,602 E Madison St,"Seattle, WA",11/20/2023 12:23,11/21/2023
daphjens46,786-256-6787,daphne_jensen@yahoo.com,TRUE,Daphne,Jensen,"2475 S Miami Ave, Apt 29","Miami, FL",11/20/2023 12:32,4/23/2024
rwilliams,312-452-3842,rohan.williams@hotmail.com,TRUE,Rohan,Williams,"141 S State St, Apt 32","Chicago, IL",11/20/2023 12:39,12/9/2023
IsaacB78,858-513-6571,isaac_bishop@outlook.com,TRUE,Isaac,Bishop,1132 University Ave,"San Diego, CA",11/20/2023 12:59,11/21/2023
henry_alva,425-667-2148,henry16@icloud.com,TRUE,Henry,Alvarez,"724 E Madison St, Apt 2","Seattle, WA",11/20/2023 13:29,4/18/2024
NoraL82,323-415-1273,nora9@yahoo.com,TRUE,Nora,Lam,"1613 S Grand Ave, Apt 48","Los Angeles, CA",11/20/2023 13:32,5/13/2024
omarshah12,971-576-8798,oshah@yahoo.com,TRUE,Omar,Shah,527 NW Everett St,"Portland, OR",11/20/2023 13:54,11/30/2023
OscarBexley,214-682-9935,oscar.bexley@bexleyproperties.com,TRUE,Oscar,Bexley,"2555 N Pearl St, Apt 3101","Dallas, TX",11/20/2023 14:31,5/25/2024
tarivega66,332-571-1903,tariq82@icloud.com,FALSE,Tariq,Vega,"1812 W 57th St, Apt 21","New York, NY",11/20/2023 14:39,NULL
imaniart37,206-882-1236,iirwin@outlook.com,TRUE,Imani,Irwin,"1544 Queen Anne Ave N, Unit 15","Seattle, WA",11/20/2023 14:42,5/15/2024
pmartinez,786-215-2753,paola61@icloud.com,TRUE,Paola,Martinez,"2374 NE 2nd Ave, Apt 40","Miami, FL",11/20/2023 14:53,2/8/2024
YasminM75,NULL,yasmin48@hotmail.com,TRUE,Yasmin,Mitchell,"2061 Vallejo St, Apt 3","San Francisco, CA",11/20/2023 15:04,2/21/2024
maya.taylor,332-864-5427,maya.taylor@hotmail.com,FALSE,Maya,Taylor,334 Lexington Ave,"New York, NY",11/20/2023 15:12,11/20/2023
CalebN22,669-692-7300,cnavarro@outlook.com,TRUE,Caleb,Navarro,1532 The Alameda,"San Jose, CA",11/20/2023 15:26,2/27/2024
cel_trades,678-819-4950,celine.flores@yahoo.com,TRUE,Celine,Flores,"1140 Peachtree St NE, Apt 5","Atlanta, GA",11/20/2023 15:26,4/24/2024
gia_trades,267-265-8506,gianna.roberts@proton.me,FALSE,Gianna,Roberts,414 Market St,"Philadelphia, PA",11/20/2023 15:40,NULL
dgarcia,202-347-2494,darius37@outlook.com,TRUE,Darius,Garcia,866 Pennsylvania Ave SE,"Washington, DC",11/20/2023 16:06,5/15/2024
isabelinvests,312-635-1041,isabel74@outlook.com,TRUE,Isabel,Vega,690 W Lake St,"Chicago, IL",11/20/2023 16:26,5/13/2024
gra_trades,771-753-5569,grace.cho@hotmail.com,TRUE,Grace,Cho,"1810 Pennsylvania Ave SE, Apt 14","Washington, DC",11/20/2023 17:11,12/2/2023
delilahinvests,628-873-6274,delilah.howard@icloud.com,TRUE,Delilah,Howard,381 Vallejo St,"San Francisco, CA",11/20/2023 17:15,5/17/2024
arthurinvests,424-711-9499,arthur89@outlook.com,TRUE,Arthur,Hart,583 N Fairfax Ave,"Los Angeles, CA",11/20/2023 17:28,3/5/2024
gianna23,424-213-6582,gianna_sims@yahoo.com,FALSE,Gianna,Sims,559 S Grand Ave,"Los Angeles, CA",11/20/2023 17:32,NULL
petebenn78,470-274-2890,peter.bennett@proton.me,TRUE,Peter,Bennett,"1910 Edgewood Ave SE, Apt 9","Atlanta, GA",11/20/2023 17:40,3/7/2024
EleanorRook,713-847-2609,erook@rookpetroleum.com,TRUE,Eleanor,Rook,"2727 Kirby Dr, Apt 28E","Houston, TX",11/20/2023 18:02,5/26/2024
dhart,786-634-3047,darius.hart@gmail.com,TRUE,Darius,Hart,838 S Miami Ave,"Miami, FL",11/20/2023 18:28,5/16/2024
DelilahM24,832-557-4027,dmartinez@yahoo.com,TRUE,Delilah,Martinez,2399 Westheimer Rd,"Houston, TX",11/20/2023 18:46,5/25/2024
biancaart43,213-850-9950,bialane64@yahoo.com,TRUE,Bianca,Lane,2002 W 3rd St,"Los Angeles, CA",11/20/2023 19:06,4/8/2024
dar_trades,323-753-2370,darius.jacobs@icloud.com,TRUE,Darius,Jacobs,"858 Melrose Ave, Apt 35","Los Angeles, CA",11/20/2023 19:12,11/20/2023
darijord34,214-516-4703,darius55@hotmail.com,TRUE,Darius,Jordan,"1851 Ross Ave, Apt 2","Dallas, TX",11/20/2023 19:35,11/26/2023
isaac31,212-640-6561,isaac75@proton.me,TRUE,Isaac,Nguyen,"1092 Park Ave, Apt 18","New York, NY",11/20/2023 19:50,12/13/2023
alexis.wright,617-235-8997,alewrigh85@icloud.com,FALSE,Alexis,Wright,NULL,"Boston, MA",11/20/2023 19:59,11/20/2023
alejandroinvests,213-278-7671,aledonov36@hotmail.com,TRUE,Alejandro,Donovan,"753 W 3rd St, Apt 46","Los Angeles, CA",11/20/2023 20:07,4/4/2024
amarainvests,786-538-4309,amacarte21@gmail.com,TRUE,Amara,Carter,"1906 Biscayne Blvd, Apt 24","Miami, FL",11/20/2023 20:26,5/16/2024
avery71,771-501-5930,amitchell@proton.me,TRUE,Avery,Mitchell,"470 14th St NW, Apt 46","Washington, DC",11/20/2023 20:36,5/20/2024
luciainvests,425-463-9191,lhoward@icloud.com,TRUE,Lucia,Howard,"438 Pine St, Apt 35","Seattle, WA",11/20/2023 20:40,11/22/2023
DominicHale,404-639-1187,dominic.hale@haleentertainment.com,TRUE,Dominic,Hale,"88 W Paces Ferry Rd NW, Apt 2630","Atlanta, GA",11/20/2023 21:01,5/21/2024
bianston27,650-431-1253,bianca.stone@icloud.com,TRUE,Bianca,Stone,2142 Emerson St,"Palo Alto, CA",11/20/2023 21:06,12/20/2023
akirpric56,312-225-6063,aprice@outlook.com,TRUE,Akira,Price,"1568 S State St, Apt 25","Chicago, IL",11/20/2023 22:11,12/20/2023
celine_nova,646-374-1924,celine.novak@outlook.com,TRUE,Celine,Novak,"279 Park Ave, Apt 39","New York, NY",11/20/2023 22:25,11/21/2023
eliu,669-793-2504,eliu@hotmail.com,FALSE,Eleanor,Liu,936 The Alameda,"San Jose, CA",11/20/2023 22:38,NULL
henryinvests,415-863-1671,hromero@outlook.com,TRUE,Henry,Romero,1881 Vallejo St,"San Francisco, CA",11/20/2023 22:39,3/27/2024
malikinvests,323-638-4878,malik16@outlook.com,TRUE,Malik,Flores,"1980 S Grand Ave, Apt 10","Los Angeles, CA",11/20/2023 22:42,1/22/2024
javierart23,346-573-1851,jcho@icloud.com,TRUE,Javier,Cho,"1197 Montrose Blvd, Apt 34","Houston, TX",11/20/2023 22:43,11/22/2023
jasper_whit,917-227-9591,jasper.white@hotmail.com,TRUE,Jasper,White,615 E 72nd St,"New York, NY",11/20/2023 22:43,5/16/2024
isabelart25,650-350-6048,isabel_monroe@gmail.com,FALSE,NULL,Monroe,"762 Emerson St, Apt 22","Palo Alto, CA",11/20/2023 22:54,NULL
LiamC22,303-530-1537,liam_carter@yahoo.com,FALSE,Liam,Carter,"1667 Wazee St, Apt 21","Denver, CO",11/20/2023 23:08,11/20/2023
mayainvests,737-738-6616,maya.wilson@proton.me,TRUE,Maya,Wilson,109 Guadalupe St,"Austin, TX",11/20/2023 23:08,4/5/2024
lorenzoinvests,646-648-2550,lorenzo.martinez@icloud.com,TRUE,Lorenzo,Martinez,2253 Broadway,"New York, NY",11/20/2023 23:14,11/21/2023
diegoinvests,646-672-1662,diego66@hotmail.com,TRUE,Diego,Desai,2195 W 57th St,"New York, NY",11/20/2023 23:26,12/10/2023
evelyn.underwood,415-637-4733,eunderwood@yahoo.com,TRUE,Evelyn,Underwood,1819 California St,"San Francisco, CA",11/20/2023 23:33,3/7/2024
PriyaSethi,215-748-5360,priya.sethi@sethibiotech.com,TRUE,Priya,Sethi,"210 W Rittenhouse Sq, Apt 3202","Philadelphia, PA",11/20/2023 23:54,5/27/2024
HugoP13,305-789-6966,hugo.price@proton.me,TRUE,Hugo,Price,651 Biscayne Blvd,"Miami, FL",11/21/2023 0:06,12/2/2023
iris_vega,408-263-6409,iris79@gmail.com,TRUE,Iris,Vega,"2158 The Alameda, Unit 19","San Jose, CA",11/21/2023 0:14,11/21/2023
valentina_fost,832-464-1582,valentina_foster@yahoo.com,TRUE,Valentina,Foster,"2119 Kirby Dr, Apt 39","Houston, TX",11/21/2023 0:46,11/21/2023
reina19,858-441-9476,reina.desai@icloud.com,TRUE,Reina,Desai,"2283 5th Ave, Apt 36","San Diego, CA",11/21/2023 1:25,5/13/2024
reese_rive,424-228-8698,reese3@icloud.com,TRUE,Reese,Rivera,543 S Grand Ave,"Los Angeles, CA",11/21/2023 2:28,5/3/2024
hanaart1,424-781-8292,hansingh84@yahoo.com,TRUE,Hana,Singh,"458 Melrose Ave, Apt 4","Los Angeles, CA",11/21/2023 2:41,5/13/2024
bliu,312-510-6150,benliu21@yahoo.com,TRUE,Benjamin,Liu,786 W Division St,"Chicago, IL",11/21/2023 2:45,5/20/2024
farah_morg,267-681-3214,farah47@outlook.com,TRUE,Farah,Morgan,"444 Market St, Unit 7","Philadelphia, PA",11/21/2023 3:08,12/9/2023
coleart6,425-550-9169,colcho75@gmail.com,TRUE,Cole,Cho,"1230 E Madison St, Apt 47","Seattle, WA",11/21/2023 3:44,11/21/2023
rohan_flor,214-417-3834,rflores@yahoo.com,TRUE,Rohan,Flores,836 Ross Ave,"Dallas, TX",11/21/2023 4:05,1/4/2024
isaac_whit,267-792-4676,isaac73@icloud.com,FALSE,Isaac,White,"1864 Spruce St, Apt 27","Philadelphia, PA",11/21/2023 4:14,NULL
henry56,212-871-2699,henry_johnson@hotmail.com,TRUE,Henry,Johnson,155 Broadway,"New York, NY",11/21/2023 4:34,3/22/2024
damimart35,323-464-5020,damian1@hotmail.com,TRUE,Damian,Martinez,1504 S Grand Ave,"Los Angeles, CA",11/21/2023 4:37,2/9/2024
dperry,858-396-4060,dahlia32@gmail.com,TRUE,Dahlia,Perry,2020 Harbor Dr,"San Diego, CA",11/21/2023 4:58,4/5/2024
SabrinaE56,323-804-2654,sabedwar53@gmail.com,TRUE,Sabrina,Edwards,"2189 W 3rd St, Apt 35","Los Angeles, CA",11/21/2023 4:59,12/7/2023
leilaart31,771-755-1276,leila.jordan@icloud.com,TRUE,Leila,Jordan,"368 Connecticut Ave NW, Apt 18","Washington, DC",11/21/2023 4:59,5/19/2024
ArthurT63,646-464-1958,arthur20@gmail.com,TRUE,Arthur,Thomas,357 E 72nd St,"New York, NY",11/21/2023 5:01,3/2/2024
NaomiC62,646-227-3094,naomi.castillo@proton.me,TRUE,Naomi,Castillo,"1127 Park Ave, Apt 9","New York, NY",11/21/2023 5:05,11/29/2023
evelliu13,617-733-4317,evelyn_liu@yahoo.com,TRUE,Evelyn,Liu,"1638 Commonwealth Ave, Apt 14","Boston, MA",11/21/2023 5:09,3/1/2024
yara_reye,305-762-4490,yara87@proton.me,TRUE,Yara,Reyes,"1400 Brickell Ave, Apt 45","Miami, FL",11/21/2023 5:11,3/6/2024
yasmin_lam,786-818-6186,ylam@yahoo.com,TRUE,Yasmin,Lam,2386 S Miami Ave,"Miami, FL",11/21/2023 5:53,11/22/2023
iris.stone,872-237-3637,istone@hotmail.com,TRUE,Iris,Stone,396 N Clark St,"Chicago, IL",11/21/2023 5:55,5/11/2024
parker16,737-498-8425,parker.castillo@gmail.com,TRUE,Parker,NULL,"341 W 6th St, Apt 27","Austin, TX",11/21/2023 6:02,5/21/2024
reinaart45,323-643-7390,reina_bennett@yahoo.com,TRUE,Reina,Bennett,"688 S Grand Ave, Apt 45","Los Angeles, CA",11/21/2023 7:19,5/21/2024
adrianart3,872-285-6054,ahernandez@yahoo.com,TRUE,Adrian,Hernandez,"2339 N Michigan Ave, Apt 34","Chicago, IL",11/21/2023 7:36,5/22/2024
fjenkins,323-865-6724,felix29@proton.me,TRUE,Felix,Jenkins,581 N Fairfax Ave,"Los Angeles, CA",11/21/2023 7:59,12/10/2023
MiraT53,206-408-6039,mira.tran@proton.me,TRUE,Mira,Tran,1036 1st Ave,"Seattle, WA",11/21/2023 8:17,5/25/2024
cassgome43,872-617-4298,cgomez@hotmail.com,TRUE,Cassidy,Gomez,435 S State St,"Chicago, IL",11/21/2023 8:25,5/11/2024
tes_trades,312-506-9529,testurne57@yahoo.com,TRUE,Tessa,Turner,"1380 W Division St, Apt 48","Chicago, IL",11/21/2023 8:50,11/21/2023
EvaJ88,415-247-3278,eva_jacobs@proton.me,TRUE,Eva,Jacobs,"1800 Vallejo St, Apt 13","San Francisco, CA",11/21/2023 9:03,5/24/2024
yaraart25,773-826-9451,yardiaz56@hotmail.com,TRUE,Yara,Diaz,388 S State St,"Chicago, IL",11/21/2023 9:30,11/21/2023
gabriel.mitchell,469-232-7385,gmitchell@outlook.com,TRUE,Gabriel,Mitchell,1428 Main St,"Dallas, TX",11/21/2023 9:36,1/8/2024
alice97,646-509-9527,alice_zimmerman@hotmail.com,TRUE,Alice,Zimmerman,"1108 Park Ave, Apt 44","New York, NY",11/21/2023 9:58,5/27/2024
anikhuan31,332-400-2406,anihuang13@outlook.com,TRUE,Anika,Huang,966 W 57th St,"New York, NY",11/21/2023 10:10,5/19/2024
priyaart28,404-857-2846,priya.lane@proton.me,TRUE,Priya,Lane,"2338 West Paces Ferry Rd, Apt 38","Atlanta, GA",11/21/2023 10:21,11/22/2023
lanaart14,872-661-8723,lana.vargas@icloud.com,TRUE,Lana,Vargas,297 S State St,"Chicago, IL",11/21/2023 10:24,11/22/2023
deliquin76,202-580-1632,delilah.quinn@hotmail.com,TRUE,Delilah,Quinn,"586 Pennsylvania Ave SE, Apt 24","Washington, DC",11/21/2023 10:44,11/22/2023
elias.zimmerman,NULL,elias.zimmerman@icloud.com,TRUE,Elias,Zimmerman,1392 Hudson St,"New York, NY",11/21/2023 10:50,11/23/2023
anthony_flor,425-340-1584,antflore75@yahoo.com,TRUE,Anthony,Flores,1499 Western Ave,"Seattle, WA",11/21/2023 11:07,12/7/2023
KeiraU11,773-353-2417,kunderwood@gmail.com,TRUE,Keira,Underwood,"804 W Lake St, Apt 14","Chicago, IL",11/21/2023 11:19,12/21/2023
FarahD47,213-251-2712,fardesai33@yahoo.com,TRUE,Farah,Desai,"1129 S Grand Ave, Apt 41","Los Angeles, CA",11/21/2023 11:38,11/26/2023
sofia.turner,917-697-2823,sofia.turner@outlook.com,TRUE,Sofia,Turner,"202 W 23rd St, Apt 19","New York, NY",11/21/2023 11:39,5/17/2024
SerenaK58,628-829-5323,serena.kim@gmail.com,TRUE,Serena,Kim,"614 Pacific Ave, Apt 32","San Francisco, CA",11/21/2023 11:47,5/26/2024
lucinova73,206-690-1336,lucia63@gmail.com,TRUE,Lucia,Novak,1818 Queen Anne Ave N,"Seattle, WA",11/21/2023 11:49,3/15/2024
irishern85,323-725-3973,iriherna85@proton.me,TRUE,Iris,Hernandez,1510 N Fairfax Ave,"Los Angeles, CA",11/21/2023 12:07,2/8/2024
yasmin_owen,628-706-3783,yasmin_owens@proton.me,TRUE,Yasmin,Owens,"986 California St, Apt 24","San Francisco, CA",11/21/2023 12:13,3/20/2024
jjensen,612-520-2619,jorjense39@proton.me,TRUE,Jordan,Jensen,1687 W Lake St,"Minneapolis, MN",11/21/2023 12:24,5/19/2024
sshah,617-287-3776,serena.shah@icloud.com,TRUE,Serena,Shah,"296 Beacon St, Apt 47","Boston, MA",11/21/2023 12:28,3/21/2024
MalikD8,872-741-1991,mdubois@yahoo.com,TRUE,Malik,NULL,380 N Michigan Ave,"Chicago, IL",11/21/2023 12:55,12/4/2023
kaihowe33,445-391-3837,kai60@proton.me,TRUE,Kai,Howell,2412 Walnut St,"Philadelphia, PA",11/21/2023 13:41,12/4/2023
sferguson,303-831-1884,samfergu27@proton.me,TRUE,Samira,Ferguson,"1292 Blake St, Apt 41","Denver, CO",11/21/2023 14:09,2/28/2024
evabroo74,332-458-5935,ebrooks@proton.me,TRUE,Eva,Brooks,"1164 W 23rd St, Apt 29","New York, NY",11/21/2023 14:14,5/24/2024
beatgarc20,206-802-9192,beatrice21@outlook.com,FALSE,Beatrice,Garcia,1964 Western Ave,"Seattle, WA",11/21/2023 14:21,NULL
adrian_ng,323-326-7748,adrian3@yahoo.com,TRUE,Adrian,Ng,833 Wilshire Blvd,"Los Angeles, CA",11/21/2023 14:30,5/12/2024
psantos,470-384-5424,parker59@yahoo.com,TRUE,Parker,Santos,"2027 Ponce de Leon Ave NE, Unit 2","Atlanta, GA",11/21/2023 14:59,11/21/2023
santiago.ingram,650-700-6780,santiago.ingram@proton.me,TRUE,Santiago,Ingram,571 Emerson St,"Palo Alto, CA",11/21/2023 15:21,1/10/2024
adrianinvests,858-895-2278,adrian.taylor@icloud.com,TRUE,Adrian,Taylor,1296 5th Ave,"San Diego, CA",11/21/2023 15:39,2/24/2024
ValentinaR22,650-394-6844,valentina55@outlook.com,FALSE,Valentina,Reyes,"1906 Waverley St, Apt 33","Palo Alto, CA",11/21/2023 16:21,NULL
aaliyahinvests,206-266-4875,aaliyah25@outlook.com,TRUE,Aaliyah,Garcia,2271 E Madison St,"Seattle, WA",11/21/2023 16:29,1/8/2024
elenkaur69,617-847-1817,elena90@icloud.com,TRUE,Elena,Kaur,990 Tremont St,"Boston, MA",11/21/2023 16:53,5/13/2024
seledavi64,617-606-5331,seldavis61@yahoo.com,FALSE,Selene,Davis,"1134 Beacon St, Apt 12","Boston, MA",11/21/2023 16:58,NULL
adrian.morgan,917-711-8297,adrian.morgan@yahoo.com,TRUE,Adrian,Morgan,1670 Hudson St,"New York, NY",11/21/2023 17:00,12/13/2023
AaronF69,617-597-2924,aarfisch51@yahoo.com,TRUE,Aaron,Fischer,2218 Boylston St,"Boston, MA",11/21/2023 17:16,2/11/2024
agarcia,773-526-4654,ariana38@icloud.com,TRUE,Ariana,Garcia,"1278 W Lake St, Apt 3","Chicago, IL",11/21/2023 17:23,3/26/2024
kaidubo48,212-506-9732,kdubois@hotmail.com,FALSE,Kai,Dubois,713 Park Ave,"New York, NY",11/21/2023 17:40,11/21/2023
ataylor,310-324-3135,ataylor@hotmail.com,TRUE,Ariana,Taylor,1903 N Fairfax Ave,"Los Angeles, CA",11/21/2023 17:44,5/2/2024
danichen89,212-865-3831,dchen@outlook.com,FALSE,Daniel,Chen,1240 W 23rd St,"New York, NY",11/21/2023 18:03,NULL
HenryQ87,445-733-8622,henry47@gmail.com,TRUE,Henry,Quinn,"1858 Chestnut St, Apt 47","Philadelphia, PA",11/21/2023 18:11,11/22/2023
eth_trades,213-570-7626,ethan_perry@icloud.com,TRUE,Ethan,Perry,1604 Sunset Blvd,"Los Angeles, CA",11/21/2023 18:18,4/11/2024
rfischer,628-376-2893,rohan_fischer@yahoo.com,TRUE,Rohan,Fischer,"1942 Folsom St, Unit 9","San Francisco, CA",11/21/2023 18:43,11/22/2023
lanaart39,214-653-6447,lana_donovan@hotmail.com,TRUE,Lana,Donovan,"1085 McKinney Ave, Apt 34","Dallas, TX",11/21/2023 19:26,4/5/2024
isa_trades,612-601-2589,izhang@proton.me,TRUE,Isaac,Zhang,1633 Hennepin Ave,"Minneapolis, MN",11/21/2023 19:36,4/18/2024
AidenN3,303-612-7524,aiden29@icloud.com,TRUE,Aiden,Nguyen,188 Wazee St,"Denver, CO",11/21/2023 20:19,5/15/2024
elenaart31,267-339-2941,elena_green@yahoo.com,TRUE,Elena,Green,"1963 Walnut St, Apt 44","Philadelphia, PA",11/21/2023 21:11,4/12/2024
eliseart42,213-830-5283,elihuang35@gmail.com,TRUE,Elise,Huang,"443 Wilshire Blvd, Apt 18","Los Angeles, CA",11/21/2023 21:16,5/13/2024
nathan.diaz,415-527-1417,nathan.diaz@gmail.com,TRUE,Nathan,Diaz,1872 Folsom St,"San Francisco, CA",11/21/2023 21:19,5/9/2024
alice61,415-706-4490,alice_martinez@proton.me,TRUE,Alice,Martinez,854 Howard St,"San Francisco, CA",11/21/2023 22:17,5/19/2024
jthomas,305-609-6373,julia_thomas@icloud.com,TRUE,Julia,Thomas,"2393 NE 2nd Ave, Apt 45","Miami, FL",11/21/2023 22:23,5/20/2024
xavierart21,445-753-8308,xavier_castillo@proton.me,FALSE,Xavier,Castillo,"411 Chestnut St, Apt 34","Philadelphia, PA",11/21/2023 22:39,11/21/2023
rubyart35,415-363-4011,ruby93@icloud.com,TRUE,Ruby,Liu,2035 Pacific Ave,"San Francisco, CA",11/21/2023 22:46,3/22/2024
lklein,773-545-1574,lklein@hotmail.com,TRUE,Lucia,Klein,"800 W Lake St, Unit 32","Chicago, IL",11/21/2023 22:47,12/19/2023
zng,628-512-3143,zng@icloud.com,FALSE,Zane,Ng,835 Vallejo St,"San Francisco, CA",11/21/2023 22:51,NULL
nicolasart1,771-625-3222,nicduboi73@outlook.com,FALSE,Nicolas,Dubois,1329 Massachusetts Ave NW,"Washington, DC",11/21/2023 23:01,11/21/2023
ale_trades,617-887-1740,alefergu38@hotmail.com,TRUE,Alexis,Ferguson,1349 Beacon St,"Boston, MA",11/21/2023 23:05,5/17/2024
gianna_irwi,858-229-9738,gianna14@outlook.com,FALSE,Gianna,Irwin,2136 Harbor Dr,"San Diego, CA",11/22/2023 0:16,NULL
AdrianH91,872-337-5120,adrhowar97@yahoo.com,TRUE,Adrian,Howard,"2200 N Michigan Ave, Apt 5","Chicago, IL",11/22/2023 0:21,5/17/2024
aiden_morr,332-354-2183,aiden.morris@yahoo.com,TRUE,Aiden,Morris,431 Broadway,"New York, NY",11/22/2023 0:40,5/24/2024
darihall21,763-459-2237,darius_hall@yahoo.com,TRUE,Darius,Hall,293 Hennepin Ave,"Minneapolis, MN",11/22/2023 0:51,3/15/2024
daniel_rami,213-886-6673,daniel.ramirez@icloud.com,FALSE,Daniel,Ramirez,"408 N Fairfax Ave, Apt 34","Los Angeles, CA",11/22/2023 1:02,NULL
javier.chen,212-427-8065,javier.chen@outlook.com,TRUE,Javier,Chen,644 W 23rd St,"New York, NY",11/22/2023 1:11,5/17/2024
georgia_broo,771-361-7668,gbrooks@outlook.com,TRUE,Georgia,Brooks,"2070 14th St NW, Unit 10","Washington, DC",11/22/2023 1:27,11/22/2023
parkhern15,312-481-5177,phernandez@icloud.com,TRUE,Parker,Hernandez,"1468 S State St, Apt 25","Chicago, IL",11/22/2023 1:38,2/5/2024
liam.foster,415-262-6159,NULL,FALSE,Liam,Foster,1101 Folsom St,"San Francisco, CA",11/22/2023 1:42,11/22/2023
adr_trades,650-704-3738,adrng26@proton.me,TRUE,Adrian,Ng,"437 Emerson St, Apt 37","Palo Alto, CA",11/22/2023 1:48,12/26/2023
camila13,212-599-1370,campark17@hotmail.com,TRUE,Camila,Park,1967 Lexington Ave,"New York, NY",11/22/2023 1:57,5/15/2024
czamora,212-503-6437,cole97@icloud.com,TRUE,Cole,Zamora,"2419 Hudson St, Apt 13","New York, NY",11/22/2023 2:05,5/25/2024
arthhass70,917-806-8383,ahassan@hotmail.com,TRUE,Arthur,Hassan,"835 Lexington Ave, Unit 14","New York, NY",11/22/2023 2:36,5/21/2024
geornorr49,512-366-1612,georgia.norris@outlook.com,FALSE,Georgia,Norris,"499 W 6th St, Apt 2","Austin, TX",11/22/2023 2:46,11/22/2023
gabrzamo61,628-509-1777,gabriela.zamora@hotmail.com,TRUE,Gabriela,Zamora,"1463 California St, Apt 27","San Francisco, CA",11/22/2023 2:49,11/23/2023
JuliaD68,310-594-7247,jdiaz@yahoo.com,TRUE,Julia,Diaz,"583 S Grand Ave, Apt 3","Los Angeles, CA",11/22/2023 2:52,2/20/2024
kara.brooks,617-273-3003,kara.brooks@outlook.com,TRUE,Kara,Brooks,646 Newbury St,"Boston, MA",11/22/2023 3:01,12/12/2023
aadams,773-853-4692,aveadams87@icloud.com,TRUE,Avery,Adams,1424 S State St,"Chicago, IL",11/22/2023 3:07,3/6/2024
KeiraN8,206-760-4434,keing20@hotmail.com,TRUE,Keira,Ng,"1382 Pine St, Apt 46","Seattle, WA",11/22/2023 3:32,5/18/2024
AveryG41,281-587-1916,agarcia@hotmail.com,TRUE,Avery,Garcia,2138 Montrose Blvd,"Houston, TX",11/22/2023 3:48,5/25/2024
matezhan10,206-578-1446,mzhang@proton.me,FALSE,Mateo,Zhang,"260 E Madison St, Apt 4","Seattle, WA",11/22/2023 5:28,11/22/2023
henryart17,206-272-8053,henry.jensen@yahoo.com,TRUE,Henry,Jensen,1071 Pine St,"Seattle, WA",11/22/2023 5:47,5/23/2024
quinsait25,305-690-7251,quinn66@proton.me,TRUE,Quinn,Saito,"2263 NE 2nd Ave, Unit 12","Miami, FL",11/22/2023 6:15,5/5/2024
IrisS8,917-712-1231,isantos@yahoo.com,TRUE,Iris,Santos,"1807 Hudson St, Unit 6","New York, NY",11/22/2023 6:43,5/21/2024
BiancaY21,332-607-9332,biayoon49@icloud.com,TRUE,Bianca,Yoon,"657 Park Ave, Apt 9","New York, NY",11/22/2023 6:49,3/9/2024
equinn,323-278-8509,elena.quinn@outlook.com,TRUE,Elena,Quinn,1385 Wilshire Blvd,"Los Angeles, CA",11/22/2023 6:50,11/22/2023
celine_sait,424-380-6207,celine.saito@hotmail.com,TRUE,Celine,Saito,1179 S Grand Ave,"Los Angeles, CA",11/22/2023 7:15,11/23/2023
juliainvests,202-388-4802,julia68@hotmail.com,TRUE,Julia,Williams,1748 Massachusetts Ave NW,"Washington, DC",11/22/2023 8:00,5/8/2024
AidenP5,213-493-1160,aidpalme13@proton.me,TRUE,Aiden,Palmer,2218 S Grand Ave,"Los Angeles, CA",11/22/2023 8:01,11/22/2023
daniel_lope,669-265-5885,daniel.lopez@hotmail.com,TRUE,Daniel,Lopez,"1210 Santana Row, Apt 5","San Jose, CA",11/22/2023 8:33,12/10/2023
gabriel34,212-227-6002,gabriel.alvarez@proton.me,TRUE,Gabriel,Alvarez,"995 E 72nd St, Apt 43","New York, NY",11/22/2023 8:51,12/6/2023
sofiaart9,312-859-4553,sflores@hotmail.com,TRUE,Sofia,Flores,"1097 W Lake St, Apt 32","Chicago, IL",11/22/2023 9:13,4/12/2024
serenainvests,NULL,serena.kaur@hotmail.com,TRUE,Serena,Kaur,"868 West Paces Ferry Rd, Apt 24","Atlanta, GA",11/22/2023 9:14,11/22/2023
MarinaS65,332-723-8442,marina_sims@proton.me,TRUE,Marina,Sims,325 E 72nd St,"New York, NY",11/22/2023 9:32,5/7/2024
yarawhit54,206-631-3443,yara.white@outlook.com,TRUE,Yara,White,"791 Western Ave, Apt 36","Seattle, WA",11/22/2023 10:33,5/8/2024
gabrielinvests,512-778-8486,gablane55@yahoo.com,TRUE,Gabriel,Lane,"1619 Guadalupe St, Apt 4","Austin, TX",11/22/2023 10:38,2/14/2024
jade_wrig,215-690-5414,jade25@proton.me,TRUE,Jade,Wright,"1006 N 2nd St, Unit 28","Philadelphia, PA",11/22/2023 11:09,5/25/2024
harper_elli,872-260-4456,harper84@outlook.com,TRUE,Harper,Ellis,"1823 N Michigan Ave, Apt 23","Chicago, IL",11/22/2023 11:21,1/5/2024
peter_sing,771-286-2766,peter10@gmail.com,TRUE,Peter,Singh,1575 Massachusetts Ave NW,"Washington, DC",11/22/2023 12:16,11/23/2023
valentina_nguy,619-893-5882,valentina.nguyen@gmail.com,FALSE,Valentina,Nguyen,1402 University Ave,"San Diego, CA",11/22/2023 12:23,11/22/2023
celine_bake,415-336-5991,celine.baker@yahoo.com,TRUE,Celine,Baker,"760 Folsom St, Apt 33","San Francisco, CA",11/22/2023 12:48,5/12/2024
tarialva21,786-391-2062,talvarez@yahoo.com,TRUE,Tariq,Alvarez,"761 Biscayne Blvd, Unit 31","Miami, FL",11/22/2023 12:54,1/13/2024
earcher,617-416-4168,earcher@outlook.com,TRUE,Evelyn,Archer,"424 Commonwealth Ave, Apt 36","Boston, MA",11/22/2023 12:54,12/21/2023
ele_trades,619-571-1114,eleito92@hotmail.com,TRUE,Elena,Ito,1962 University Ave,"San Diego, CA",11/22/2023 13:06,5/22/2024
kha_trades,646-243-1451,khalil75@icloud.com,TRUE,Khalil,Liu,191 Hudson St,"New York, NY",11/22/2023 13:10,11/25/2023
priyainvests,305-599-3157,prihart34@icloud.com,TRUE,Priya,Hart,"1739 Brickell Ave, Apt 13","Miami, FL",11/22/2023 13:32,11/26/2023
nathorti32,646-304-4020,natortiz35@icloud.com,TRUE,Nathan,Ortiz,676 E 72nd St,"New York, NY",11/22/2023 13:45,1/19/2024
selene.owens,872-410-6324,selene84@yahoo.com,TRUE,Selene,Owens,"1080 W Division St, Apt 35","Chicago, IL",11/22/2023 13:53,5/14/2024
EvaN97,212-213-6962,eva49@icloud.com,TRUE,Eva,Novak,793 Park Ave,"New York, NY",11/22/2023 14:09,12/1/2023
nora.owens,424-663-5116,norowens62@yahoo.com,TRUE,Nora,Owens,"281 W 3rd St, Apt 2","Los Angeles, CA",11/22/2023 14:59,5/25/2024
abishop,669-710-3969,artbisho13@yahoo.com,TRUE,Arthur,Bishop,"2306 The Alameda, Apt 43","San Jose, CA",11/22/2023 16:51,11/30/2023
karaart9,212-712-1452,kpark@icloud.com,TRUE,Kara,Park,387 W 57th St,"New York, NY",11/22/2023 17:10,5/17/2024
julia.hayes,202-378-3360,julia.hayes@outlook.com,TRUE,Julia,Hayes,"2493 K St NW, Apt 26","Washington, DC",11/22/2023 18:08,5/23/2024
mateo96,857-656-5299,mateo.klein@gmail.com,TRUE,Mateo,Klein,"790 Commonwealth Ave, Apt 35","Boston, MA",11/22/2023 18:49,12/14/2023
noe_trades,310-771-6974,noelle.hayes@gmail.com,TRUE,Noelle,Hayes,2111 Melrose Ave,"Los Angeles, CA",11/22/2023 19:40,1/4/2024
adriferg11,469-435-7170,adrian_ferguson@yahoo.com,TRUE,Adrian,Ferguson,"893 Main St, Apt 5","Dallas, TX",11/22/2023 19:54,11/24/2023
izamora,650-733-9565,isabel.zamora@gmail.com,TRUE,Isabel,Zamora,"750 Emerson St, Apt 47","Palo Alto, CA",11/22/2023 20:24,5/17/2024
eliseinvests,503-289-7636,elidiaz76@hotmail.com,TRUE,Elise,Diaz,"972 NW 23rd Ave, Apt 19","Portland, OR",11/22/2023 20:26,1/14/2024
PeterJ64,212-848-8196,petjacob14@hotmail.com,TRUE,Peter,Jacobs,538 Park Ave,"New York, NY",11/22/2023 21:06,12/1/2023
njacobs,720-427-1333,nora.jacobs@hotmail.com,TRUE,Nora,Jacobs,"163 E Colfax Ave, Unit 23","Denver, CO",11/22/2023 21:55,2/12/2024
SamiraV52,628-651-7963,samira.vasquez@hotmail.com,TRUE,Samira,Vasquez,458 Folsom St,"San Francisco, CA",11/22/2023 22:08,1/14/2024
rhowell,972-546-4746,rohan_howell@proton.me,TRUE,Rohan,Howell,1828 Turtle Creek Blvd,"Dallas, TX",11/22/2023 22:13,5/14/2024
yasmng26,305-624-3154,yasng77@icloud.com,TRUE,Yasmin,Ng,551 Brickell Ave,"Miami, FL",11/22/2023 22:55,5/17/2024
blair44,310-789-3845,blair60@icloud.com,TRUE,Blair,Anderson,"1737 N Fairfax Ave, Apt 40","Los Angeles, CA",11/22/2023 23:23,5/15/2024
hdavis,303-815-9130,hdavis@proton.me,TRUE,Harper,Davis,"2469 Blake St, Apt 43","Denver, CO",11/22/2023 23:26,12/11/2023
peter80,281-311-2977,peter66@yahoo.com,TRUE,Peter,Estrada,2058 Main St,"Houston, TX",11/23/2023 0:11,3/18/2024
adesai,646-643-4977,adesai@yahoo.com,TRUE,Adriana,Desai,1644 Park Ave,"New York, NY",11/23/2023 0:20,12/23/2023
zane.brooks,310-393-5877,zane.brooks@icloud.com,TRUE,Zane,Brooks,"1909 N Fairfax Ave, Apt 27","Los Angeles, CA",11/23/2023 0:53,2/27/2024
beathall99,771-464-6696,beahall83@yahoo.com,TRUE,Beatrice,Hall,"2406 K St NW, Apt 10","Washington, DC",11/23/2023 1:35,2/20/2024
imitchell,312-311-9229,imitchell@yahoo.com,TRUE,Isaac,Mitchell,"373 N Michigan Ave, Apt 17","Chicago, IL",11/23/2023 1:38,12/3/2023
damian69,305-271-3222,damian76@yahoo.com,TRUE,Damian,Bell,1562 Collins Ave,"Miami, FL",11/23/2023 1:41,4/15/2024
ariana.gupta,503-455-7176,ariana_gupta@proton.me,TRUE,Ariana,Gupta,2373 SW Broadway,"Portland, OR",11/23/2023 2:01,12/3/2023
jade.park,469-854-7231,jadpark61@hotmail.com,TRUE,Jade,Park,"2041 Cedar Springs Rd, Apt 24","Dallas, TX",11/23/2023 3:41,11/23/2023
rafaelart13,NULL,rafael_ross@proton.me,FALSE,Rafael,Ross,"96 S Grand Ave, Apt 31","Los Angeles, CA",11/23/2023 5:18,NULL
vivian_nguy,404-547-9512,NULL,FALSE,Vivian,Nguyen,"735 West Paces Ferry Rd, Apt 46","Atlanta, GA",11/23/2023 6:14,NULL
SamiraW20,212-469-7794,swhite@hotmail.com,FALSE,Samira,White,"2272 Broadway, Unit 9","New York, NY",11/23/2023 7:37,NULL
eleachen59,858-260-1469,eleanor_chen@gmail.com,TRUE,Eleanor,Chen,1071 Harbor Dr,"San Diego, CA",11/23/2023 9:20,4/3/2024
carmenart1,857-607-5894,carmen.jordan@proton.me,TRUE,Carmen,Jordan,"2438 Commonwealth Ave, Apt 6","Boston, MA",11/23/2023 9:26,12/9/2023
AidenV34,312-716-6203,aiden_valdez@proton.me,TRUE,Aiden,Valdez,"291 N Michigan Ave, Apt 21","Chicago, IL",11/23/2023 9:56,2/25/2024
delilahart6,323-565-4771,delstone69@gmail.com,TRUE,Delilah,Stone,"1095 S Grand Ave, Apt 21","Los Angeles, CA",11/23/2023 9:57,5/12/2024
iris77,872-668-8816,iris62@outlook.com,TRUE,Iris,Hassan,960 N Clark St,"Chicago, IL",11/23/2023 10:23,4/17/2024
bla_trades,323-474-5665,blair16@proton.me,TRUE,Blair,Choi,744 Melrose Ave,"Los Angeles, CA",11/23/2023 10:43,3/14/2024
yara_sant,214-349-1936,yara80@hotmail.com,TRUE,Yara,Santos,"2189 Turtle Creek Blvd, Apt 25","Dallas, TX",11/23/2023 11:23,5/9/2024
renemaso92,737-769-1858,renee93@icloud.com,TRUE,Renee,Mason,"1273 Guadalupe St, Apt 26","Austin, TX",11/23/2023 11:31,12/24/2023
bia_trades,617-640-9877,bianca.vega@hotmail.com,TRUE,Bianca,Vega,1630 Newbury St,"Boston, MA",11/23/2023 11:53,5/13/2024
peter.hayes,215-559-2209,phayes@icloud.com,TRUE,Peter,Hayes,1622 Chestnut St,"Philadelphia, PA",11/23/2023 12:31,5/23/2024
RubyV73,617-557-7213,rvaldez@icloud.com,TRUE,Ruby,Valdez,"968 Newbury St, Unit 15","Boston, MA",11/23/2023 12:35,5/19/2024
gabrielaart38,628-679-6380,gabriela65@yahoo.com,TRUE,Gabriela,Kim,536 Pacific Ave,"San Francisco, CA",11/23/2023 12:56,5/6/2024
dahlia10,424-435-5902,dahlia_howard@icloud.com,TRUE,Dahlia,Howard,1650 S Grand Ave,"Los Angeles, CA",11/23/2023 13:10,3/9/2024
SabrinaD82,857-753-4861,sabdiaz38@proton.me,TRUE,Sabrina,Diaz,"2019 Newbury St, Unit 8","Boston, MA",11/23/2023 13:49,5/11/2024
clara47,858-643-4290,clara_liu@proton.me,TRUE,Clara,Liu,"987 University Ave, Apt 32","San Diego, CA",11/23/2023 15:06,2/5/2024
beatriceinvests,469-300-3052,beariver23@proton.me,TRUE,Beatrice,Rivera,"389 Ross Ave, Apt 13","Dallas, TX",11/23/2023 15:08,3/20/2024
dan_trades,617-784-8495,daniel3@hotmail.com,TRUE,Daniel,Dubois,"1713 Tremont St, Apt 32","Boston, MA",11/23/2023 15:16,11/24/2023
samira_choi,310-616-1238,samira_choi@hotmail.com,TRUE,Samira,Choi,662 W 3rd St,"Los Angeles, CA",11/23/2023 16:03,5/26/2024
eleanor.knight,212-348-8929,eleknigh28@yahoo.com,TRUE,Eleanor,Knight,"2491 E 72nd St, Apt 42","New York, NY",11/23/2023 16:37,11/24/2023
isabel89,503-213-2040,isabel_diaz@icloud.com,TRUE,Isabel,Diaz,"1165 NW Everett St, Apt 24","Portland, OR",11/23/2023 16:58,11/24/2023
parkerinvests,214-345-5731,parker.nelson@gmail.com,TRUE,Parker,Nelson,"287 Cedar Springs Rd, Apt 8","Dallas, TX",11/23/2023 17:00,5/15/2024
ruby_choi,737-560-6270,NULL,FALSE,Ruby,Choi,"296 Congress Ave, Unit 23","Austin, TX",11/23/2023 17:07,NULL
nicolope40,786-271-3011,nicolas_lopez@gmail.com,TRUE,Nicolas,Lopez,"320 S Miami Ave, Apt 7","Miami, FL",11/23/2023 18:39,11/24/2023
jonahart23,646-321-7786,jonah.xu@gmail.com,TRUE,Jonah,Xu,1232 W 57th St,"New York, NY",11/23/2023 18:39,11/23/2023
aaliyah12,332-376-2395,aaliyah.jensen@hotmail.com,TRUE,Aaliyah,Jensen,261 Hudson St,"New York, NY",11/23/2023 19:31,5/21/2024
pjacobs,857-307-6183,pjacobs@hotmail.com,TRUE,Parker,Jacobs,682 Commonwealth Ave,"Boston, MA",11/23/2023 20:10,1/3/2024
elena_olse,332-775-2631,elena44@proton.me,TRUE,Elena,Olsen,786 Broadway,"New York, NY",11/23/2023 20:13,12/10/2023
sabrina24,646-528-4054,sabdesai52@proton.me,TRUE,NULL,Desai,752 Lexington Ave,"New York, NY",11/23/2023 20:20,5/1/2024
daphneinvests,619-445-4180,daphne.ferguson@outlook.com,TRUE,Daphne,Ferguson,NULL,"San Diego, CA",11/23/2023 21:22,4/8/2024
quinninvests,612-234-2186,qyoon@outlook.com,TRUE,Quinn,Yoon,1396 Washington Ave N,"Minneapolis, MN",11/23/2023 22:02,11/25/2023
leo54,424-350-9229,leo.brooks@hotmail.com,TRUE,Leo,Brooks,"255 Melrose Ave, Apt 2","Los Angeles, CA",11/23/2023 22:28,2/18/2024
ani_trades,215-366-9558,aniwhite78@outlook.com,TRUE,Anika,White,"2090 Spruce St, Apt 23","Philadelphia, PA",11/23/2023 23:19,5/15/2024
keiraart39,917-635-7247,keira50@proton.me,FALSE,Keira,Williams,"1588 W 23rd St, Apt 7","New York, NY",11/23/2023 23:29,11/24/2023
julia.klein,678-216-2827,julia_klein@yahoo.com,TRUE,Julia,Klein,"198 Peachtree St NE, Apt 20","Atlanta, GA",11/24/2023 0:25,5/22/2024
mayaart25,720-893-9806,maya_zamora@icloud.com,TRUE,Maya,Zamora,"1363 Wazee St, Unit 7","Denver, CO",11/24/2023 0:48,5/16/2024
priygome12,720-699-3643,priya44@icloud.com,TRUE,Priya,Gomez,304 Larimer St,"Denver, CO",11/24/2023 0:51,11/25/2023
kaimend54,917-588-8226,kmendez@gmail.com,TRUE,Kai,Mendez,1149 W 57th St,"New York, NY",11/24/2023 1:31,2/21/2024
mira_irwi,786-508-2894,mira85@yahoo.com,TRUE,Mira,Irwin,"2346 S Miami Ave, Apt 27","Miami, FL",11/24/2023 1:39,3/31/2024
xavier_bake,720-578-8404,xbaker@hotmail.com,FALSE,Xavier,Baker,151 Broadway,"Denver, CO",11/24/2023 2:48,NULL
khalil.bishop,628-359-2222,khalil.bishop@yahoo.com,TRUE,Khalil,Bishop,"1539 Howard St, Apt 45","San Francisco, CA",11/24/2023 3:08,12/5/2023
javizamo23,857-859-9615,javier.zamora@icloud.com,TRUE,Javier,Zamora,909 Newbury St,"Boston, MA",11/24/2023 4:31,2/16/2024
PaolaM46,445-628-1157,paola.mendez@hotmail.com,TRUE,Paola,Mendez,NULL,"Philadelphia, PA",11/24/2023 9:21,5/25/2024
alejandroart37,646-634-4479,alejandro.carter@gmail.com,TRUE,Alejandro,Carter,"98 W 57th St, Apt 9","New York, NY",11/24/2023 9:30,12/19/2023
alopez,212-278-4284,avery_lopez@gmail.com,TRUE,Avery,Lopez,1833 E 72nd St,"New York, NY",11/24/2023 10:12,5/16/2024
YasminR20,646-778-1443,yasmin.roberts@gmail.com,TRUE,Yasmin,Roberts,2403 Hudson St,"New York, NY",11/24/2023 11:24,12/8/2023
camilaart31,857-345-3233,camila.wilson@gmail.com,TRUE,Camila,Wilson,1750 Tremont St,"Boston, MA",11/24/2023 12:53,5/21/2024
julihuan43,415-814-4511,julhuang53@gmail.com,TRUE,Julia,Huang,"1668 Vallejo St, Apt 22","San Francisco, CA",11/24/2023 12:56,11/27/2023
alice.yoon,305-389-4898,ayoon@yahoo.com,TRUE,Alice,Yoon,1106 Brickell Ave,"Miami, FL",11/24/2023 14:25,11/25/2023
mirabell34,512-441-8665,mirbell41@hotmail.com,TRUE,Mira,Bell,"103 E Cesar Chavez St, Apt 36","Austin, TX",11/24/2023 15:28,12/7/2023
parkerart20,612-559-9160,parker7@outlook.com,TRUE,Parker,Fischer,"1713 W Lake St, Apt 47","Minneapolis, MN",11/24/2023 15:33,4/16/2024
grace23,713-357-5183,grace19@gmail.com,TRUE,Grace,Chen,"1903 San Felipe St, Unit 27","Houston, TX",11/24/2023 16:32,1/2/2024
samira_walk,305-293-6959,swalker@proton.me,FALSE,Samira,Walker,1785 Brickell Ave,"Miami, FL",11/24/2023 20:42,NULL
ibennett,312-302-5381,ibennett@yahoo.com,TRUE,Isaac,Bennett,"688 W Lake St, Apt 35","Chicago, IL",11/24/2023 21:20,4/6/2024
car_trades,872-562-6281,cingram@yahoo.com,TRUE,Carmen,Ingram,615 S State St,"Chicago, IL",11/24/2023 21:38,1/24/2024
tariq.nelson,323-400-6306,tariq92@proton.me,TRUE,Tariq,Nelson,1455 W 3rd St,"Los Angeles, CA",11/24/2023 21:38,12/30/2023
felixinvests,346-274-9717,fanderson@yahoo.com,TRUE,Felix,Anderson,"1836 Montrose Blvd, Apt 11","Houston, TX",11/25/2023 1:05,1/9/2024
christian32,619-265-9315,christian.tran@proton.me,TRUE,Christian,Tran,"609 Harbor Dr, Apt 41","San Diego, CA",11/25/2023 1:49,12/15/2023
samirami19,206-581-1140,samira_ramirez@proton.me,TRUE,Samira,Ramirez,"377 Pine St, Unit 9","Seattle, WA",11/25/2023 1:51,4/4/2024
lana22,771-322-1019,lanhart22@proton.me,TRUE,Lana,Hart,"450 Pennsylvania Ave SE, Unit 14","Washington, DC",11/25/2023 2:29,12/1/2023
casscole90,424-416-1743,cassidy34@yahoo.com,TRUE,Cassidy,Coleman,"2450 Wilshire Blvd, Apt 13","Los Angeles, CA",11/25/2023 2:40,5/16/2024
ariart16,310-257-8942,ari32@outlook.com,TRUE,Ari,Norris,"1444 Sunset Blvd, Unit 5","Los Angeles, CA",11/25/2023 5:58,11/25/2023
aideninvests,312-718-6132,aiden_patel@proton.me,TRUE,Aiden,Patel,2448 N Clark St,"Chicago, IL",11/25/2023 7:00,5/26/2024
christian_bish,212-646-9621,christian.bishop@hotmail.com,FALSE,Christian,Bishop,1371 Broadway,"New York, NY",11/25/2023 10:15,NULL
valentina_camp,212-421-5935,vcampbell@yahoo.com,TRUE,Valentina,Campbell,"80 Park Ave, Apt 19","New York, NY",11/25/2023 11:06,11/26/2023
RohanP69,424-627-9495,rohpark10@outlook.com,TRUE,Rohan,Park,"249 Melrose Ave, Apt 19","Los Angeles, CA",11/25/2023 11:57,2/24/2024
luciklei68,720-612-1541,lucia_klein@icloud.com,TRUE,Lucia,Klein,880 Wazee St,"Denver, CO",11/25/2023 12:26,5/22/2024
lana85,646-829-6160,lana.lam@hotmail.com,TRUE,Lana,Lam,"716 Park Ave, Apt 8","New York, NY",11/25/2023 13:00,1/14/2024
felixart45,312-420-5266,felix_ramirez@hotmail.com,TRUE,Felix,Ramirez,161 W Lake St,"Chicago, IL",11/25/2023 13:40,1/11/2024
bianca.morgan,646-899-4014,bianca.morgan@proton.me,TRUE,Bianca,Morgan,"968 W 23rd St, Apt 8","New York, NY",11/25/2023 15:28,1/25/2024
ari_ferg,425-415-1167,ari_ferguson@outlook.com,TRUE,Ari,Ferguson,"1930 Queen Anne Ave N, Apt 36","Seattle, WA",11/25/2023 18:27,5/26/2024
reinston33,737-736-2707,reistone88@outlook.com,TRUE,Reina,Stone,1254 E Cesar Chavez St,"Austin, TX",11/26/2023 0:05,11/27/2023
evarome80,763-286-1330,eva_romero@icloud.com,FALSE,Eva,Romero,1781 W Lake St,"Minneapolis, MN",11/26/2023 8:39,11/26/2023
ari_tayl,267-837-4218,ari87@outlook.com,FALSE,Ari,Taylor,1456 Market St,"Philadelphia, PA",11/26/2023 11:37,NULL
lilaande32,617-748-1066,lila_anderson@gmail.com,TRUE,Lila,Anderson,1814 Newbury St,"Boston, MA",11/26/2023 14:41,1/14/2024
IrisR25,917-281-8583,irireyes87@icloud.com,TRUE,NULL,Reyes,1658 Broadway,"New York, NY",11/26/2023 18:47,5/14/2024
clara88,786-730-8681,cferguson@proton.me,FALSE,Clara,Ferguson,"1741 Biscayne Blvd, Unit 17","Miami, FL",11/26/2023 22:04,NULL
ruby_reed,786-381-4793,ruby5@outlook.com,TRUE,Ruby,Reed,1732 Biscayne Blvd,"Miami, FL",11/27/2023 0:22,12/20/2023
nicolas61,415-699-2939,nicolas_nguyen@icloud.com,TRUE,Nicolas,Nguyen,"2040 Vallejo St, Apt 26","San Francisco, CA",11/27/2023 0:34,5/23/2024
agupta,773-882-2493,akira44@icloud.com,TRUE,Akira,Gupta,"915 S State St, Apt 4","Chicago, IL",11/27/2023 2:45,1/20/2024
LiamR36,469-737-3361,liam_rivera@proton.me,TRUE,Liam,Rivera,"426 McKinney Ave, Apt 7","Dallas, TX",11/27/2023 3:20,5/11/2024
SofiaF6,415-248-3571,sofia_franklin@icloud.com,FALSE,Sofia,Franklin,"1066 Howard St, Apt 45","San Francisco, CA",11/27/2023 4:15,11/27/2023
viv_trades,415-858-2227,vivherna84@gmail.com,TRUE,Vivian,Hernandez,"1032 California St, Apt 43","San Francisco, CA",11/27/2023 6:45,5/22/2024
pao_trades,415-759-9035,paola.vargas@proton.me,TRUE,Paola,Vargas,"1480 Pacific Ave, Apt 29","San Francisco, CA",11/27/2023 18:17,4/14/2024
zoe_trades,832-285-4466,zowens@yahoo.com,TRUE,Zoe,Owens,332 Kirby Dr,"Houston, TX",11/27/2023 23:11,3/17/2024
DaphneJ95,332-600-3024,daphne77@outlook.com,TRUE,Daphne,Jenkins,"1796 Broadway, Apt 43","New York, NY",11/28/2023 4:09,5/14/2024
sabrinaart14,917-524-9414,skim@gmail.com,TRUE,Sabrina,Kim,"1020 Lexington Ave, Unit 30","New York, NY",11/29/2023 11:37,1/3/2024
GabrielH28,425-733-1506,gabriel.hassan@gmail.com,TRUE,Gabriel,NULL,589 Pine St,"Seattle, WA",11/30/2023 2:27,12/23/2023
daniel_irwi,512-314-7713,dirwin@icloud.com,TRUE,Daniel,Irwin,"2271 Barton Springs Rd, Apt 19","Austin, TX",12/1/2023 12:24,3/15/2024
jadeholdings2,646-268-8140,jade.cho@icloud.com,TRUE,Jade,Cho,"2254 W 57th St, Apt 17","New York, NY",12/1/2023 23:03,1/6/2024
juliaholdings3,310-800-4522,jreyes@outlook.com,TRUE,Julia,Reyes,1701 Sunset Blvd,"Los Angeles, CA",12/3/2023 11:24,1/13/2024
aar_trades,305-758-4759,aaron62@proton.me,TRUE,Aaron,Hayes,"1928 Collins Ave, Apt 39","Miami, FL",12/7/2023 7:25,5/20/2024
gcampbell,872-503-7739,gabriel67@hotmail.com,FALSE,Gabriel,Campbell,1542 W Division St,"Chicago, IL",12/11/2023 17:35,12/11/2023
aiderive82,206-564-9993,aiden85@proton.me,TRUE,Aiden,Rivera,230 1st Ave,"Seattle, WA",12/15/2023 4:09,1/10/2024
kar_trades,669-785-6756,kargomez48@outlook.com,TRUE,Kara,Gomez,"1730 Santana Row, Apt 32","San Jose, CA",12/15/2023 9:45,12/16/2023
agupta,212-863-4548,alice_gupta@outlook.com,TRUE,Alice,Gupta,1708 E 72nd St,"New York, NY",12/15/2023 11:36,12/16/2023
joc_trades,773-852-1698,jocestra94@hotmail.com,TRUE,Jocelyn,Estrada,"1616 S State St, Apt 22","Chicago, IL",12/16/2023 8:15,5/21/2024
isaaito18,857-380-9993,isaac.ito@gmail.com,TRUE,Isaac,Ito,"636 Beacon St, Unit 5","Boston, MA",12/16/2023 16:36,12/17/2023
rohaninvests,346-741-1204,rohan_desai@icloud.com,TRUE,Rohan,Desai,679 Westheimer Rd,"Houston, TX",12/16/2023 17:46,1/20/2024
adriana26,617-388-3387,adriana.jensen@proton.me,TRUE,Adriana,Jensen,"971 Tremont St, Apt 41","Boston, MA",12/17/2023 18:48,4/16/2024
eliasart41,786-325-9629,elias47@gmail.com,FALSE,Elias,Walker,"1147 Brickell Ave, Apt 39","Miami, FL",12/18/2023 10:50,12/18/2023
amir.norris,503-272-1406,amir46@outlook.com,TRUE,Amir,Norris,"1233 NW Everett St, Apt 16","Portland, OR",12/18/2023 15:47,1/9/2024
ariana.irwin,650-675-7289,ariana.irwin@gmail.com,TRUE,Ariana,Irwin,1606 Hamilton Ave,"Palo Alto, CA",12/18/2023 16:49,1/19/2024
leo65,786-242-2073,lkaur@yahoo.com,TRUE,Leo,Kaur,"1650 NE 2nd Ave, Apt 20","Miami, FL",12/19/2023 10:48,12/20/2023
rafaelinvests,512-440-4713,rafael90@outlook.com,TRUE,Rafael,Nguyen,855 W 6th St,"Austin, TX",12/19/2023 12:33,5/6/2024
FarahH29,737-707-9893,farhuang37@gmail.com,TRUE,Farah,Huang,"816 Guadalupe St, Apt 22","Austin, TX",12/19/2023 15:38,12/26/2023
DahliaS52,206-838-2550,dstone@gmail.com,TRUE,Dahlia,Stone,"436 Pine St, Apt 39","Seattle, WA",12/19/2023 20:10,1/9/2024
anikaholdings4,786-812-6124,ahall@proton.me,TRUE,Anika,Hall,"622 S Miami Ave, Apt 37","Miami, FL",12/19/2023 23:28,2/14/2024
iwright,917-369-4629,imani_wright@gmail.com,TRUE,Imani,Wright,1731 Hudson St,"New York, NY",12/20/2023 13:57,5/23/2024
mirainvests,415-822-9899,mira.hayes@outlook.com,TRUE,Mira,Hayes,"1668 California St, Apt 2","San Francisco, CA",12/21/2023 0:07,1/9/2024
chrijens75,858-519-5264,christian_jensen@yahoo.com,TRUE,Christian,Jensen,"246 5th Ave, Unit 27","San Diego, CA",12/21/2023 22:15,12/22/2023
rei_trades,206-379-9890,reina_hart@gmail.com,TRUE,Reina,Hart,"2442 E Madison St, Apt 13","Seattle, WA",12/22/2023 16:25,1/26/2024
zane37,332-756-4950,zbaker@hotmail.com,TRUE,Zane,Baker,2017 W 57th St,"New York, NY",12/23/2023 9:41,12/23/2023
abigail_pate,425-738-4506,apatel@gmail.com,TRUE,Abigail,NULL,"2076 Queen Anne Ave N, Apt 34","Seattle, WA",12/23/2023 10:42,4/18/2024
calexu79,917-642-7244,cxu@hotmail.com,TRUE,Caleb,Xu,554 Hudson St,"New York, NY",12/23/2023 19:07,2/24/2024
juliaart16,332-218-7485,julia_johnson@proton.me,TRUE,Julia,Johnson,2163 E 72nd St,"New York, NY",12/24/2023 2:17,4/26/2024
dmartinez,213-287-6052,daphne.martinez@hotmail.com,TRUE,Daphne,Martinez,"1316 S Grand Ave, Apt 2","Los Angeles, CA",12/24/2023 4:30,5/8/2024
selene.saito,310-896-4785,selsaito50@outlook.com,TRUE,Selene,Saito,"133 S Grand Ave, Apt 31","Los Angeles, CA",12/24/2023 7:48,1/30/2024
rmonroe,773-608-6833,rmonroe@icloud.com,TRUE,Ruby,Monroe,1262 N Clark St,"Chicago, IL",12/24/2023 9:57,12/26/2023
reinaholdings3,972-483-6695,reina_irwin@yahoo.com,FALSE,Reina,Irwin,2448 Main St,"Dallas, TX",12/25/2023 10:14,NULL
amirart40,720-347-8676,amir24@icloud.com,TRUE,Amir,Ingram,"1150 Wazee St, Apt 19","Denver, CO",12/25/2023 15:04,1/16/2024
cassidyinvests,305-808-2279,cassidy.alvarez@yahoo.com,TRUE,Cassidy,Alvarez,82 S Miami Ave,"Miami, FL",12/26/2023 6:14,1/7/2024
lor_trades,786-415-6909,lsingh@outlook.com,FALSE,Lorenzo,Singh,"1402 NE 2nd Ave, Unit 14","Miami, FL",12/28/2023 19:35,NULL
jvasquez,310-584-4288,jasvasqu84@proton.me,TRUE,Jasper,Vasquez,1114 N Fairfax Ave,"Los Angeles, CA",12/28/2023 23:27,12/30/2023
AlejandroH96,213-405-8760,alejandro.howard@hotmail.com,TRUE,Alejandro,Howard,2185 N Fairfax Ave,"Los Angeles, CA",12/30/2023 22:27,5/18/2024
nora54,771-475-2552,nora_archer@gmail.com,TRUE,Nora,Archer,770 Connecticut Ave NW,"Washington, DC",12/31/2023 2:08,1/19/2024
henryinvests,972-478-4607,henry28@outlook.com,TRUE,Henry,Brooks,439 Ross Ave,"Dallas, TX",1/1/2024 5:46,5/26/2024
KhalilB12,763-882-3915,khalil12@proton.me,TRUE,Khalil,Brooks,2172 W Lake St,"Minneapolis, MN",1/2/2024 8:52,1/2/2024
may_trades,646-397-6139,maya.flores@gmail.com,TRUE,Maya,Flores,"102 Broadway, Unit 27","New York, NY",1/2/2024 22:38,1/13/2024
leila10,470-833-7509,leila26@outlook.com,TRUE,Leila,Bell,"1440 Peachtree St NE, Apt 45","Atlanta, GA",1/4/2024 4:14,1/8/2024
aaronart8,972-471-2806,aaron.patel@gmail.com,TRUE,Aaron,Patel,"2153 Cedar Springs Rd, Apt 12","Dallas, TX",1/4/2024 5:19,4/23/2024
rubyart16,310-818-7314,rmorris@proton.me,TRUE,Ruby,Morris,160 S Grand Ave,"Los Angeles, CA",1/5/2024 4:12,4/11/2024
harper47,415-674-6853,harper_ito@gmail.com,FALSE,Harper,Ito,1275 Folsom St,"San Francisco, CA",1/5/2024 9:37,NULL
cassidyholdings2,650-775-4119,cassidy43@yahoo.com,TRUE,Cassidy,Estrada,"1191 Emerson St, Apt 36","Palo Alto, CA",1/5/2024 11:56,4/3/2024
nora_kapo,424-302-1896,norkapoo18@icloud.com,TRUE,Nora,Kapoor,838 S Grand Ave,"Los Angeles, CA",1/5/2024 19:04,5/26/2024
ari_trades,971-426-3756,aalvarez@yahoo.com,TRUE,Ari,Alvarez,NULL,"Portland, OR",1/6/2024 3:44,1/26/2024
peterinvests,303-734-2238,petshah44@gmail.com,TRUE,NULL,Shah,"127 Larimer St, Apt 10","Denver, CO",1/6/2024 12:49,1/6/2024
emi_trades,332-480-5796,emilia89@proton.me,TRUE,NULL,Shah,2331 Park Ave,"New York, NY",1/6/2024 17:05,5/25/2024
lilaholdings4,771-897-2949,lilwrigh89@hotmail.com,TRUE,Lila,Wright,"1934 K St NW, Apt 29","Washington, DC",1/7/2024 1:56,2/23/2024
mcarter,512-339-6649,mcarter@yahoo.com,TRUE,Maya,Carter,"2000 Barton Springs Rd, Unit 18","Austin, TX",1/7/2024 12:44,5/19/2024
awhite,786-572-8998,anika73@hotmail.com,FALSE,Anika,White,599 Biscayne Blvd,"Miami, FL",1/7/2024 16:07,1/7/2024
evelynart13,415-527-9883,evelyn_taylor@hotmail.com,TRUE,Evelyn,Taylor,1221 Pacific Ave,"San Francisco, CA",1/9/2024 5:06,2/23/2024
mirajens99,628-741-7249,mira85@hotmail.com,TRUE,Mira,Jensen,691 California St,"San Francisco, CA",1/9/2024 13:35,5/14/2024
jprice,281-222-4069,jprice@gmail.com,TRUE,Jocelyn,Price,"331 San Felipe St, Apt 42","Houston, TX",1/11/2024 8:59,1/11/2024
jade.dubois,346-685-5647,jdubois@proton.me,TRUE,Jade,Dubois,"742 Westheimer Rd, Apt 37","Houston, TX",1/11/2024 14:13,5/14/2024
anikaart10,303-466-4493,anika10@proton.me,TRUE,Anika,Saito,"1376 Wazee St, Apt 27","Denver, CO",1/11/2024 23:00,1/12/2024
amitchell,771-369-1103,anika44@gmail.com,TRUE,Anika,Mitchell,NULL,"Washington, DC",1/12/2024 4:33,4/6/2024
valentina.knight,628-378-3605,valentina_knight@outlook.com,TRUE,Valentina,Knight,2246 California St,"San Francisco, CA",1/12/2024 21:45,1/14/2024
darius_jaco,310-377-8924,darius_jacobs@gmail.com,TRUE,Darius,Jacobs,"1492 N Fairfax Ave, Unit 15","Los Angeles, CA",1/13/2024 7:59,2/15/2024
keirainvests,646-801-9307,keira_gupta@icloud.com,FALSE,Keira,Gupta,946 E 72nd St,"New York, NY",1/14/2024 4:38,1/14/2024
henry4,415-410-6440,henry.ito@hotmail.com,TRUE,Henry,Ito,"1021 California St, Apt 47","San Francisco, CA",1/14/2024 13:16,5/11/2024
benjamin35,415-770-4195,benjamin_romero@icloud.com,TRUE,Benjamin,Romero,"1206 Howard St, Apt 22","San Francisco, CA",1/14/2024 19:21,5/21/2024
cmonroe,650-770-6534,caleb15@icloud.com,TRUE,Caleb,Monroe,2446 Emerson St,"Palo Alto, CA",1/15/2024 9:46,1/31/2024
diegoart2,773-604-1196,diego87@proton.me,TRUE,Diego,Ito,1418 N Clark St,"Chicago, IL",1/16/2024 22:54,2/1/2024
sabrina_jaco,628-505-2436,sjacobs@hotmail.com,TRUE,Sabrina,Jacobs,1908 Folsom St,"San Francisco, CA",1/17/2024 21:13,5/12/2024
gabrestr95,470-338-3341,gabestra28@yahoo.com,TRUE,Gabriela,Estrada,"1054 Ponce de Leon Ave NE, Apt 22","Atlanta, GA",1/18/2024 10:12,4/11/2024
JonahO22,628-457-9682,jonah27@proton.me,TRUE,Jonah,Olsen,"582 Pacific Ave, Apt 43","San Francisco, CA",1/18/2024 19:23,5/18/2024
benjamin71,470-465-4059,benjamin_morgan@outlook.com,TRUE,Benjamin,Morgan,"1793 Peachtree St NE, Apt 6","Atlanta, GA",1/20/2024 13:18,1/21/2024
camila36,917-847-3536,camila.donovan@outlook.com,TRUE,Camila,Donovan,"189 Hudson St, Apt 38","New York, NY",1/20/2024 20:22,4/27/2024
camilaart21,310-322-6060,camila85@hotmail.com,TRUE,Camila,Romero,"2022 Sunset Blvd, Unit 16","Los Angeles, CA",1/22/2024 20:54,5/26/2024
harper77,619-311-5758,harper29@icloud.com,TRUE,Harper,Edwards,"2408 Harbor Dr, Apt 4","San Diego, CA",1/24/2024 4:17,5/11/2024
jordan_hall,305-830-3040,jordan_hall@icloud.com,TRUE,Jordan,Hall,"1938 Brickell Ave, Apt 43","Miami, FL",1/24/2024 17:02,5/26/2024
benjmend74,415-634-3308,benjamin_mendez@yahoo.com,TRUE,Benjamin,Mendez,1520 Howard St,"San Francisco, CA",1/25/2024 4:19,1/25/2024
abi_trades,773-543-9139,abialvar54@proton.me,TRUE,Abigail,Alvarez,"441 S State St, Apt 12","Chicago, IL",1/25/2024 22:24,1/26/2024
darius_shah,872-727-9621,darshah82@hotmail.com,TRUE,Darius,Shah,2029 W Lake St,"Chicago, IL",1/26/2024 2:00,2/21/2024
christianinvests,858-497-9303,christian32@outlook.com,TRUE,Christian,Howard,519 University Ave,"San Diego, CA",1/27/2024 1:36,5/23/2024
eliseart24,424-316-6687,elise.valdez@proton.me,TRUE,Elise,Valdez,159 N Fairfax Ave,"Los Angeles, CA",1/29/2024 6:48,1/30/2024
felix.tran,972-474-1449,felix.tran@proton.me,TRUE,Felix,Tran,"2469 Cedar Springs Rd, Apt 7","Dallas, TX",1/30/2024 22:32,5/11/2024
santiago.mitchell,310-682-7193,santiago78@outlook.com,TRUE,Santiago,Mitchell,696 N Fairfax Ave,"Los Angeles, CA",1/31/2024 13:21,5/19/2024
xavierholdings6,737-558-4573,xavier_vasquez@icloud.com,TRUE,Xavier,Vasquez,1058 Guadalupe St,"Austin, TX",2/1/2024 5:03,2/17/2024
isaac_arch,512-362-1412,isaac43@hotmail.com,TRUE,Isaac,Archer,"1585 W 6th St, Apt 13","Austin, TX",2/1/2024 13:16,2/1/2024
yas_trades,212-424-3405,yasmin_yoon@proton.me,TRUE,Yasmin,Yoon,643 Broadway,"New York, NY",2/2/2024 3:08,2/22/2024
rubyart19,628-762-2077,rubflore11@icloud.com,TRUE,Ruby,Flores,"263 Pacific Ave, Apt 4","San Francisco, CA",2/4/2024 13:14,4/21/2024
gabrielart18,332-575-9798,gabriel67@proton.me,TRUE,Gabriel,Thomas,"1570 Lexington Ave, Apt 2","New York, NY",2/5/2024 14:07,3/12/2024
aidezhan41,202-748-5828,aiden_zhang@outlook.com,TRUE,Aiden,Zhang,"400 Connecticut Ave NW, Apt 14","Washington, DC",2/5/2024 15:08,5/25/2024
tarirome15,669-562-2360,tariq93@proton.me,TRUE,Tariq,Romero,"185 N 1st St, Apt 37","San Jose, CA",2/5/2024 15:45,2/6/2024
leo.taylor,773-569-2816,leo_taylor@hotmail.com,FALSE,Leo,Taylor,"1007 W Division St, Apt 40","Chicago, IL",2/7/2024 23:43,NULL
minasims55,408-868-2965,mina_sims@proton.me,FALSE,Mina,Sims,134 The Alameda,"San Jose, CA",2/8/2024 2:42,NULL
calemend75,646-761-1035,caleb_mendez@hotmail.com,FALSE,Caleb,Mendez,"216 E 72nd St, Apt 3","New York, NY",2/8/2024 21:29,2/8/2024
jonah43,424-418-4147,jonah.tran@hotmail.com,TRUE,Jonah,Tran,2057 S Grand Ave,"Los Angeles, CA",2/9/2024 13:51,3/4/2024
averyinvests,425-477-4941,avery98@icloud.com,FALSE,Avery,Klein,1896 Queen Anne Ave N,"Seattle, WA",2/9/2024 14:33,NULL
roh_trades,332-527-4125,rshah@hotmail.com,TRUE,Rohan,Shah,"1070 Lexington Ave, Apt 4","New York, NY",2/9/2024 15:32,4/29/2024
zaneholdings3,425-671-4783,zane_lee@gmail.com,TRUE,Zane,Lee,"2288 Queen Anne Ave N, Apt 36","Seattle, WA",2/9/2024 16:12,3/15/2024
avane_alt,646-700-2100,augustus.vane.private@proton.me,TRUE,Augustus,Vane,"740 Park Ave, Penthouse 4","New York, NY",2/10/2024 10:00,5/20/2024
renealva77,971-760-1356,ralvarez@yahoo.com,FALSE,Renee,Alvarez,"1941 NW 23rd Ave, Apt 6","Portland, OR",2/12/2024 16:15,NULL
luciaholdings2,213-288-6172,llopez@gmail.com,TRUE,Lucia,Lopez,2461 Sunset Blvd,"Los Angeles, CA",2/13/2024 21:47,5/21/2024
cromero,312-662-9910,cole58@icloud.com,TRUE,Cole,Romero,1866 N Clark St,"Chicago, IL",2/15/2024 13:55,5/21/2024
darijord47,646-314-5465,darjorda17@yahoo.com,TRUE,Darius,Jordan,993 W 57th St,"New York, NY",2/16/2024 20:24,3/29/2024
eleanorholdings3,857-542-9404,elesims35@yahoo.com,TRUE,Eleanor,Sims,1203 Commonwealth Ave,"Boston, MA",2/16/2024 23:54,4/27/2024
sabrinaart42,628-759-3826,NULL,FALSE,Sabrina,Wells,"2315 Mission St, Unit 30","San Francisco, CA",2/17/2024 7:06,NULL
AbigailV71,332-619-7438,NULL,FALSE,Abigail,Vargas,"507 Park Ave, Apt 30","New York, NY",2/18/2024 1:01,NULL
clara.santos,737-649-4103,NULL,FALSE,Clara,Santos,"2104 Barton Springs Rd, Apt 23","Austin, TX",2/18/2024 9:42,NULL
maliscot82,323-444-2108,malik77@proton.me,TRUE,Malik,Scott,776 N Fairfax Ave,"Los Angeles, CA",2/19/2024 8:17,2/19/2024
croth_alt,212-701-2101,celeste.roth.private@proton.me,TRUE,Celeste,Roth,"15 Central Park W, Apt 38B","New York, NY",2/19/2024 11:00,5/21/2024
chloeart14,425-445-3232,chloe90@icloud.com,TRUE,Chloe,Ng,"526 Western Ave, Apt 37","Seattle, WA",2/19/2024 19:51,3/7/2024
eva_elli,771-712-6859,eva_ellis@yahoo.com,TRUE,Eva,Ellis,"1165 Massachusetts Ave NW, Apt 8","Washington, DC",2/22/2024 18:20,5/26/2024
julia.howell,771-291-8798,julia88@gmail.com,TRUE,Julia,Howell,681 14th St NW,"Washington, DC",2/23/2024 0:28,3/26/2024
gracalva13,619-400-3498,graalvar82@icloud.com,TRUE,Grace,Alvarez,1274 University Ave,"San Diego, CA",2/23/2024 13:12,5/20/2024
sofiainvests,424-815-8487,sofia60@hotmail.com,TRUE,Sofia,Hassan,"1278 Melrose Ave, Unit 10","Los Angeles, CA",2/24/2024 10:31,5/26/2024
pmartinez,872-814-3534,paola_martinez@outlook.com,TRUE,Paola,Martinez,"568 N Michigan Ave, Apt 44","Chicago, IL",2/24/2024 10:39,2/24/2024
isaagree59,972-574-7495,isaac_green@outlook.com,TRUE,Isaac,Green,"2042 Ross Ave, Apt 20","Dallas, TX",2/25/2024 1:53,2/25/2024
pri_trades,NULL,priya.diaz@proton.me,TRUE,Priya,Diaz,"782 Lexington Ave, Apt 46","New York, NY",2/26/2024 2:04,3/5/2024
damian.cho,212-757-7299,damian_cho@gmail.com,TRUE,Damian,Cho,"83 Park Ave, Unit 24","New York, NY",2/27/2024 7:33,5/15/2024
mwexler_alt,310-702-2102,malcolm.wexler.private@proton.me,TRUE,Malcolm,Wexler,926 N Alpine Dr,"Los Angeles, CA",2/28/2024 12:00,5/22/2024
adriana_alva,215-646-7287,adriana_alvarez@icloud.com,TRUE,Adriana,Alvarez,"2362 Spruce St, Unit 14","Philadelphia, PA",3/2/2024 9:58,3/15/2024
adrianaart45,346-812-7604,adrnorri99@outlook.com,TRUE,Adriana,Norris,"2068 Kirby Dr, Unit 11","Houston, TX",3/3/2024 0:09,5/18/2024
lyoon,323-559-6263,lorenzo.yoon@hotmail.com,TRUE,Lorenzo,Yoon,133 S Grand Ave,"Los Angeles, CA",3/3/2024 5:59,3/26/2024
yasmin22,628-562-2194,yasmin16@icloud.com,TRUE,Yasmin,Patel,823 Mission St,"San Francisco, CA",3/3/2024 8:17,3/25/2024
dkim,763-288-5182,dkim@hotmail.com,TRUE,Daphne,Kim,2117 Nicollet Mall,"Minneapolis, MN",3/3/2024 17:31,3/4/2024
reesbake91,323-845-3694,reese41@gmail.com,TRUE,Reese,Baker,"270 N Fairfax Ave, Apt 32","Los Angeles, CA",3/4/2024 18:04,3/4/2024
daphne.franklin,202-277-3403,dapfrank55@outlook.com,TRUE,Daphne,Franklin,"2398 K St NW, Apt 45","Washington, DC",3/4/2024 19:39,4/24/2024
eleanorholdings1,214-753-4982,eleanor_lane@proton.me,TRUE,Eleanor,Lane,1370 Main St,"Dallas, TX",3/5/2024 2:41,4/9/2024
mira61,771-881-9767,mirturne74@gmail.com,FALSE,Mira,Turner,1036 Massachusetts Ave NW,"Washington, DC",3/5/2024 15:42,3/5/2024
lcho,917-703-8211,lorcho76@hotmail.com,FALSE,Lorenzo,Cho,2186 Park Ave,"New York, NY",3/5/2024 21:58,NULL
seleneholdings5,214-211-9921,spark@hotmail.com,FALSE,Selene,Park,306 Ross Ave,"Dallas, TX",3/7/2024 0:38,3/7/2024
vcross_alt,415-703-2103,vivienne.cross.private@proton.me,TRUE,Vivienne,Cross,2898 Broadway,"San Francisco, CA",3/8/2024 13:00,5/23/2024
clara_alva,669-497-8888,clara.alvarez@gmail.com,TRUE,Clara,Alvarez,1949 N 1st St,"San Jose, CA",3/9/2024 17:02,5/25/2024
isaashah29,424-474-8029,isaac.shah@outlook.com,FALSE,Isaac,Shah,"1078 S Grand Ave, Apt 29","Los Angeles, CA",3/11/2024 2:32,3/11/2024
jlewis,619-797-7070,jorlewis39@icloud.com,TRUE,Jordan,Lewis,"458 Harbor Dr, Apt 10","San Diego, CA",3/11/2024 7:17,3/20/2024
hanadiaz80,786-847-6425,handiaz96@hotmail.com,FALSE,Hana,Diaz,"114 Biscayne Blvd, Apt 19","Miami, FL",3/12/2024 1:44,NULL
ani_trades,212-721-6591,anika_klein@outlook.com,TRUE,Anika,Klein,2333 Park Ave,"New York, NY",3/13/2024 1:28,5/19/2024
santiagoholdings6,213-899-8430,santiago_bell@hotmail.com,FALSE,Santiago,Bell,1166 Melrose Ave,"Los Angeles, CA",3/13/2024 7:01,NULL
gedwards,972-448-3825,georgia.edwards@hotmail.com,FALSE,Georgia,Edwards,624 McKinney Ave,"Dallas, TX",3/14/2024 16:07,3/14/2024
mzimmerman,312-659-6539,maya_zimmerman@hotmail.com,TRUE,Maya,Zimmerman,1014 S State St,"Chicago, IL",3/15/2024 4:38,5/14/2024
rohan82,646-810-9944,rjensen@proton.me,TRUE,Rohan,Jensen,"307 E 72nd St, Unit 8","New York, NY",3/15/2024 16:30,3/15/2024
vivianart20,773-275-3736,vivian75@icloud.com,TRUE,Vivian,Ellis,"1450 W Lake St, Apt 36","Chicago, IL",3/16/2024 2:44,5/14/2024
EvaL3,212-611-5886,eva_lam@yahoo.com,TRUE,Eva,Lam,1793 W 57th St,"New York, NY",3/16/2024 11:18,3/16/2024
maya.lopez,202-887-3642,maya84@icloud.com,TRUE,Maya,Lopez,"1209 K St NW, Apt 31","Washington, DC",3/16/2024 14:56,4/1/2024
luciyoon66,404-652-2078,lucia_yoon@icloud.com,FALSE,Lucia,Yoon,"1262 West Paces Ferry Rd, Apt 21","Atlanta, GA",3/17/2024 17:22,3/17/2024
carmknig69,771-380-1725,carmen39@icloud.com,TRUE,Carmen,Knight,"2114 Connecticut Ave NW, Apt 11","Washington, DC",3/19/2024 19:58,3/21/2024
anorris,415-560-9746,alice.norris@hotmail.com,TRUE,Alice,Norris,1956 Mission St,"San Francisco, CA",3/19/2024 23:50,4/10/2024
isabelart9,NULL,iellis@gmail.com,TRUE,Isabel,Ellis,"1481 Chestnut St, Apt 40","Philadelphia, PA",3/22/2024 7:13,3/22/2024
chl_trades,628-240-4226,chloe.zimmerman@proton.me,TRUE,Chloe,Zimmerman,"767 California St, Apt 24","San Francisco, CA",3/22/2024 17:03,5/25/2024
maya96,214-490-9321,maya83@yahoo.com,TRUE,Maya,Zhang,"881 McKinney Ave, Apt 25","Dallas, TX",3/23/2024 3:34,4/22/2024
julia.owens,415-693-2403,julia92@icloud.com,TRUE,Julia,Owens,NULL,"San Francisco, CA",3/23/2024 16:37,5/12/2024
akira.johnson,470-675-4455,akijohns55@outlook.com,TRUE,Akira,Johnson,"2349 Peachtree St NE, Apt 10","Atlanta, GA",3/24/2024 0:29,3/24/2024
grace_choi,857-328-8771,gchoi@hotmail.com,TRUE,Grace,Choi,"190 Tremont St, Apt 3","Boston, MA",3/24/2024 20:19,4/10/2024
gabrielaart10,619-231-2192,gabriela.mitchell@hotmail.com,TRUE,Gabriela,Mitchell,"1656 Harbor Dr, Apt 24","San Diego, CA",3/25/2024 3:02,3/25/2024
elias.zimmerman,305-731-8880,ezimmerman@proton.me,TRUE,Elias,Zimmerman,"1676 Biscayne Blvd, Apt 24","Miami, FL",3/25/2024 9:54,4/17/2024
matevega47,323-439-9664,mvega@proton.me,TRUE,Mateo,Vega,350 Melrose Ave,"Los Angeles, CA",3/26/2024 20:06,5/12/2024
harperholdings2,214-448-6104,harliu44@hotmail.com,TRUE,Harper,Liu,"1325 Main St, Unit 28","Dallas, TX",3/26/2024 20:06,5/25/2024
HarperZ66,617-248-2137,hzimmerman@gmail.com,TRUE,Harper,Zimmerman,792 Newbury St,"Boston, MA",3/29/2024 15:34,3/30/2024
benjamin38,771-296-3099,benjamin45@hotmail.com,TRUE,Benjamin,Green,324 Connecticut Ave NW,"Washington, DC",4/1/2024 17:25,4/1/2024
chloe.lewis,917-220-8887,clewis@hotmail.com,TRUE,Chloe,Lewis,"385 W 57th St, Apt 25","New York, NY",4/2/2024 15:12,5/11/2024
jordan.bishop,404-332-9660,jbishop@gmail.com,TRUE,Jordan,Bishop,"1025 West Paces Ferry Rd, Apt 39","Atlanta, GA",4/4/2024 13:35,5/12/2024
miraholdings9,310-466-1331,mira85@yahoo.com,TRUE,Mira,Klein,"919 Wilshire Blvd, Unit 9","Los Angeles, CA",4/4/2024 22:32,4/4/2024
MalikM23,646-335-9681,malmason89@hotmail.com,TRUE,Malik,Mason,"1106 Lexington Ave, Unit 25","New York, NY",4/6/2024 5:47,5/3/2024
camilaholdings9,425-574-3979,camila.cho@icloud.com,FALSE,Camila,Cho,"436 Pine St, Unit 30","Seattle, WA",4/9/2024 6:29,4/9/2024
ree_trades,470-791-1936,reediaz42@hotmail.com,TRUE,Reese,Diaz,2029 Peachtree St NE,"Atlanta, GA",4/9/2024 18:48,4/10/2024
rafael25,628-416-8664,rbishop@proton.me,TRUE,Rafael,Bishop,"1093 Pacific Ave, Apt 21","San Francisco, CA",4/9/2024 22:27,4/9/2024
alexis94,857-560-4983,alexis.desai@icloud.com,TRUE,Alexis,Desai,1553 Commonwealth Ave,"Boston, MA",4/11/2024 2:27,4/28/2024
rvega,310-749-8865,rvega@proton.me,TRUE,Rafael,Vega,"2027 S Grand Ave, Apt 35","Los Angeles, CA",4/11/2024 5:13,4/16/2024
chloe.santos,737-860-1111,chloe_santos@hotmail.com,TRUE,Chloe,Santos,"1387 Guadalupe St, Apt 32","Austin, TX",4/11/2024 8:41,5/2/2024
caleingr45,415-413-4364,caleb_ingram@yahoo.com,TRUE,Caleb,Ingram,"364 California St, Apt 47","San Francisco, CA",4/12/2024 17:44,5/16/2024
juliainvests,206-653-3989,julia.ross@proton.me,TRUE,Julia,Ross,"1819 Western Ave, Apt 16","Seattle, WA",4/14/2024 6:12,5/24/2024
camilaholdings8,206-310-9982,camila.zimmerman@hotmail.com,TRUE,Camila,Zimmerman,1479 Western Ave,"Seattle, WA",4/16/2024 13:05,5/12/2024
FarahN89,212-545-1114,fnguyen@icloud.com,TRUE,Farah,Nguyen,735 Lexington Ave,"New York, NY",4/16/2024 17:30,4/18/2024
lila36,424-333-6625,lilwells70@proton.me,TRUE,Lila,Wells,"1793 Sunset Blvd, Apt 15","Los Angeles, CA",4/17/2024 4:08,4/17/2024
EvaI28,310-262-9697,eva3@proton.me,TRUE,Eva,Ito,408 Wilshire Blvd,"Los Angeles, CA",4/17/2024 20:52,4/23/2024
NiaK59,213-332-7087,nia.kim@proton.me,TRUE,Nia,Kim,"359 S Grand Ave, Apt 19","Los Angeles, CA",4/18/2024 5:04,5/23/2024
julia_camp,917-864-1426,jcampbell@icloud.com,TRUE,Julia,Campbell,"543 Park Ave, Apt 17","New York, NY",4/18/2024 13:29,5/25/2024
BeatriceA31,404-516-6502,beaadams65@icloud.com,TRUE,Beatrice,Adams,1763 West Paces Ferry Rd,"Atlanta, GA",4/18/2024 16:26,4/19/2024
NathanD29,617-404-2113,nathan_davis@gmail.com,FALSE,Nathan,Davis,539 Tremont St,"Boston, MA",4/19/2024 8:31,NULL
ele_trades,512-640-1436,elemorga44@outlook.com,TRUE,Elena,Morgan,"1615 Guadalupe St, Apt 19","Austin, TX",4/19/2024 11:00,5/16/2024
alejfran18,628-536-6207,alejandro_franklin@yahoo.com,TRUE,Alejandro,Franklin,"2077 Howard St, Apt 28","San Francisco, CA",4/19/2024 17:55,5/14/2024
arianaholdings8,332-700-8976,ariana.vargas@proton.me,TRUE,Ariana,Vargas,2059 Lexington Ave,"New York, NY",4/19/2024 23:50,4/22/2024
NoelleO90,305-569-6046,nolsen@hotmail.com,TRUE,Noelle,Olsen,2230 NE 2nd Ave,"Miami, FL",4/21/2024 0:04,5/19/2024
beatriceholdings4,310-622-6935,bmartin@proton.me,TRUE,Beatrice,Martin,467 S Grand Ave,"Los Angeles, CA",4/21/2024 0:45,4/21/2024
yasmnorr41,628-353-8511,ynorris@proton.me,TRUE,Yasmin,Norris,"2320 Howard St, Apt 2","San Francisco, CA",4/21/2024 1:08,5/4/2024
BeatriceE32,650-868-5143,beaellis63@outlook.com,TRUE,Beatrice,Ellis,"2380 University Ave, Apt 33","Palo Alto, CA",4/21/2024 1:21,4/22/2024
cmartinez,415-408-8154,clara.martinez@icloud.com,TRUE,Clara,Martinez,934 Mission St,"San Francisco, CA",4/21/2024 1:43,4/21/2024
omar32,212-337-5339,oscott@hotmail.com,TRUE,Omar,Scott,537 Broadway,"New York, NY",4/21/2024 2:25,4/21/2024
lila.klein,786-305-9254,lklein@yahoo.com,TRUE,Lila,Klein,"1644 Biscayne Blvd, Apt 18","Miami, FL",4/21/2024 4:39,5/19/2024
NaomiN7,212-781-9283,naomi_nguyen@icloud.com,TRUE,Naomi,Nguyen,"1024 Broadway, Apt 21","New York, NY",4/21/2024 5:31,4/21/2024
augvan_hold1,646-730-3200,avane.assets1@outlook.com,TRUE,Augustus,Vane,"740 Park Ave, Penthouse 4","New York, NY",4/21/2024 8:20,5/27/2024
anthony42,628-540-3555,anthony.johnson@gmail.com,TRUE,Anthony,Johnson,"1309 Pacific Ave, Apt 33","San Francisco, CA",4/21/2024 8:47,4/21/2024
celrot_hold2,212-731-3201,croth.assets2@outlook.com,TRUE,Celeste,Roth,"15 Central Park W, Apt 38B","New York, NY",4/21/2024 9:07,5/27/2024
malwex_hold3,310-732-3202,mwexler.assets3@outlook.com,TRUE,Malcolm,Wexler,926 N Alpine Dr,"Los Angeles, CA",4/21/2024 9:54,5/27/2024
vivcro_hold4,415-733-3203,vcross.assets4@outlook.com,TRUE,Vivienne,Cross,2898 Broadway,"San Francisco, CA",4/21/2024 10:41,5/27/2024
ronash_hold5,312-734-3204,rashcroft.assets5@outlook.com,TRUE,Ronan,Ashcroft,"159 E Walton Pl, Apt 41A","Chicago, IL",4/21/2024 11:28,5/27/2024
helval_hold6,617-735-3205,hvale.assets6@outlook.com,TRUE,Helena,Vale,96 Beacon St,"Boston, MA",4/21/2024 12:15,5/27/2024
ReinaS92,857-874-7010,reina.stone@gmail.com,TRUE,Reina,Stone,"248 Commonwealth Ave, Unit 16","Boston, MA",4/21/2024 12:57,5/22/2024
yasmin18,470-360-9560,yasmin.howard@outlook.com,FALSE,Yasmin,Howard,179 Ponce de Leon Ave NE,"Atlanta, GA",4/21/2024 13:14,4/21/2024
alexis_ross,425-477-1001,alexis_ross@hotmail.com,TRUE,Alexis,Ross,"1034 Queen Anne Ave N, Apt 2","Seattle, WA",4/21/2024 13:21,5/18/2024
lanaart5,972-227-9982,lanvarga81@gmail.com,FALSE,Lana,Vargas,582 Ross Ave,"Dallas, TX",4/21/2024 14:11,4/21/2024
nora8,305-380-3143,nora71@proton.me,FALSE,Nora,Owens,"2301 Brickell Ave, Apt 8","Miami, FL",4/21/2024 23:45,NULL
carmeninvests,NULL,carmen_ross@gmail.com,TRUE,Carmen,Ross,"1870 Park Ave, Apt 8","New York, NY",4/22/2024 1:03,5/11/2024
jordanholdings5,858-458-8495,jordan_adams@outlook.com,TRUE,Jordan,Adams,"1080 5th Ave, Apt 3","San Diego, CA",4/22/2024 1:08,4/28/2024
eva93,628-481-8710,eva14@yahoo.com,TRUE,Eva,Park,1403 California St,"San Francisco, CA",4/22/2024 9:01,5/22/2024
vivimill19,305-866-9236,vivian.miller@proton.me,TRUE,Vivian,Miller,1474 Biscayne Blvd,"Miami, FL",4/22/2024 15:05,5/23/2024
aiden_sull,771-543-8925,aiden58@hotmail.com,TRUE,Aiden,Sullivan,"1918 Connecticut Ave NW, Apt 21","Washington, DC",4/22/2024 21:58,5/11/2024
elena.bennett,332-219-2784,elena_bennett@yahoo.com,TRUE,Elena,Bennett,"2169 W 57th St, Apt 36","New York, NY",4/23/2024 0:45,4/23/2024
naomshah84,617-222-4232,naomi55@yahoo.com,FALSE,Naomi,Shah,"2007 Commonwealth Ave, Apt 40","Boston, MA",4/23/2024 1:01,NULL
bianyoon62,678-666-3181,bianca_yoon@outlook.com,TRUE,Bianca,Yoon,2030 Peachtree St NE,"Atlanta, GA",4/23/2024 2:36,4/23/2024
del_trades,425-752-7090,dscott@gmail.com,TRUE,Delilah,Scott,"331 Queen Anne Ave N, Apt 4","Seattle, WA",4/23/2024 3:58,4/23/2024
peteirwi20,972-462-3233,petirwin12@gmail.com,FALSE,Peter,Irwin,"2093 McKinney Ave, Apt 31","Dallas, TX",4/23/2024 7:07,NULL
theo_kinc2,206-760-4300,theodore.kincaid.holdings2@gmail.com,TRUE,Theodore,Kincaid,"2033 1st Ave, Penthouse 2","Seattle, WA",4/23/2024 9:10,5/27/2024
celi_ster3,305-761-4301,celia.sterling.holdings3@gmail.com,TRUE,Celia,Sterling,"1000 Brickell Plaza, Apt 5201","Miami, FL",4/23/2024 11:10,5/27/2024
peter98,212-615-9332,peter.ortiz@yahoo.com,TRUE,Peter,Ortiz,2447 Hudson St,"New York, NY",4/23/2024 15:36,5/27/2024
yaraholdings1,720-705-2784,yara89@proton.me,TRUE,Yara,Irwin,458 Blake St,"Denver, CO",4/23/2024 18:44,4/23/2024
julia9,617-592-5477,julito70@hotmail.com,TRUE,Julia,Ito,"1704 Beacon St, Apt 26","Boston, MA",4/23/2024 20:01,4/23/2024
dturner,786-564-5944,daphne_turner@outlook.com,TRUE,Daphne,Turner,"355 Biscayne Blvd, Apt 43","Miami, FL",4/23/2024 22:39,5/13/2024
seleneart45,470-274-6982,selene_vargas@proton.me,TRUE,Selene,Vargas,"819 West Paces Ferry Rd, Apt 12","Atlanta, GA",4/24/2024 0:42,4/24/2024
theoholdings1,669-378-3299,theo52@outlook.com,TRUE,Theo,Hayes,2297 Santana Row,"San Jose, CA",4/24/2024 8:52,5/21/2024
benjamin_mart,212-575-7524,benjamin.martinez@hotmail.com,TRUE,Benjamin,Martinez,1300 Lexington Ave,"New York, NY",4/24/2024 11:31,4/24/2024
gran_merc4,202-762-4302,grant.mercer.holdings4@gmail.com,TRUE,Grant,Mercer,2121 Massachusetts Ave NW,"Washington, DC",4/24/2024 13:10,5/27/2024
nadi_whit5,512-763-4303,nadia.whitmore.holdings5@gmail.com,TRUE,Nadia,Whitmore,"98 Red River St, Penthouse 7","Austin, TX",4/24/2024 15:10,5/27/2024
abigailart20,215-301-1837,asingh@gmail.com,TRUE,Abigail,Singh,840 Market St,"Philadelphia, PA",4/25/2024 13:08,5/11/2024
celineart39,202-470-6419,celine_edwards@gmail.com,FALSE,Celine,Edwards,755 K St NW,"Washington, DC",4/25/2024 16:50,NULL
osca_bexl6,214-764-4304,oscar.bexley.holdings6@gmail.com,TRUE,Oscar,Bexley,"2555 N Pearl St, Apt 3101","Dallas, TX",4/25/2024 17:10,5/27/2024
elea_rook7,713-765-4305,eleanor.rook.holdings7@gmail.com,TRUE,Eleanor,Rook,"2727 Kirby Dr, Apt 28E","Houston, TX",4/25/2024 19:10,5/27/2024
rohan_scot,971-776-7561,rscott@yahoo.com,TRUE,Rohan,Scott,"945 NW Everett St, Apt 22","Portland, OR",4/26/2024 6:24,4/26/2024
TheoL88,857-720-9857,thelam54@gmail.com,TRUE,Theo,Lam,"892 Beacon St, Apt 32","Boston, MA",4/27/2024 12:32,4/28/2024
georgia97,415-756-7731,georgia_lane@hotmail.com,TRUE,Georgia,Lane,"2474 California St, Unit 18","San Francisco, CA",4/27/2024 13:42,5/24/2024
gracsull73,512-267-6980,grasulli32@icloud.com,TRUE,Grace,Sullivan,2026 Guadalupe St,"Austin, TX",4/27/2024 14:55,4/28/2024
theo.cho,332-456-5130,theo.cho@outlook.com,TRUE,Theo,Cho,"2340 Hudson St, Apt 44","New York, NY",4/28/2024 0:09,5/21/2024
irisrome57,872-767-4103,iromero@gmail.com,FALSE,Iris,Romero,"735 N Michigan Ave, Apt 43","Chicago, IL",5/2/2024 0:06,NULL
zoe_trades,323-687-8256,zalvarez@hotmail.com,TRUE,Zoe,Alvarez,1531 N Fairfax Ave,"Los Angeles, CA",5/2/2024 6:20,5/19/2024
gmercer_family1,202-790-5400,gmercer.office1@icloud.com,TRUE,Grant,Mercer,2121 Massachusetts Ave NW,"Washington, DC",5/2/2024 7:45,5/27/2024
nwhitmore_family2,512-791-5401,nwhitmore.office2@icloud.com,TRUE,Nadia,Whitmore,"98 Red River St, Penthouse 7","Austin, TX",5/2/2024 10:45,5/27/2024
maya20,305-790-5502,maya.norris@outlook.com,TRUE,Maya,Norris,"1579 Brickell Ave, Unit 12","Miami, FL",5/2/2024 12:58,5/2/2024
gferguson,857-745-6704,gianna_ferguson@icloud.com,TRUE,Gianna,Ferguson,"428 Newbury St, Apt 12","Boston, MA",5/2/2024 15:07,5/11/2024
SabrinaD49,425-388-1149,sabrina_desai@gmail.com,TRUE,Sabrina,Desai,"2086 Queen Anne Ave N, Apt 25","Seattle, WA",5/2/2024 16:19,5/27/2024
omarinvests,917-787-9771,omar45@hotmail.com,TRUE,Omar,White,"358 Lexington Ave, Apt 36","New York, NY",5/2/2024 18:46,5/13/2024
gianna_tran,646-308-5414,gianna.tran@gmail.com,TRUE,Gianna,Tran,"2308 Hudson St, Unit 2","New York, NY",5/2/2024 20:38,5/4/2024
claraholdings7,206-222-6933,cmorris@yahoo.com,TRUE,Clara,Morris,"830 Pine St, Apt 17","Seattle, WA",5/3/2024 5:40,5/3/2024
hugoholdings6,872-331-3776,hugo_dubois@proton.me,TRUE,Hugo,Dubois,"825 W Lake St, Unit 5","Chicago, IL",5/3/2024 6:30,5/3/2024
obexley_family3,214-792-5402,obexley.office3@icloud.com,TRUE,Oscar,Bexley,"2555 N Pearl St, Apt 3101","Dallas, TX",5/3/2024 13:45,5/27/2024
erook_family4,713-793-5403,erook.office4@icloud.com,TRUE,Eleanor,Rook,"2727 Kirby Dr, Apt 28E","Houston, TX",5/3/2024 16:45,5/27/2024
naomi7,763-573-6862,naosaito76@gmail.com,FALSE,Naomi,Saito,"1091 Hennepin Ave, Apt 16","Minneapolis, MN",5/4/2024 7:32,NULL
dhale_family5,404-794-5404,dhale.office5@icloud.com,TRUE,Dominic,Hale,"88 W Paces Ferry Rd NW, Apt 2630","Atlanta, GA",5/4/2024 19:45,5/27/2024
gianna.ito,646-858-8881,gianna_ito@outlook.com,TRUE,Gianna,Ito,1073 Hudson St,"New York, NY",5/4/2024 21:01,5/11/2024
psethi_family6,215-795-5405,psethi.office6@icloud.com,TRUE,Priya,Sethi,"210 W Rittenhouse Sq, Apt 3202","Philadelphia, PA",5/4/2024 22:45,5/27/2024
aideorti70,212-804-7371,aiden18@outlook.com,TRUE,Aiden,Ortiz,2259 Broadway,"New York, NY",5/5/2024 0:06,5/16/2024
parker58,415-879-3475,parker22@yahoo.com,TRUE,Parker,Brooks,737 Folsom St,"San Francisco, CA",5/5/2024 19:24,5/15/2024
ethaklei67,424-595-8166,ethklein36@yahoo.com,TRUE,Ethan,Klein,"2199 N Fairfax Ave, Apt 36","Los Angeles, CA",5/6/2024 4:57,5/8/2024
eleanorholdings2,267-733-1159,eleanor.johnson@yahoo.com,FALSE,Eleanor,Johnson,"2082 Walnut St, Apt 32","Philadelphia, PA",5/11/2024 6:47,NULL
augvane7,646-820-6100,avane.account1@gmail.com,TRUE,Augustus,Vane,"740 Park Ave, Penthouse 4","New York, NY",5/11/2024 7:15,5/27/2024
cel_trades,281-827-2901,celine.scott@hotmail.com,TRUE,Celine,Scott,"2018 San Felipe St, Apt 10","Houston, TX",5/11/2024 7:15,5/12/2024
vanecapital2,646-820-6101,avane.account2@outlook.com,TRUE,Augustus,Vane,"740 Park Ave, Penthouse 4","New York, NY",5/11/2024 7:19,5/27/2024
avane_new3,646-820-6102,avane.account3@proton.me,FALSE,Augustus,Vane,"740 Park Ave, Penthouse 4","New York, NY",5/11/2024 7:23,5/27/2024
augustus_collector4,646-820-6103,avane.account4@icloud.com,FALSE,A,Vane,"740 Park Ave, Penthouse 4","New York, NY",5/11/2024 7:27,5/27/2024
celroth7,212-821-6110,croth.account1@gmail.com,TRUE,Celeste,Roth,"15 Central Park W, Apt 38B","New York, NY",5/11/2024 7:33,5/27/2024
rothcapital2,212-821-6111,croth.account2@outlook.com,TRUE,Celeste,Roth,"15 Central Park W, Apt 38B","New York, NY",5/11/2024 7:37,5/27/2024
croth_new3,212-821-6112,croth.account3@proton.me,FALSE,Celeste,Roth,"15 Central Park W, Apt 38B","New York, NY",5/11/2024 7:41,5/27/2024
celeste_collector4,212-821-6113,croth.account4@icloud.com,FALSE,C,Roth,"15 Central Park W, Apt 38B","New York, NY",5/11/2024 7:45,5/27/2024
malwexler7,310-822-6120,mwexler.account1@gmail.com,TRUE,Malcolm,Wexler,926 N Alpine Dr,"Los Angeles, CA",5/11/2024 7:51,5/27/2024
wexlercapital2,310-822-6121,mwexler.account2@outlook.com,TRUE,Malcolm,Wexler,926 N Alpine Dr,"Los Angeles, CA",5/11/2024 7:55,5/27/2024
mwexler_new3,310-822-6122,mwexler.account3@proton.me,FALSE,Malcolm,Wexler,926 N Alpine Dr,"Los Angeles, CA",5/11/2024 7:59,5/27/2024
malcolm_collector4,310-822-6123,mwexler.account4@icloud.com,FALSE,M,Wexler,926 N Alpine Dr,"Los Angeles, CA",5/11/2024 8:03,5/27/2024
vivcross7,415-823-6130,vcross.account1@gmail.com,TRUE,Vivienne,Cross,2898 Broadway,"San Francisco, CA",5/11/2024 8:09,5/27/2024
crosscapital2,415-823-6131,vcross.account2@outlook.com,TRUE,Vivienne,Cross,2898 Broadway,"San Francisco, CA",5/11/2024 8:13,5/27/2024
vcross_new3,415-823-6132,vcross.account3@proton.me,FALSE,Vivienne,Cross,2898 Broadway,"San Francisco, CA",5/11/2024 8:17,5/27/2024
RohanV37,612-323-2284,rohan.vega@yahoo.com,TRUE,Rohan,Vega,1810 Nicollet Mall,"Minneapolis, MN",5/11/2024 8:19,5/11/2024
vivienne_collector4,415-823-6133,vcross.account4@icloud.com,FALSE,V,Cross,2898 Broadway,"San Francisco, CA",5/11/2024 8:21,5/27/2024
selene78,305-827-9477,seljohns92@outlook.com,TRUE,NULL,Johnson,"1733 Biscayne Blvd, Apt 31","Miami, FL",5/11/2024 8:27,5/11/2024
ronashcroft7,312-824-6140,rashcroft.account1@gmail.com,TRUE,Ronan,Ashcroft,"159 E Walton Pl, Apt 41A","Chicago, IL",5/11/2024 8:27,5/27/2024
ashcroftcapital2,312-824-6141,rashcroft.account2@outlook.com,TRUE,Ronan,Ashcroft,"159 E Walton Pl, Apt 41A","Chicago, IL",5/11/2024 8:31,5/27/2024
rashcroft_new3,312-824-6142,rashcroft.account3@proton.me,FALSE,Ronan,Ashcroft,"159 E Walton Pl, Apt 41A","Chicago, IL",5/11/2024 8:35,5/27/2024
ronan_collector4,312-824-6143,rashcroft.account4@icloud.com,FALSE,R,Ashcroft,"159 E Walton Pl, Apt 41A","Chicago, IL",5/11/2024 8:39,5/27/2024
helvale7,617-825-6150,hvale.account1@gmail.com,TRUE,Helena,Vale,96 Beacon St,"Boston, MA",5/11/2024 8:45,5/27/2024
valecapital2,617-825-6151,hvale.account2@outlook.com,TRUE,Helena,Vale,96 Beacon St,"Boston, MA",5/11/2024 8:49,5/27/2024
hvale_new3,617-825-6152,hvale.account3@proton.me,FALSE,Helena,Vale,96 Beacon St,"Boston, MA",5/11/2024 8:53,5/27/2024
helena_collector4,617-825-6153,hvale.account4@icloud.com,FALSE,H,Vale,96 Beacon St,"Boston, MA",5/11/2024 8:57,5/27/2024
IsaacG12,646-329-5998,isaac36@icloud.com,TRUE,Isaac,Gomez,"2447 Broadway, Apt 41","New York, NY",5/11/2024 9:39,5/13/2024
gra_trades,212-363-6628,grawilli90@proton.me,TRUE,Grace,Williams,1272 Hudson St,"New York, NY",5/11/2024 11:07,5/14/2024
noraart48,303-664-2263,nora_edwards@gmail.com,TRUE,Nora,Edwards,"1652 Blake St, Apt 23","Denver, CO",5/11/2024 11:47,5/13/2024
reese.kapoor,872-340-9184,reese44@proton.me,FALSE,Reese,Kapoor,527 S State St,"Chicago, IL",5/11/2024 11:49,NULL
anikaart23,470-236-3005,anika_choi@proton.me,TRUE,Anika,Choi,1914 Peachtree St NE,"Atlanta, GA",5/11/2024 13:36,5/14/2024
nathan58,213-525-2343,nathan_donovan@outlook.com,TRUE,Nathan,Donovan,1453 S Grand Ave,"Los Angeles, CA",5/11/2024 13:44,5/11/2024
gabrielart33,202-820-6333,gabthoma32@yahoo.com,FALSE,Gabriel,Thomas,2451 K St NW,"Washington, DC",5/11/2024 14:10,NULL
lana17,213-897-4722,lana.martin@outlook.com,TRUE,Lana,Martin,2038 Wilshire Blvd,"Los Angeles, CA",5/11/2024 14:54,5/12/2024
julia92,212-369-7662,jdonovan@yahoo.com,FALSE,Julia,Donovan,"1933 E 72nd St, Unit 4","New York, NY",5/11/2024 15:56,NULL
ari_cho,424-540-9960,ari71@proton.me,TRUE,Ari,Cho,"301 N Fairfax Ave, Unit 30","Los Angeles, CA",5/11/2024 16:01,5/12/2024
isabel.cho,650-405-1236,isabel_cho@outlook.com,FALSE,Isabel,Cho,1770 Hamilton Ave,"Palo Alto, CA",5/11/2024 16:13,5/13/2024
xavier37,713-778-9733,xavier.carter@icloud.com,FALSE,Xavier,Carter,2336 Kirby Dr,"Houston, TX",5/11/2024 17:32,NULL
parker.gomez,512-453-2355,pargomez22@yahoo.com,TRUE,Parker,Gomez,1744 Congress Ave,"Austin, TX",5/11/2024 17:39,5/13/2024
amarainvests,267-241-7270,amara_zhang@proton.me,FALSE,Amara,Zhang,772 Walnut St,"Philadelphia, PA",5/11/2024 18:09,NULL
mnovak,346-455-5721,maya.novak@yahoo.com,TRUE,Maya,Novak,"350 Main St, Apt 39","Houston, TX",5/11/2024 18:57,5/13/2024
ethanart57,425-580-5639,ethan.walker@hotmail.com,FALSE,Ethan,Walker,1773 Pine St,"Seattle, WA",5/11/2024 19:54,5/13/2024
calemart28,212-492-5395,NULL,FALSE,Caleb,Martin,1777 Hudson St,"New York, NY",5/11/2024 20:07,NULL
harperart29,857-897-1566,harper.brooks@gmail.com,TRUE,Harper,Brooks,1315 Tremont St,"Boston, MA",5/11/2024 20:46,5/12/2024
min_trades,628-473-1656,mtran@gmail.com,TRUE,Mina,Tran,86 Mission St,"San Francisco, CA",5/11/2024 21:13,5/14/2024
damian.williams,628-365-3124,damwilli44@gmail.com,FALSE,Damian,Williams,"812 Pacific Ave, Apt 46","San Francisco, CA",5/11/2024 23:41,5/14/2024
LorenzoR32,650-776-4834,lorenzo45@yahoo.com,TRUE,Lorenzo,Ramirez,"1096 Waverley St, Apt 43","Palo Alto, CA",5/11/2024 23:43,5/12/2024
jasper89,332-587-6878,jassanto47@hotmail.com,FALSE,Jasper,Santos,440 Park Ave,"New York, NY",5/11/2024 23:50,NULL
aideninvests,646-456-5288,aiden.hernandez@hotmail.com,TRUE,Aiden,Hernandez,693 E 72nd St,"New York, NY",5/12/2024 0:40,5/14/2024
khalil_broo,737-507-1124,khalil41@yahoo.com,TRUE,Khalil,Brooks,83 Guadalupe St,"Austin, TX",5/12/2024 2:41,5/13/2024
tessaholdings3,303-716-9572,tessa_kapoor@hotmail.com,TRUE,Tessa,Kapoor,"1315 Blake St, Apt 21","Denver, CO",5/12/2024 6:15,5/15/2024
geo_trades,512-389-2357,geolane85@outlook.com,FALSE,Georgia,Lane,"675 Congress Ave, Unit 10","Austin, TX",5/12/2024 6:30,NULL
gabriela85,332-474-9977,gabriela.price@icloud.com,TRUE,Gabriela,Price,705 Park Ave,"New York, NY",5/12/2024 7:34,5/12/2024
georgia_elli,646-506-8993,georgia_ellis@proton.me,TRUE,Georgia,Ellis,"2330 Lexington Ave, Unit 3","New York, NY",5/12/2024 12:13,5/12/2024
theo.hart,857-536-1962,thart@gmail.com,TRUE,Theo,Hart,261 Newbury St,"Boston, MA",5/12/2024 13:29,5/15/2024
samira_bish,305-605-4493,sbishop@outlook.com,FALSE,Samira,Bishop,1163 Brickell Ave,"Miami, FL",5/12/2024 14:04,NULL
delilahholdings1,305-743-3355,dkaur@proton.me,TRUE,Delilah,Kaur,1006 S Miami Ave,"Miami, FL",5/12/2024 16:22,5/15/2024
gab_trades,720-543-8313,gabriela_taylor@outlook.com,FALSE,Gabriela,Taylor,612 E Colfax Ave,"Denver, CO",5/12/2024 16:29,NULL
jordan.jacobs,469-415-6480,jordan47@yahoo.com,TRUE,Jordan,Jacobs,"1549 Ross Ave, Apt 43","Dallas, TX",5/12/2024 17:46,5/13/2024
trivera,323-670-2145,theo.rivera@outlook.com,TRUE,Theo,Rivera,"1362 N Fairfax Ave, Apt 41","Los Angeles, CA",5/12/2024 18:16,5/15/2024
car_trades,408-452-5479,carmen_scott@proton.me,TRUE,Carmen,Scott,96 Santana Row,"San Jose, CA",5/12/2024 19:49,5/15/2024
isaacart32,214-757-3362,isalopez89@outlook.com,TRUE,Isaac,Lopez,1106 Ross Ave,"Dallas, TX",5/12/2024 20:11,5/13/2024
quinnholdings4,424-869-5565,quinn31@proton.me,TRUE,Quinn,Quinn,"2355 S Grand Ave, Apt 37","Los Angeles, CA",5/12/2024 22:19,5/15/2024
dahlvald19,310-224-2902,NULL,FALSE,Dahlia,Valdez,"1222 Wilshire Blvd, Apt 15","Los Angeles, CA",5/12/2024 22:41,NULL
eliseart1,646-697-6067,elise.walker@hotmail.com,TRUE,Elise,Walker,1197 Hudson St,"New York, NY",5/12/2024 22:53,5/14/2024
valentina_kaur,323-744-5263,vkaur@icloud.com,TRUE,Valentina,Kaur,502 N Fairfax Ave,"Los Angeles, CA",5/12/2024 23:06,5/15/2024
coleholdings4,404-351-4637,colcarte65@icloud.com,TRUE,Cole,Carter,"1519 Peachtree St NE, Unit 10","Atlanta, GA",5/13/2024 0:01,5/13/2024
gabriela9,678-423-5489,gabriela91@hotmail.com,TRUE,Gabriela,Jenkins,"1198 Peachtree St NE, Apt 13","Atlanta, GA",5/13/2024 0:55,5/13/2024
reinainvests,917-220-5036,reina.williams@hotmail.com,FALSE,Reina,Williams,1736 Lexington Ave,"New York, NY",5/13/2024 2:01,5/14/2024
leoxu99,332-648-2890,leo.xu@icloud.com,FALSE,Leo,Xu,2396 Park Ave,"New York, NY",5/13/2024 4:20,NULL
danielinvests,425-468-7200,daniel.wells@yahoo.com,TRUE,Daniel,Wells,1545 Western Ave,"Seattle, WA",5/13/2024 5:48,5/16/2024
peter.valdez,512-677-6851,pvaldez@proton.me,TRUE,Peter,Valdez,"2426 Guadalupe St, Unit 2","Austin, TX",5/13/2024 7:14,5/15/2024
rub_trades,415-603-5930,rubtaylo62@icloud.com,FALSE,Ruby,Taylor,518 Folsom St,"San Francisco, CA",5/13/2024 7:25,NULL
javier64,206-696-3207,javier76@outlook.com,FALSE,Javier,Estrada,1039 E Madison St,"Seattle, WA",5/13/2024 7:55,5/15/2024
graceholdings8,678-499-2261,gscott@hotmail.com,FALSE,Grace,Scott,515 West Paces Ferry Rd,"Atlanta, GA",5/13/2024 8:17,NULL
zoeart29,872-567-5598,zoe.miller@outlook.com,FALSE,Zoe,Miller,"1869 W Lake St, Unit 22","Chicago, IL",5/13/2024 11:02,NULL
blair22,213-521-2482,blabell81@outlook.com,FALSE,Blair,Bell,1685 Wilshire Blvd,"Los Angeles, CA",5/13/2024 11:23,NULL
sereflor67,646-255-5558,serflore57@yahoo.com,TRUE,Serena,Flores,1908 E 72nd St,"New York, NY",5/13/2024 13:13,5/16/2024
arthur16,512-214-8679,artrober58@yahoo.com,FALSE,Arthur,Roberts,"154 W 6th St, Unit 16","Austin, TX",5/13/2024 13:51,NULL
mkim,303-267-5322,mira64@icloud.com,FALSE,Mira,Kim,1870 Larimer St,"Denver, CO",5/13/2024 13:52,5/15/2024
leila18,415-804-9718,leireed47@yahoo.com,TRUE,Leila,Reed,"830 Folsom St, Unit 29","San Francisco, CA",5/13/2024 14:30,5/14/2024
aliceholdings6,323-347-5637,alice_lee@yahoo.com,TRUE,Alice,Lee,1617 N Fairfax Ave,"Los Angeles, CA",5/13/2024 15:06,5/15/2024
giannaholdings9,617-428-1902,giaadams42@hotmail.com,TRUE,Gianna,Adams,2008 Boylston St,"Boston, MA",5/13/2024 15:20,5/14/2024
rubyinvests,773-630-8405,ruby.martin@yahoo.com,FALSE,Ruby,Martin,601 N Michigan Ave,"Chicago, IL",5/13/2024 15:44,5/16/2024
nturner,786-470-9871,naomi.turner@hotmail.com,TRUE,Naomi,Turner,2026 Collins Ave,"Miami, FL",5/13/2024 16:23,5/15/2024
julia.sims,617-500-8976,julia.sims@yahoo.com,TRUE,Julia,Sims,935 Commonwealth Ave,"Boston, MA",5/13/2024 17:41,5/15/2024
jjordan,215-368-1712,jasper69@icloud.com,TRUE,Jasper,NULL,2441 Chestnut St,"Philadelphia, PA",5/13/2024 18:03,5/15/2024
gabrsant18,425-223-2677,gabriel6@icloud.com,TRUE,Gabriel,Santos,1507 Queen Anne Ave N,"Seattle, WA",5/13/2024 18:54,5/14/2024
farah.hart,786-270-8656,fhart@yahoo.com,FALSE,Farah,Hart,1013 Brickell Ave,"Miami, FL",5/13/2024 19:09,NULL
amarjord27,617-839-8178,amajorda63@gmail.com,TRUE,NULL,Jordan,"2321 Boylston St, Unit 30","Boston, MA",5/13/2024 20:49,5/14/2024
jonah64,737-215-3950,jonah.edwards@gmail.com,TRUE,Jonah,Edwards,"2117 Barton Springs Rd, Apt 9","Austin, TX",5/13/2024 21:49,5/16/2024
lorenzo18,917-764-2582,lorenzo_lopez@icloud.com,TRUE,Lorenzo,Lopez,"1946 Park Ave, Apt 41","New York, NY",5/13/2024 22:32,5/14/2024
minakim57,212-766-2842,mkim@outlook.com,TRUE,Mina,Kim,207 Broadway,"New York, NY",5/13/2024 23:42,5/16/2024
naombroo91,628-522-8649,naobrook88@yahoo.com,TRUE,Naomi,Brooks,167 Folsom St,"San Francisco, CA",5/14/2024 0:08,5/14/2024
amirart10,771-758-1366,amir.bishop@gmail.com,TRUE,Amir,Bishop,"1021 K St NW, Apt 3","Washington, DC",5/14/2024 1:37,5/14/2024
sof_trades,713-226-8914,sofia_irwin@outlook.com,TRUE,Sofia,Irwin,629 San Felipe St,"Houston, TX",5/14/2024 2:17,5/15/2024
iingram,415-276-4346,iingram@proton.me,TRUE,Isaac,Ingram,1593 Folsom St,"San Francisco, CA",5/14/2024 2:37,5/14/2024
aliceinvests,202-826-9418,ajensen@outlook.com,TRUE,Alice,Jensen,"2073 K St NW, Apt 7","Washington, DC",5/14/2024 2:57,5/15/2024
djohnson,469-753-5009,deljohns35@outlook.com,FALSE,Delilah,Johnson,NULL,"Dallas, TX",5/14/2024 3:49,NULL
mayaart33,206-577-5664,mayturne17@proton.me,FALSE,Maya,Turner,1040 1st Ave,"Seattle, WA",5/14/2024 5:00,NULL
AkiraK50,323-748-4766,akiklein20@proton.me,TRUE,Akira,Klein,"1914 Sunset Blvd, Apt 6","Los Angeles, CA",5/14/2024 5:40,5/16/2024
emiliaholdings1,646-321-6984,emilia_johnson@hotmail.com,TRUE,Emilia,Johnson,"2047 E 72nd St, Apt 28","New York, NY",5/14/2024 8:50,5/15/2024
naomi_whit,872-221-8346,naowhite84@outlook.com,TRUE,Naomi,White,963 W Lake St,"Chicago, IL",5/14/2024 9:07,5/17/2024
RubyV28,786-491-3509,ruby.valdez@proton.me,TRUE,Ruby,Valdez,"1849 Brickell Ave, Unit 10","Miami, FL",5/14/2024 10:15,5/15/2024
giannaart46,619-798-1551,gianna_bell@yahoo.com,TRUE,Gianna,Bell,"83 University Ave, Apt 3","San Diego, CA",5/14/2024 11:41,5/15/2024
rcarter,415-415-3427,ruby_carter@gmail.com,TRUE,Ruby,Carter,"2130 Folsom St, Apt 7","San Francisco, CA",5/14/2024 11:53,5/16/2024
EmiliaH23,NULL,emilia41@gmail.com,TRUE,Emilia,Hernandez,437 Sunset Blvd,"Los Angeles, CA",5/14/2024 13:01,5/17/2024
beatcamp92,213-611-5625,bcampbell@outlook.com,TRUE,Beatrice,Campbell,"2334 Sunset Blvd, Apt 10","Los Angeles, CA",5/14/2024 13:32,5/16/2024
camila86,720-678-5915,camila_klein@outlook.com,TRUE,Camila,Klein,"575 E Colfax Ave, Unit 31","Denver, CO",5/14/2024 16:14,5/17/2024
lanafran14,312-593-7059,lana71@outlook.com,FALSE,Lana,Franklin,1605 N Clark St,"Chicago, IL",5/14/2024 17:02,5/15/2024
paola_benn,212-280-2786,paola.bennett@icloud.com,FALSE,Paola,Bennett,"975 Park Ave, Apt 35","New York, NY",5/14/2024 17:03,NULL
rohan60,972-777-9073,rortiz@hotmail.com,TRUE,Rohan,Ortiz,"589 McKinney Ave, Apt 14","Dallas, TX",5/14/2024 19:36,5/15/2024
carmjaco57,415-820-8237,carmen.jacobs@gmail.com,TRUE,Carmen,Jacobs,"1535 Mission St, Apt 23","San Francisco, CA",5/14/2024 20:13,5/17/2024
rafaelholdings5,408-446-1760,rafsulli29@yahoo.com,TRUE,Rafael,Sullivan,1105 N 1st St,"San Jose, CA",5/14/2024 20:51,5/15/2024
kei_trades,305-739-7312,keira_diaz@gmail.com,TRUE,Keira,Diaz,"1559 Collins Ave, Apt 20","Miami, FL",5/14/2024 21:07,5/16/2024
anthferg17,415-515-1822,aferguson@icloud.com,TRUE,Anthony,Ferguson,1511 Pacific Ave,"San Francisco, CA",5/14/2024 21:30,5/15/2024
AdrianD15,720-360-6511,adavis@yahoo.com,TRUE,Adrian,Davis,1576 Wazee St,"Denver, CO",5/14/2024 21:59,5/15/2024
evelyn_sing,771-862-9244,evelyn66@proton.me,TRUE,Evelyn,Singh,"1623 K St NW, Apt 22","Washington, DC",5/14/2024 23:54,5/17/2024
farahholdings1,678-840-1256,farah.sullivan@icloud.com,TRUE,Farah,Sullivan,"874 Ponce de Leon Ave NE, Unit 24","Atlanta, GA",5/15/2024 2:06,5/15/2024
grace74,503-865-7544,grace86@gmail.com,TRUE,Grace,Zimmerman,1273 SE Hawthorne Blvd,"Portland, OR",5/15/2024 2:34,5/17/2024
alexisholdings9,424-891-4083,alexis_nguyen@gmail.com,TRUE,Alexis,Nguyen,"1101 Sunset Blvd, Apt 28","Los Angeles, CA",5/15/2024 2:42,5/16/2024
tvaldez,773-447-2712,tvaldez@hotmail.com,FALSE,Tessa,Valdez,1114 W Lake St,"Chicago, IL",5/15/2024 5:47,NULL
alexisart24,737-579-1864,alewhite52@hotmail.com,FALSE,Alexis,White,1148 W 6th St,"Austin, TX",5/15/2024 6:16,NULL
christianholdings6,713-761-5742,cstone@icloud.com,FALSE,Christian,Stone,2073 Kirby Dr,"Houston, TX",5/15/2024 7:43,5/17/2024
aaliyah.nguyen,503-704-2538,anguyen@proton.me,FALSE,Aaliyah,Nguyen,"1317 SE Hawthorne Blvd, Apt 7","Portland, OR",5/15/2024 8:07,NULL
isaacart43,212-592-3942,ibrooks@hotmail.com,TRUE,Isaac,Brooks,"409 Broadway, Apt 12","New York, NY",5/15/2024 8:19,5/16/2024
renemaso89,312-259-6535,renmason39@gmail.com,FALSE,Renee,Mason,692 N Clark St,"Chicago, IL",5/15/2024 12:12,NULL
beatjens74,617-319-6240,beatrice78@hotmail.com,FALSE,Beatrice,Jensen,2146 Boylston St,"Boston, MA",5/15/2024 12:41,NULL
snovak,212-359-3606,sannovak81@yahoo.com,FALSE,Santiago,Novak,477 Park Ave,"New York, NY",5/15/2024 16:06,5/18/2024
kainguy19,857-355-8551,kai_nguyen@hotmail.com,TRUE,Kai,Nguyen,1655 Beacon St,"Boston, MA",5/15/2024 16:19,5/18/2024
tariqholdings3,737-361-7859,tariq53@hotmail.com,FALSE,Tariq,Anderson,1444 Congress Ave,"Austin, TX",5/15/2024 16:24,NULL
mknight,917-667-3529,maya_knight@gmail.com,TRUE,Maya,Knight,937 Lexington Ave,"New York, NY",5/15/2024 16:39,5/17/2024
daphneinvests,212-283-9781,daphne_mason@hotmail.com,TRUE,Daphne,Mason,2218 Broadway,"New York, NY",5/15/2024 16:56,5/16/2024
farahinvests,212-359-5142,farah43@hotmail.com,TRUE,Farah,Campbell,"2168 Hudson St, Apt 21","New York, NY",5/15/2024 17:30,5/17/2024
lil_trades,771-470-2847,lila_park@hotmail.com,FALSE,Lila,Park,1147 Connecticut Ave NW,"Washington, DC",5/15/2024 21:53,NULL
marina_benn,470-722-2326,marina64@hotmail.com,TRUE,Marina,Bennett,2128 Peachtree St NE,"Atlanta, GA",5/15/2024 21:58,5/18/2024
renee.dubois,305-495-7913,renee43@icloud.com,FALSE,Renee,Dubois,"2203 Collins Ave, Apt 38","Miami, FL",5/15/2024 22:46,5/16/2024
santiago88,312-737-9882,sanng52@yahoo.com,FALSE,Santiago,Ng,"2259 W Lake St, Unit 24","Chicago, IL",5/15/2024 23:33,NULL
chloeart29,737-579-2034,chloe.ortiz@gmail.com,TRUE,Chloe,Ortiz,1041 Guadalupe St,"Austin, TX",5/16/2024 0:09,5/18/2024
CalebL46,786-483-5410,caleb.lam@proton.me,TRUE,Caleb,Lam,556 S Miami Ave,"Miami, FL",5/16/2024 1:22,5/18/2024
peter.shah,763-241-6792,pshah@outlook.com,FALSE,Peter,Shah,1952 W Lake St,"Minneapolis, MN",5/16/2024 2:12,NULL
nat_trades,424-732-4603,natnguye69@outlook.com,TRUE,Nathan,Nguyen,"1332 Wilshire Blvd, Apt 29","Los Angeles, CA",5/16/2024 3:56,5/18/2024
gianna_lee,202-512-6596,gianna_lee@hotmail.com,FALSE,Gianna,Lee,738 K St NW,"Washington, DC",5/16/2024 5:40,5/16/2024
val_trades,646-604-9171,vknight@yahoo.com,TRUE,Valentina,Knight,"1929 Lexington Ave, Unit 28","New York, NY",5/16/2024 5:54,5/17/2024
theo.patel,646-825-4761,theo_patel@outlook.com,TRUE,Theo,Patel,"2261 E 72nd St, Apt 33","New York, NY",5/16/2024 9:55,5/16/2024
aromero,619-277-4696,adrian30@proton.me,TRUE,Adrian,Romero,561 Kettner Blvd,"San Diego, CA",5/16/2024 11:27,5/18/2024
mariolse54,310-660-7664,molsen@proton.me,FALSE,Marina,Olsen,893 Sunset Blvd,"Los Angeles, CA",5/16/2024 12:02,NULL
nmason,332-374-9386,nicolas44@icloud.com,TRUE,Nicolas,Mason,2430 Park Ave,"New York, NY",5/16/2024 12:29,5/19/2024
kaiholdings3,858-216-8567,kaigomez15@icloud.com,TRUE,Kai,Gomez,2112 5th Ave,"San Diego, CA",5/16/2024 17:21,5/17/2024
omarart50,832-612-6459,omar_hayes@proton.me,TRUE,Omar,Hayes,"1402 San Felipe St, Apt 41","Houston, TX",5/16/2024 18:16,5/17/2024
priya.carter,470-537-6110,priya_carter@outlook.com,TRUE,Priya,Carter,"448 Peachtree St NE, Apt 31","Atlanta, GA",5/16/2024 20:01,5/19/2024
klewis,415-521-9404,karlewis11@yahoo.com,FALSE,Kara,Lewis,890 Mission St,"San Francisco, CA",5/16/2024 23:24,5/17/2024
jordan_zimm,424-730-3473,jordan3@gmail.com,FALSE,Jordan,Zimmerman,"1866 N Fairfax Ave, Apt 35","Los Angeles, CA",5/17/2024 2:47,NULL
aaron23,312-493-4752,aaron_reed@yahoo.com,TRUE,Aaron,Reed,2373 W Lake St,"Chicago, IL",5/17/2024 4:08,5/18/2024
oito,NULL,oito@proton.me,TRUE,Omar,Ito,2150 S State St,"Chicago, IL",5/17/2024 11:21,5/19/2024
MayaS56,305-529-9176,maysingh10@proton.me,FALSE,Maya,NULL,"901 Collins Ave, Apt 15","Miami, FL",5/17/2024 11:37,NULL
paolaholdings5,512-818-5433,paoperry40@yahoo.com,TRUE,Paola,Perry,"1735 Guadalupe St, Apt 20","Austin, TX",5/17/2024 12:57,5/18/2024
liamart14,737-723-2995,ltaylor@gmail.com,FALSE,Liam,Taylor,1432 W 6th St,"Austin, TX",5/17/2024 17:03,NULL
nao_trades,212-854-8004,naomi8@gmail.com,TRUE,Naomi,Huang,"1285 Lexington Ave, Apt 40","New York, NY",5/17/2024 18:12,5/20/2024
anthony.romero,619-336-3429,anthony18@icloud.com,TRUE,Anthony,Romero,171 Harbor Dr,"San Diego, CA",5/17/2024 19:01,5/19/2024
ariana.white,415-865-7845,ariana.white@outlook.com,FALSE,Ariana,White,390 Folsom St,"San Francisco, CA",5/17/2024 19:43,NULL
LeilaA40,972-397-9180,leila_alvarez@yahoo.com,TRUE,Leila,Alvarez,"1885 Cedar Springs Rd, Apt 11","Dallas, TX",5/17/2024 22:01,5/20/2024
reina.shah,213-769-2587,reina_shah@yahoo.com,TRUE,Reina,Shah,"665 N Fairfax Ave, Apt 30","Los Angeles, CA",5/17/2024 23:36,5/20/2024
adriana_park,650-565-9997,apark@yahoo.com,TRUE,Adriana,Park,283 Emerson St,"Palo Alto, CA",5/18/2024 1:53,5/20/2024
lorenzoinvests,612-342-3988,lorenzo3@icloud.com,TRUE,Lorenzo,Mitchell,309 Washington Ave N,"Minneapolis, MN",5/18/2024 2:05,5/19/2024
seleneinvests,619-843-3641,selene.martin@hotmail.com,TRUE,Selene,Martin,1485 Kettner Blvd,"San Diego, CA",5/18/2024 3:22,5/21/2024
isabelholdings8,408-742-6289,isabel_shah@gmail.com,TRUE,Isabel,Shah,"651 The Alameda, Unit 26","San Jose, CA",5/18/2024 3:53,5/20/2024
parkerholdings1,771-758-3405,parker_johnson@proton.me,FALSE,Parker,Johnson,2025 14th St NW,"Washington, DC",5/18/2024 6:05,5/18/2024
zoeart12,212-864-1142,zbennett@yahoo.com,TRUE,Zoe,Bennett,"82 W 57th St, Unit 4","New York, NY",5/18/2024 6:41,5/19/2024
LorenzoY96,917-219-7695,lyoon@yahoo.com,TRUE,Lorenzo,Yoon,"1136 Hudson St, Apt 25","New York, NY",5/18/2024 10:09,5/20/2024
ValentinaC55,415-799-8715,valentina_castillo@outlook.com,TRUE,Valentina,Castillo,762 Howard St,"San Francisco, CA",5/18/2024 10:39,5/18/2024
felix_irwi,213-499-3780,felix6@gmail.com,TRUE,Felix,Irwin,1890 Wilshire Blvd,"Los Angeles, CA",5/18/2024 11:38,5/19/2024
cassidy.monroe,206-775-2909,cassidy_monroe@proton.me,FALSE,Cassidy,Monroe,"2294 Western Ave, Apt 43","Seattle, WA",5/18/2024 13:09,NULL
calevald75,619-837-1280,caleb39@proton.me,TRUE,Caleb,Valdez,"82 Kettner Blvd, Unit 14","San Diego, CA",5/18/2024 22:04,5/20/2024
amaraart31,678-248-6625,amara81@gmail.com,TRUE,Amara,Vargas,"1294 Peachtree St NE, Apt 39","Atlanta, GA",5/19/2024 11:52,5/20/2024
camilaholdings4,720-774-6194,camila.zhang@outlook.com,TRUE,Camila,Zhang,"2233 E Colfax Ave, Apt 33","Denver, CO",5/19/2024 13:54,5/19/2024
calebinvests,212-618-3120,caleb_patel@gmail.com,TRUE,Caleb,Patel,"1016 Park Ave, Apt 10","New York, NY",5/19/2024 18:31,5/21/2024
raf_trades,415-453-1376,rafael_olsen@icloud.com,TRUE,Rafael,Olsen,"840 Pacific Ave, Apt 20","San Francisco, CA",5/19/2024 19:12,5/22/2024
chloeart23,872-384-4537,cjenkins@hotmail.com,TRUE,Chloe,Jenkins,2469 W Division St,"Chicago, IL",5/20/2024 0:09,5/22/2024
OmarR21,917-663-8691,omar1@outlook.com,TRUE,Omar,Rivera,1255 W 57th St,"New York, NY",5/20/2024 0:54,5/21/2024
abigdono59,415-634-5776,abigail.donovan@icloud.com,FALSE,Abigail,Donovan,NULL,"San Francisco, CA",5/20/2024 4:52,NULL
tariqinvests,213-455-7692,tariq53@yahoo.com,TRUE,Tariq,Davis,2060 S Grand Ave,"Los Angeles, CA",5/20/2024 8:28,5/22/2024
hadams,470-438-1290,hana_adams@proton.me,TRUE,Hana,Adams,468 Peachtree St NE,"Atlanta, GA",5/20/2024 10:00,5/20/2024
YaraJ98,786-672-4352,yarjacob90@yahoo.com,FALSE,Yara,Jacobs,890 Collins Ave,"Miami, FL",5/20/2024 11:11,NULL
diego.lee,858-230-8031,dielee17@proton.me,TRUE,Diego,Lee,"1841 Harbor Dr, Apt 13","San Diego, CA",5/20/2024 14:43,5/20/2024
MalikM72,332-239-5684,mmiller@yahoo.com,TRUE,Malik,Miller,"1195 W 57th St, Unit 31","New York, NY",5/20/2024 18:16,5/22/2024
JonahW36,619-343-6509,jonah70@yahoo.com,FALSE,Jonah,Wells,"893 5th Ave, Apt 18","San Diego, CA",5/21/2024 3:59,5/23/2024
pmiller,763-566-5363,paomille28@outlook.com,TRUE,Paola,Miller,1661 Washington Ave N,"Minneapolis, MN",5/21/2024 4:03,5/22/2024
jocelyninvests,310-745-4788,jocmorri24@hotmail.com,FALSE,Jocelyn,Morris,1204 N Fairfax Ave,"Los Angeles, CA",5/21/2024 10:53,5/22/2024
yaraholdings3,424-311-8527,yara.kim@hotmail.com,TRUE,Yara,Kim,"602 Wilshire Blvd, Apt 33","Los Angeles, CA",5/21/2024 15:41,5/23/2024
kzimmerman,310-605-3009,kaizimme72@hotmail.com,TRUE,Kai,Zimmerman,1233 N Fairfax Ave,"Los Angeles, CA",5/21/2024 18:27,5/23/2024
nia_perr,310-218-7489,nia66@icloud.com,FALSE,Nia,Perry,2467 Wilshire Blvd,"Los Angeles, CA",5/21/2024 22:35,5/23/2024
arianaholdings7,408-557-3605,ariana_mason@gmail.com,TRUE,Ariana,Mason,"2001 The Alameda, Unit 22","San Jose, CA",5/22/2024 5:29,5/23/2024
elenaart37,425-752-5983,elena_novak@icloud.com,FALSE,Elena,Novak,"553 1st Ave, Apt 25","Seattle, WA",5/22/2024 19:11,NULL
blaicart27,305-218-7912,blair65@gmail.com,TRUE,Blair,Carter,2491 Brickell Ave,"Miami, FL",5/23/2024 15:08,5/26/2024
lilaholdings2,332-832-4642,lila_ng@icloud.com,FALSE,Lila,Ng,1164 E 72nd St,"New York, NY",5/24/2024 12:48,NULL
valentinainvests,646-580-8244,vallewis47@proton.me,TRUE,Valentina,Lewis,"2113 E 72nd St, Apt 47","New York, NY",5/24/2024 17:58,5/26/2024
reese.thomas,213-643-7947,reethoma97@hotmail.com,TRUE,Reese,Thomas,"1152 Melrose Ave, Apt 23","Los Angeles, CA",5/25/2024 4:58,5/26/2024
northbridgemuseumofmoderncra,408-660-3177,contact@northbridgemuseumofmod.org,TRUE,Northbridge Museum of,Modern Craft & Design,1704 Monroe St,"Santa Clara, CA",9/3/2024 8:07,4/14/2025
imani.reed,415-507-1009,i.reed@pacificcoastmuseumofde.org,TRUE,Imani,Reed,"2207 Pacific Ave, Floor 2","San Francisco, CA",9/3/2024 8:10,11/22/2024
greatlakesindustrialartsmuse,440-246-6464,director@greatlakesindustrialar.org,TRUE,Great Lakes,NULL,2352 Detroit Ave,"Cleveland, OH",9/3/2024 8:12,9/19/2024
jade.campbell,267-823-8335,j.campbell@midatlanticheritagetru.org,TRUE,Jade,Campbell,NULL,"Philadelphia, PA",9/3/2024 8:16,9/10/2024
southbanktextilearchive,872-867-5717,director@southbanktextilearchiv.org,TRUE,Southbank,Textile Archive,"1349 N Clark St, Building A","Chicago, IL",9/3/2024 8:18,9/10/2024
celine.irwin,504-305-6158,c.irwin@crescentbaymaritimemus.org,TRUE,Celine,Irwin,2485 Magazine St,"New Orleans, LA",9/3/2024 8:20,2/20/2025
redcedarfolkartfoundation,313-605-4559,office@redcedarfolkartfoundat.org,TRUE,Red Cedar,Folk Art Foundation,"2239 E Jefferson Ave, Building A","Detroit, MI",9/3/2024 8:23,9/24/2024
lana.vasquez,804-423-1149,l.vasquez@ashlandestatecollectio.org,TRUE,Lana,Vasquez,"483 Cary St, Building A","Richmond, VA",9/3/2024 8:26,4/29/2025
tanglewoodfolkartarchive,402-543-9720,office@tanglewoodfolkartarchi.org,TRUE,Tanglewood Folk,Art Archive,1048 Harney St,"Omaha, NE",9/3/2024 8:30,NULL
chloe.shah,912-555-8147,c.shah@tanglewoodpublicartcon.org,TRUE,Chloe,Shah,1637 Whitaker St,"Savannah, GA",9/3/2024 8:33,NULL
rosemontdesignheritagecenter,986-722-9467,collections@rosemontdesignheritage.org,TRUE,Rosemont Design,Heritage Center,"548 N Capitol Blvd, Suite 200","Boise, ID",9/3/2024 8:36,9/24/2024
cassidy.ito,669-287-4722,c.ito@longfellowestatecollec.org,TRUE,Cassidy,Ito,1593 N 3rd St,"San Jose, CA",9/3/2024 8:39,3/30/2025
foxgloveartistslegacytrust,202-576-3707,collections@foxgloveartistslegacyt.org,TRUE,Foxglove Artists,Legacy Trust,"1356 K St NW, Building A","Washington, DC",9/3/2024 8:41,9/16/2024
xavier.jacobs,539-391-2492,x.jacobs@pineharbormaterialcult.org,TRUE,Xavier,Jacobs,"1975 S Boston Ave, Building A","Tulsa, OK",9/3/2024 8:46,9/13/2024
highlandartistslegacytrust,720-726-4580,office@highlandartistslegacyt.org,TRUE,Highland Artists,Legacy Trust,2396 Larimer St,"Denver, CO",9/3/2024 8:49,9/15/2024
isaac.shah,207-289-2975,i.shah@silvermarshestatecolle.org,TRUE,Isaac,Shah,1701 Congress St,"Portland, ME",9/3/2024 8:50,10/29/2024
tanglewoodculturalmemoryproj,415-421-4716,contact@tanglewoodculturalmemo.org,TRUE,Tanglewood Cultural,Memory Project,333 Pacific Ave,"San Francisco, CA",9/3/2024 8:54,9/25/2024
renee.kim,313-700-3455,r.kim@ravenwoodhistorichouse.org,TRUE,Renee,Kim,"925 Michigan Ave, Floor 2","Detroit, MI",9/3/2024 8:57,9/21/2024
juniperridgeartistslegacytru,505-375-4583,contact@juniperridgeartistsleg.org,TRUE,Juniper Ridge,Artists Legacy Trust,2464 Central Ave NW,"Albuquerque, NM",9/3/2024 8:59,9/10/2024
julia.roberts,628-839-4626,j.roberts@fairmontmuseumoflocali.org,TRUE,Julia,Roberts,1402 Mission St,"San Francisco, CA",9/3/2024 9:02,9/21/2024
eastgatefolkartarchive,669-493-5158,director@eastgatefolkartarchive.org,TRUE,Eastgate Folk,Art Archive,1861 Benton St,"Santa Clara, CA",9/3/2024 9:05,9/16/2024
harper.ellis,918-650-9585,h.ellis@springvaleregionaldesi.org,TRUE,Harper,Ellis,2203 S Peoria Ave,"Tulsa, OK",9/3/2024 9:08,9/18/2024
ashlanddecorativeartsarchive,323-769-4038,collections@ashlanddecorativeartsa.org,TRUE,Ashland Decorative,Arts Archive,"1362 Sunset Blvd, Building A","Los Angeles, CA",9/3/2024 9:13,9/28/2024
theo.kim,314-808-1983,t.kim@elmsteaddesignheritage.org,TRUE,Theo,Kim,"2396 S Grand Blvd, Floor 2","St. Louis, MO",9/3/2024 9:14,NULL
oakhollowdesignheritagecente,470-654-1808,office@oakhollowdesignheritag.org,TRUE,Oak Hollow,Design Heritage Center,"111 Peachtree St NE, Building A","Atlanta, GA",9/3/2024 9:17,9/5/2024
reina.rivera,314-401-9039,r.rivera@redcedarmuseumofprinte.org,TRUE,Reina,Rivera,"1430 Locust St, Building A","St. Louis, MO",9/3/2024 9:20,9/20/2024
timberlinerestorationfoundat,912-628-1444,office@timberlinerestorationf.org,TRUE,Timberline,Restoration Foundation,1070 Bull St,"Savannah, GA",9/3/2024 9:24,9/14/2024
khalil.kapoor,215-495-7028,k.kapoor@stonefieldceramicsmuse.org,TRUE,Khalil,Kapoor,"1328 Spruce St, Building A","Philadelphia, PA",9/3/2024 9:26,9/24/2024
windermerepublicartconservan,843-556-4269,office@windermerepublicartcon.org,TRUE,Windermere Public,Art Conservancy,"1125 East Bay St, Floor 2","Charleston, SC",9/3/2024 9:29,11/17/2024
theo.foster,469-811-8366,t.foster@windermerecommunitymus.org,TRUE,Theo,Foster,2115 McKinney Ave,"Dallas, TX",9/3/2024 9:34,9/15/2024
wellingtonmaterialcultureins,408-248-4180,NULL,FALSE,Wellington Material,Culture Institute,"1622 E Santa Clara St, Building A","San Jose, CA",9/3/2024 9:35,9/7/2024
reina.sullivan,531-461-2123,r.sullivan@stonefieldculturalpres.org,TRUE,Reina,Sullivan,707 Dodge St,"Omaha, NE",9/3/2024 9:39,9/25/2024
harborlightmuseumofprintedar,402-650-1170,office@harborlightmuseumofpri.org,TRUE,Harborlight Museum,of Printed Arts,107 Harney St,"Omaha, NE",9/3/2024 9:41,9/10/2024
quinn.cho,408-714-1754,q.cho@foxglovebotanicalherit.org,TRUE,Quinn,Cho,"2470 Market St, Floor 2","Santa Clara, CA",9/3/2024 9:45,NULL
juniperridgepublicartconserv,509-804-9932,contact@juniperridgepublicartc.org,TRUE,Juniper Ridge,Public Art Conservancy,"1669 W Main Ave, Building A","Spokane, WA",9/3/2024 9:47,9/23/2024
aiden.patel,804-314-7075,a.patel@maplecrossingcommunity.org,TRUE,Aiden,Patel,"1292 Cary St, Floor 2","Richmond, VA",9/3/2024 9:51,NULL
parkhurstceramicsmuseum,986-422-1583,collections@parkhurstceramicsmuseu.org,TRUE,Parkhurst,Ceramics Museum,1359 W Main St,"Boise, ID",9/3/2024 9:55,9/22/2024
anthony.garcia,414-232-3247,a.garcia@silvermarshmuseumofpho.org,TRUE,Anthony,Garcia,"1767 N Broadway, Building A","Milwaukee, WI",9/3/2024 9:58,9/14/2024
orchardhousecommunityartsfou,415-331-1562,director@orchardhousecommunitya.org,TRUE,Orchard House,Community Arts Foundation,"888 California St, Suite 200","San Francisco, CA",9/3/2024 10:00,9/22/2024
delilah.kim,313-587-5719,d.kim@heritagerowcraftpreser.org,TRUE,Delilah,Kim,1272 E Jefferson Ave,"Detroit, MI",9/3/2024 10:02,9/21/2024
eastgateindustrialartsmuseum,669-420-3152,collections@eastgateindustrialarts.org,TRUE,Eastgate Industrial,Arts Museum,"526 Auzerais Ave, Building A","San Jose, CA",9/3/2024 10:05,1/30/2025
camila.park,843-602-7188,c.park@oakhollowrailwayhistor.org,TRUE,Camila,Park,695 East Bay St,"Charleston, SC",9/3/2024 10:09,9/7/2024
hearthstonefolkartarchive,332-797-1330,collections@hearthstonefolkartarch.org,TRUE,Hearthstone Folk,Art Archive,"491 Hudson St, Suite 200","New York, NY",9/3/2024 10:11,9/16/2024
daniel.campbell,401-605-6810,d.campbell@northbridgeregionaldes.org,TRUE,Daniel,Campbell,"1056 Benefit St, Building A","Providence, RI",9/3/2024 10:16,9/3/2024
cedarpointculturalmemoryproj,401-473-8699,director@cedarpointculturalmemo.org,FALSE,Cedar Point,Cultural Memory Project,"1816 Benefit St, Floor 2","Providence, RI",9/3/2024 10:17,NULL
ari.morgan,628-808-3322,a.morgan@goldenprairiemuseumofp.org,FALSE,Ari,Morgan,739 Mission St,"San Francisco, CA",9/3/2024 10:20,NULL
yorkfieldfurnituredesignarch,313-381-3392,collections@yorkfieldfurnituredesi.org,TRUE,Yorkfield Furniture,Design Archive,"2008 E Jefferson Ave, Building A","Detroit, MI",9/3/2024 10:24,9/8/2024
santiago.jordan,857-716-2727,s.jordan@oakhollowmuseumofappli.org,TRUE,Santiago,Jordan,836 Commonwealth Ave,"Boston, MA",9/3/2024 10:27,3/29/2025
windermeremuseumofmoderncraf,505-742-2992,director@windermeremuseumofmode.org,TRUE,Windermere Museum of,Modern Craft & Design,1278 Galisteo St,"Santa Fe, NM",9/3/2024 10:29,9/5/2024
eva.howell,469-884-7760,e.howell@parkhurstbotanicalheri.org,TRUE,Eva,Howell,"1334 Ross Ave, Suite 200","Dallas, TX",9/3/2024 10:33,9/4/2024
rosemontmuseumofmoderncraftd,215-872-6981,contact@rosemontmuseumofmodern.org,TRUE,Rosemont Museum of,Modern Craft & Design,2469 Chestnut St,"Philadelphia, PA",9/3/2024 10:35,10/3/2024
yasmin.roberts,986-844-1500,y.roberts@millstonetextileartsce.org,TRUE,Yasmin,Roberts,"2063 N Capitol Blvd, Building A","Boise, ID",9/3/2024 10:38,9/25/2024
southbankmaritimeheritagemus,401-463-7511,office@southbankmaritimeherit.org,TRUE,Southbank Maritime,Heritage Museum,"2056 Westminster St, Suite 200","Providence, RI",9/3/2024 10:42,4/2/2025
emilia.cho,414-661-9021,e.cho@millstonehistorichouse.org,TRUE,Emilia,Cho,1989 N Broadway,"Milwaukee, WI",9/3/2024 10:44,9/13/2024
elmsteadculturalpreservation,332-215-7403,collections@elmsteadculturalpreser.org,TRUE,Elmstead Cultural,Preservation Trust,"1352 Lexington Ave, Floor 2","New York, NY",9/3/2024 10:49,4/12/2025
isabel.carter,505-666-3096,i.carter@brookfieldmuseumofphot.org,FALSE,Isabel,Carter,"1430 Cerrillos Rd, Building A","Santa Fe, NM",9/3/2024 10:50,NULL
heritagerowceramicsmuseum,313-263-4133,contact@heritagerowceramicsmus.org,TRUE,Heritage Row,Ceramics Museum,"1021 Cass Ave, Floor 2","Detroit, MI",9/3/2024 10:53,9/26/2024
jonah.irwin,773-608-9203,j.irwin@ashlandbotanicalherita.org,TRUE,Jonah,Irwin,"814 N Clark St, Suite 200","Chicago, IL",9/3/2024 10:58,9/6/2024
silvermarshdecorativeartsarc,737-832-1329,collections@silvermarshdecorativea.org,FALSE,Silver Marsh,Decorative Arts Archive,"1298 Guadalupe St, Building A","Austin, TX",9/3/2024 10:59,NULL
isaac.rivera,267-783-9837,i.rivera@timberlineculturalpres.org,TRUE,Isaac,Rivera,"1407 Market St, Building A","Philadelphia, PA",9/3/2024 11:03,9/25/2024
ravenwoodcraftpreservationso,314-403-8272,office@ravenwoodcraftpreserva.org,TRUE,Ravenwood Craft,Preservation Society,221 Washington Ave,"St. Louis, MO",9/3/2024 11:07,9/21/2024
abigail.martinez,213-466-3783,a.martinez@yorkfieldmaritimeherit.org,TRUE,Abigail,NULL,2448 Sunset Blvd,"Los Angeles, CA",9/3/2024 11:09,9/15/2024
elmsteadhistoricalsociety,401-494-8369,collections@elmsteadhistoricalsoci.org,TRUE,Elmstead,Historical Society,1751 Westminster St,"Providence, RI",9/3/2024 11:11,9/12/2024
mina.singh,404-822-1865,m.singh@crescentbayindustriala.org,TRUE,Mina,Singh,"773 Peachtree St NE, Suite 200","Atlanta, GA",9/3/2024 11:15,9/28/2024
ironwoodcraftpreservationsoc,512-343-4876,collections@ironwoodcraftpreservat.org,FALSE,Ironwood Craft,Preservation Society,1771 Guadalupe St,"Austin, TX",9/3/2024 11:18,NULL
priya.lane,832-653-1029,p.lane@foxglovedecorativearts.org,TRUE,Priya,Lane,2476 Kirby Dr,"Houston, TX",9/3/2024 11:20,9/13/2024
elmsteadculturalmemoryprojec,509-287-6349,office@elmsteadculturalmemory.org,TRUE,Elmstead Cultural,Memory Project,1489 W Riverside Ave,"Spokane, WA",9/3/2024 11:25,9/16/2024
ftran_westhave,972-784-8965,f.tran@westhavencommunityarts.org,TRUE,Felix,Tran,"554 Turtle Creek Blvd, Building A","Dallas, TX",9/3/2024 11:26,4/28/2025
granitehillbotanicalheritage,843-551-7605,director@granitehillbotanicalhe.org,TRUE,Granite Hill,Botanical Heritage Trust,2163 Broad St,"Charleston, SC",9/3/2024 11:29,9/6/2024
harper.flores,305-641-8780,h.flores@yorkfielddesignheritag.org,TRUE,Harper,Flores,897 Brickell Ave,"Miami, FL",9/3/2024 11:34,9/7/2024
harborlightpublicartconserva,216-831-2673,office@harborlightpublicartco.org,TRUE,Harborlight Public,Art Conservancy,"153 Detroit Ave, Suite 200","Cleveland, OH",9/3/2024 11:37,9/7/2024
amir.miller,504-456-5563,a.miller@hearthstonemuseumofpri.org,TRUE,Amir,Miller,"1628 Julia St, Suite 200","New Orleans, LA",9/3/2024 11:38,9/21/2024
southbankmaterialcultureinst,505-311-3766,NULL,FALSE,Southbank Material,Culture Institute,1859 Gold Ave SW,"Albuquerque, NM",9/3/2024 11:43,9/8/2024
felix.romero,786-611-5923,f.romero@millstoneregionaldesig.org,TRUE,Felix,Romero,629 Biscayne Blvd,"Miami, FL",9/3/2024 11:44,9/20/2024
stonefieldmaterialcultureins,207-236-4322,collections@stonefieldmaterialcult.org,TRUE,Stonefield Material,Culture Institute,"519 State St, Suite 200","Portland, ME",9/3/2024 11:47,9/24/2024
akira.bennett,216-775-5057,a.bennett@ashlandrailwayhistoryc.org,TRUE,Akira,Bennett,1399 Euclid Ave,"Cleveland, OH",9/3/2024 11:52,4/29/2025
quarrylanecraftpreservations,314-276-8366,office@quarrylanecraftpreserv.org,TRUE,Quarry Lane,Craft Preservation Society,1297 Lindell Blvd,"St. Louis, MO",9/3/2024 11:53,9/16/2024
sofia.hayes,504-678-5858,s.hayes@willowmererailwayhisto.org,TRUE,Sofia,Hayes,"1530 Royal St, Suite 200","New Orleans, LA",9/3/2024 11:57,9/8/2024
brookfieldarchitecturalherit,202-450-8966,office@brookfieldarchitectura.org,TRUE,Brookfield Architectural,Heritage Council,"216 14th St NW, Building A","Washington, DC",9/3/2024 11:59,9/11/2024
liam.martin,440-770-4088,l.martin@valleyforgematerialcul.org,TRUE,Liam,Martin,"1079 Euclid Ave, Floor 2","Cleveland, OH",9/3/2024 12:02,9/7/2024
heritagerowmaterialculturein,509-456-4301,office@heritagerowmaterialcul.org,TRUE,Heritage Row,Material Culture Institute,"1323 N Monroe St, Suite 200","Spokane, WA",9/3/2024 12:05,9/9/2024
quinn.campbell,646-680-7600,q.campbell@millstonemuseumofappli.org,TRUE,Quinn,Campbell,"1875 Park Ave, Suite 200","New York, NY",9/3/2024 12:09,9/24/2024
fairmontdesignheritagecenter,206-820-7559,collections@fairmontdesignheritage.org,TRUE,Fairmont Design,Heritage Center,1814 E Madison St,"Seattle, WA",9/3/2024 12:12,9/13/2024
lucia.knight,303-714-1178,l.knight@hearthstonecommunitymu.org,TRUE,Lucia,Knight,"935 Blake St, Floor 2","Denver, CO",9/3/2024 12:14,9/14/2024
ashlandmuseumofprintedarts,414-681-7189,office@ashlandmuseumofprinted.org,TRUE,Ashland Museum,of Printed Arts,"2402 N Broadway, Suite 200","Milwaukee, WI",9/3/2024 12:17,12/24/2024
ethan.knight,857-493-5914,e.knight@windermereartistslegac.org,TRUE,Ethan,Knight,1072 Commonwealth Ave,"Boston, MA",9/3/2024 12:22,9/8/2024
parkhurstpublicartconservanc,669-398-4696,office@parkhurstpublicartcons.org,TRUE,Parkhurst Public,Art Conservancy,361 S Market St,"San Jose, CA",9/3/2024 12:25,9/4/2024
chloe.singh,303-585-8571,c.singh@kingsleycommunityartsf.org,FALSE,Chloe,Singh,1635 Wazee St,"Denver, CO",9/3/2024 12:28,NULL
copperlinemuseumofphotograph,303-611-9679,collections@copperlinemuseumofphot.org,TRUE,Copperline Museum,of Photography,"350 Wazee St, Floor 2","Denver, CO",9/3/2024 12:31,9/4/2024
yara.flores,678-888-6018,y.flores@clearwaterfolkartarchi.org,TRUE,Yara,Flores,"778 Ponce de Leon Ave NE, Building A","Atlanta, GA",9/3/2024 12:32,9/8/2024
granitehillmuseumoflocalindu,214-220-2054,office@granitehillmuseumofloc.org,TRUE,Granite Hill Museum,of Local Industry,687 Main St,"Dallas, TX",9/3/2024 12:35,9/6/2024
priya.nelson,215-836-8648,p.nelson@orchardhousemuseumofmo.org,TRUE,Priya,Nelson,178 Market St,"Philadelphia, PA",9/3/2024 12:38,9/15/2024
brookfieldhistorichousefound,267-342-9245,director@brookfieldhistorichous.org,TRUE,Brookfield Historic,House Foundation,592 Market St,"Philadelphia, PA",9/3/2024 12:41,9/7/2024
kai.romero,414-741-5322,k.romero@highlandhistorichousef.org,TRUE,Kai,Romero,"1675 N Broadway, Building A","Milwaukee, WI",9/3/2024 12:46,9/11/2024
whiteclifffolkartarchive,972-407-8907,director@whiteclifffolkartarchi.org,TRUE,Whitecliff Folk,Art Archive,"277 Turtle Creek Blvd, Suite 200","Dallas, TX",9/3/2024 12:48,9/10/2024
naomi.campbell,802-607-5196,n.campbell@wellingtonarchitectura.org,FALSE,Naomi,Campbell,1571 Church St,"Burlington, VT",9/3/2024 12:52,NULL
pineharborrailwayhistorycent,912-497-5077,collections@pineharborrailwayhisto.org,TRUE,Pine Harbor,Railway History Center,"1132 Broughton St, Building A","Savannah, GA",9/3/2024 12:55,9/24/2024
nathan.hassan,628-383-3909,n.hassan@redcedarrailwayhistory.org,FALSE,Nathan,Hassan,"1956 Howard St, Building A","San Francisco, CA",9/3/2024 12:57,9/22/2024
stonefieldhistorichousefound,843-824-9215,collections@stonefieldhistorichous.org,FALSE,Stonefield Historic,House Foundation,"1993 East Bay St, Floor 2","Charleston, SC",9/3/2024 13:01,NULL
aaron.olsen,678-557-1385,a.olsen@unionwharfpublicartcon.org,TRUE,Aaron,Olsen,"1876 Ponce de Leon Ave NE, Floor 2","Atlanta, GA",9/3/2024 13:04,4/25/2025
stonefieldpublicartconservan,802-579-9101,collections@stonefieldpublicartcon.org,FALSE,Stonefield Public,Art Conservancy,"1948 College St, Suite 200","Burlington, VT",9/3/2024 13:05,NULL
georgia.park,314-453-8957,g.park@pineharborcraftpreserv.org,FALSE,Georgia,Park,"495 Locust St, Floor 2","St. Louis, MO",9/3/2024 13:10,9/10/2024
westhavencraftpreservationso,212-661-3579,director@westhavencraftpreserva.org,FALSE,Westhaven Craft,Preservation Society,"1387 Broadway, Suite 200","New York, NY",9/3/2024 13:11,NULL
farah.stone,NULL,f.stone@lakeshorecommunityarts.org,FALSE,Farah,Stone,1988 W Main St,"Boise, ID",9/3/2024 13:16,9/10/2024
eastgaterailwayhistorycenter,207-869-4744,director@eastgaterailwayhistory.org,FALSE,Eastgate Railway,History Center,"1820 State St, Building A","Portland, ME",9/3/2024 13:17,9/22/2024
lana.mendez,816-700-3217,l.mendez@ravenwoodmuseumofprint.org,FALSE,Lana,Mendez,"2458 Baltimore Ave, Suite 200","Kansas City, MO",9/3/2024 13:21,9/7/2024
windermeredesignheritagecent,531-440-2983,office@windermeredesignherita.org,FALSE,Windermere Design,Heritage Center,1867 Dodge St,"Omaha, NE",9/3/2024 13:23,9/16/2024
sabrina.edwards,832-401-2082,s.edwards@brookfieldcommunitymus.org,FALSE,Sabrina,Edwards,"1808 San Felipe St, Building A","Houston, TX",9/3/2024 13:27,NULL
rosemonthistoricalsociety,504-837-5496,collections@rosemonthistoricalsoci.org,FALSE,Rosemont,Historical Society,2422 Royal St,"New Orleans, LA",9/3/2024 13:30,9/6/2024
elias.estrada,NULL,e.estrada@southbankindustrialart.org,FALSE,Elias,Estrada,2478 Pine St,"Burlington, VT",9/3/2024 13:34,NULL
hearthstonemuseumofappliedar,720-753-3991,office@hearthstonemuseumofapp.org,FALSE,Hearthstone Museum,of Applied Arts,1833 Blake St,"Denver, CO",9/3/2024 13:36,9/26/2024
harper.hernandez,504-818-8000,h.hernandez@crescentbaydesignherit.org,FALSE,Harper,Hernandez,762 Royal St,"New Orleans, LA",9/3/2024 13:40,NULL
quarrylanemuseumofphotograph,628-762-1871,contact@quarrylanemuseumofphot.org,FALSE,Quarry Lane,Museum of Photography,1849 Mission St,"San Francisco, CA",9/3/2024 13:42,NULL
georgia.lee,401-519-6046,g.lee@valleyforgedecorativea.org,FALSE,Georgia,Lee,2316 Westminster St,"Providence, RI",9/3/2024 13:45,NULL
maplecrossinghistorichousefo,669-880-4721,collections@maplecrossinghistorich.org,FALSE,Maple Crossing,Historic House Foundation,2402 Monroe St,"Santa Clara, CA",9/3/2024 13:49,9/5/2024
keira.nguyen,509-365-5106,k.nguyen@cedarpointhistoricalso.org,FALSE,Keira,Nguyen,2407 N Howard St,"Spokane, WA",9/3/2024 13:52,NULL
parkhurstcommunityartsfounda,401-312-4373,office@parkhurstcommunityarts.org,FALSE,Parkhurst Community,Arts Foundation,"1460 Weybosset St, Building A","Providence, RI",9/3/2024 13:53,NULL
lorenzo.ellis,509-853-7395,l.ellis@clearwaterbotanicalher.org,FALSE,Lorenzo,Ellis,841 W Main Ave,"Spokane, WA",9/3/2024 13:57,NULL
harborlightdecorativeartsarc,504-877-6573,office@harborlightdecorativea.org,FALSE,Harborlight Decorative,Arts Archive,2425 Julia St,"New Orleans, LA",9/3/2024 14:00,9/3/2024
sofia.rivera,346-577-9882,s.rivera@cedarpointculturalpres.org,FALSE,Sofia,Rivera,"628 Westheimer Rd, Floor 2","Houston, TX",9/3/2024 14:02,NULL
aldergrovefurnituredesignarc,303-534-9614,collections@aldergrovefurnituredes.org,FALSE,Alder Grove,Furniture Design Archive,410 E Colfax Ave,"Denver, CO",9/3/2024 14:05,NULL
malik.johnson,669-886-4581,m.johnson@unionwharfestatecollec.org,TRUE,Malik,Johnson,1743 E Santa Clara St,"San Jose, CA",9/3/2024 14:08,4/9/2025
fairmontmaritimeheritagemuse,445-505-1108,collections@fairmontmaritimeherita.org,TRUE,Fairmont Maritime,Heritage Museum,1163 Walnut St,"Philadelphia, PA",9/3/2024 14:13,1/11/2025
lila.estrada,539-297-8875,l.estrada@windermereculturalmemo.org,FALSE,Lila,Estrada,"832 E Archer St, Building A","Tulsa, OK",9/3/2024 14:15,NULL
foxgloveculturalpreservation,509-375-3091,director@foxgloveculturalpreser.org,FALSE,Foxglove Cultural,Preservation Trust,1963 N Monroe St,"Spokane, WA",9/3/2024 14:19,NULL
henry.reed,408-756-1415,h.reed@southbankregionalhisto.org,FALSE,Henry,Reed,1447 Market St,"Santa Clara, CA",9/3/2024 14:22,NULL
bellwethermaterialcultureins,531-594-5980,contact@bellwethermaterialcult.org,FALSE,Bellwether Material,Culture Institute,1812 Farnam St,"Omaha, NE",9/3/2024 14:24,NULL
yara.diaz,678-740-4712,y.diaz@pineharborestatecollec.org,FALSE,Yara,Diaz,1056 Ponce de Leon Ave NE,"Atlanta, GA",9/3/2024 14:28,NULL
heritagerowdecorativeartsarc,208-888-8647,contact@heritagerowdecorativea.org,FALSE,Heritage Row,Decorative Arts Archive,1733 N 8th St,"Boise, ID",9/3/2024 14:31,NULL
leo.lane,646-316-1331,l.lane@aldergrovetextileartsc.org,FALSE,Leo,Lane,2417 Hudson St,"New York, NY",9/3/2024 14:32,NULL
tanglewoodmuseumofmoderncraf,313-366-3378,director@tanglewoodmuseumofmode.org,FALSE,Tanglewood Museum of,Modern Craft & Design,990 Cass Ave,"Detroit, MI",9/3/2024 14:36,NULL
reese.wilson,470-860-5475,r.wilson@bellwethercraftpreserv.org,FALSE,Reese,Wilson,"536 West Paces Ferry Rd, Suite 200","Atlanta, GA",9/3/2024 14:38,NULL
silvermarsharchitecturalheri,207-347-6023,contact@silvermarsharchitectur.org,FALSE,Silver Marsh,Architectural Heritage Council,"1366 Congress St, Floor 2","Portland, ME",9/3/2024 14:42,NULL
aaliyah.zimmerman,531-820-1099,a.zimmerman@redcedarartistslegacyt.org,FALSE,Aaliyah,Zimmerman,1376 Dodge St,"Omaha, NE",9/3/2024 14:46,NULL
windermeredesignheritage_org,531-702-9477,contact@windermeredesignherita.org,TRUE,Windermere Design,Heritage Center,1867 Dodge St,"Omaha, NE",9/3/2024 14:48,3/14/2025
vivian.reyes_finance,408-585-6007,v.reyes@southbankregionalhisto.org,FALSE,Vivian,Reyes,1447 Market St,"Santa Clara, CA",9/3/2024 14:51,NULL
ashlandestatecollection,804-485-4938,director@ashlandestatecollectio.org,FALSE,Ashland,Estate Collection,"483 Cary St, Building A","Richmond, VA",9/3/2024 14:53,NULL
cole.thomas_director,531-433-1332,c.thomas@tanglewoodfolkartarchi.org,FALSE,Cole,Thomas,1048 Harney St,"Omaha, NE",9/3/2024 14:56,NULL
ironwoodcraftpreservatio_org,737-735-9922,director@ironwoodcraftpreservat.org,FALSE,Ironwood Craft,Preservation Society,1771 Guadalupe St,"Austin, TX",9/3/2024 15:00,NULL
tanglewoodculturalmemory_org,415-694-7412,director@tanglewoodculturalmemo.org,FALSE,Tanglewood Cultural,Memory Project,333 Pacific Ave,"San Francisco, CA",9/3/2024 15:02,NULL
longfellowestatecollection,408-305-6200,office@longfellowestatecollec.org,FALSE,Longfellow,Estate Collection,1593 N 3rd St,"San Jose, CA",9/3/2024 15:05,NULL
amir.saito_director,504-573-9797,a.saito@rosemonthistoricalsoci.org,FALSE,Amir,Saito,2422 Royal St,"New Orleans, LA",9/3/2024 15:09,NULL
oakhollowmuseumofappliedarts,617-490-1206,collections@oakhollowmuseumofappli.org,TRUE,Oak Hollow Museum,of Applied Arts,836 Commonwealth Ave,"Boston, MA",9/3/2024 15:12,1/29/2025
highlandartistslegacytru_org,303-662-7875,contact@highlandartistslegacyt.org,FALSE,Highland Artists,Legacy Trust,2396 Larimer St,"Denver, CO",9/3/2024 15:15,NULL
pineharbormaterialcultureins,918-874-1484,office@pineharbormaterialcult.org,FALSE,Pine Harbor,Material Culture Institute,"1975 S Boston Ave, Building A","Tulsa, OK",9/3/2024 15:17,NULL
abigail.lee_curator,912-427-6078,a.lee@tanglewoodpublicartcon.org,FALSE,Abigail,Lee,1637 Whitaker St,"Savannah, GA",9/3/2024 15:22,NULL
hearthstonefolkartarchiv_org,917-709-9535,office@hearthstonefolkartarch.org,FALSE,Hearthstone Folk,Art Archive,"491 Hudson St, Suite 200","New York, NY",9/3/2024 15:25,NULL
zane.flores_director,404-762-9844,z.flores@unionwharfpublicartcon.org,FALSE,Zane,Flores,"1876 Ponce de Leon Ave NE, Floor 2","Atlanta, GA",9/3/2024 15:26,NULL
willowmererailwayhistorycent,504-752-9281,director@willowmererailwayhisto.org,FALSE,Willowmere Railway,History Center,NULL,"New Orleans, LA",9/3/2024 15:30,NULL
emilia.sullivan_curator,531-652-2728,e.sullivan@harborlightmuseumofpri.org,FALSE,Emilia,Sullivan,107 Harney St,"Omaha, NE",9/3/2024 15:33,NULL
vanefamilyoffice,212-690-5693,membership@vanefamilyoffice.com,TRUE,Augustus,Vane,"740 Park Ave, Penthouse 4","New York, NY",9/29/2024 8:10,4/12/2025
rothartadvisory,332-229-1057,membership@rothartadvisory.com,TRUE,Celeste,Roth,"15 Central Park W, Apt 38B","New York, NY",9/29/2024 8:28,4/9/2025
wexlercollection,213-422-9327,membership@wexlercollection.com,TRUE,Malcolm,Wexler,926 N Alpine Dr,"Los Angeles, CA",9/29/2024 8:46,4/9/2025
crossventuresart,415-847-1643,membership@crossventuresart.com,TRUE,Vivienne,Cross,2898 Broadway,"San Francisco, CA",9/29/2024 9:04,3/9/2025
ashcroftcollection,773-694-1480,membership@ashcroftcollection.com,TRUE,Ronan,Ashcroft,"159 E Walton Pl, Apt 41A","Chicago, IL",9/29/2024 9:22,3/25/2025
valeheritagefund,857-424-5607,membership@valeheritagefund.org,TRUE,Helena,Vale,96 Beacon St,"Boston, MA",9/29/2024 9:40,4/15/2025
choiartadvisory,972-574-4927,sales@choiartadvisory.com,TRUE,Amir,Choi,NULL,"Dallas, TX",9/29/2024 13:16,11/10/2024
scottfineobjects,469-468-9972,sales@scottfineobjects.com,FALSE,Quinn,Scott,"161 Main St, Unit 21","Dallas, TX",9/29/2024 14:01,NULL
henry.franklin,305-898-2016,henry18@outlook.com,TRUE,Henry,Franklin,"1544 Brickell Ave, Unit 7","Miami, FL",9/29/2024 14:32,10/16/2024
ari.turner,737-727-4241,aturner@hotmail.com,TRUE,Ari,Turner,"1614 Guadalupe St, Unit 28","Austin, TX",9/29/2024 16:59,4/10/2025
iris.knight,628-721-3655,iris.knight@outlook.com,TRUE,Iris,Knight,1393 Howard St,"San Francisco, CA",9/29/2024 21:35,10/4/2024
zane.thomas,737-498-9027,zane.thomas@hotmail.com,TRUE,Zane,Thomas,"1361 Guadalupe St, Unit 8","Austin, TX",9/30/2024 5:07,1/20/2025
julia.nelson,NULL,julia.nelson@gmail.com,FALSE,Julia,Nelson,1900 Broadway,"New York, NY",10/1/2024 5:48,10/1/2024
norrisfineobjects,617-732-8448,sales@norrisfineobjects.com,FALSE,Alejandro,Norris,339 Tremont St,"Boston, MA",10/1/2024 7:22,10/1/2024
ruby.reed,786-354-3190,ruby46@outlook.com,TRUE,Ruby,Reed,"1836 NE 2nd Ave, Unit 15","Miami, FL",10/1/2024 18:48,2/3/2025
elenacollector1,415-545-3022,evega@yahoo.com,FALSE,Elena,Vega,1584 Howard St,"San Francisco, CA",10/2/2024 12:44,10/2/2024
adamscollections,737-698-8617,m.adams@adamscollections.com,TRUE,Maya,Adams,"1234 E Cesar Chavez St, Unit 2","Austin, TX",10/4/2024 10:11,2/24/2025
andersonheritagesales,408-408-5897,director@andersonheritagesales.com,FALSE,Ariana,Anderson,1341 Monroe St,"Santa Clara, CA",10/4/2024 12:01,10/4/2024
howellartadvisory,214-278-3358,sales@howellartadvisory.com,TRUE,Lucia,Howell,1011 McKinney Ave,"Dallas, TX",10/4/2024 12:26,3/21/2025
millerauctionpartners,771-654-7347,r.miller@millerauctionpartners.com,FALSE,Rafael,Miller,391 Connecticut Ave NW,"Washington, DC",10/5/2024 8:13,NULL
stoneartadvisory,469-279-9724,contact@stoneartadvisory.com,TRUE,Zane,Stone,"815 Ross Ave, Unit 29","Dallas, TX",10/5/2024 9:53,3/29/2025
martinheritagesales,215-878-6311,b.martin@martinheritagesales.com,TRUE,Beatrice,Martin,"1870 Spruce St, Apt 19","Philadelphia, PA",10/5/2024 16:32,12/23/2024
davisauctionpartners,469-579-8934,contact@davisauctionpartners.com,TRUE,Darius,Davis,"426 Main St, Apt 38","Dallas, TX",10/6/2024 2:23,12/27/2024
castillo_auctions,771-701-2221,sales@castillocollections.com,FALSE,Benjamin,Castillo,"1842 14th St NW, Unit 12","Washington, DC",10/6/2024 5:02,10/6/2024
elliscollections,310-403-7179,a.ellis@elliscollections.com,TRUE,Adriana,Ellis,582 N Fairfax Ave,"Los Angeles, CA",10/6/2024 6:25,3/3/2025
stoneheritagesales,206-593-7765,sales@stoneheritagesales.com,TRUE,Alexis,Stone,"1048 1st Ave, Apt 29","Seattle, WA",10/7/2024 1:30,4/8/2025
andersonartadvisory,669-290-4558,contact@andersonartadvisory.com,TRUE,Camila,Anderson,"2162 Benton St, Unit 13","Santa Clara, CA",10/7/2024 13:38,3/15/2025
ramirezauctionpartners,669-294-6642,contact@ramirezauctionpartners.com,TRUE,Santiago,Ramirez,1255 S Market St,"San Jose, CA",10/8/2024 7:33,2/2/2025
walkercollections,628-439-1978,director@walkercollections.com,TRUE,Abigail,Walker,"1502 Folsom St, Unit 14","San Francisco, CA",10/9/2024 11:30,4/18/2025
zimmermancollections,972-309-5901,e.zimmerman@zimmermancollections.com,FALSE,Elena,Zimmerman,"2368 McKinney Ave, Unit 14","Dallas, TX",10/9/2024 22:19,NULL
howardfineobjects,303-764-9353,a.howard@howardfineobjects.com,TRUE,Anthony,Howard,1572 Blake St,"Denver, CO",10/10/2024 4:41,3/27/2025
liucollections,872-715-5666,contact@liucollections.com,TRUE,Eva,Liu,1728 W Lake St,"Chicago, IL",10/11/2024 23:09,1/28/2025
franklincollections,214-306-5918,f.franklin@franklincollections.com,TRUE,Felix,Franklin,171 Main St,"Dallas, TX",10/14/2024 7:21,3/4/2025
bishopheritagesales,424-584-1513,s.bishop@bishopheritagesales.com,TRUE,Sabrina,Bishop,392 N Fairfax Ave,"Los Angeles, CA",10/15/2024 19:09,4/30/2025
hana.dubois,470-789-7795,hana.dubois@yahoo.com,FALSE,Hana,Dubois,"764 West Paces Ferry Rd, Unit 23","Atlanta, GA",10/15/2024 21:57,NULL
daniel.hall,713-799-1055,daniel.hall@gmail.com,TRUE,Daniel,Hall,"136 Kirby Dr, Apt 21","Houston, TX",10/17/2024 13:17,12/4/2024
reyesfineobjects,737-411-1510,a.reyes@reyesfineobjects.com,TRUE,Aaron,Reyes,2354 E Cesar Chavez St,"Austin, TX",10/17/2024 22:42,11/11/2024
robertsheritagesales,669-715-6466,contact@robertsheritagesales.com,TRUE,Julia,Roberts,145 E Santa Clara St,"San Jose, CA",10/21/2024 16:08,2/18/2025
castillocollections,669-748-7537,contact@castillocollections.com,TRUE,Yara,Castillo,1114 Benton St,"Santa Clara, CA",10/21/2024 17:07,12/18/2024
priya.campbell,720-272-5767,pcampbell@yahoo.com,FALSE,Priya,Campbell,755 Blake St,"Denver, CO",10/21/2024 20:47,NULL
meridianmillercollections,408-234-5247,sales@meridianmillercollection.com,TRUE,Camila,Miller,1449 E Santa Clara St,"San Jose, CA",11/1/2024 10:11,1/18/2025
gianna.jensen,737-391-8249,gianna.jensen@icloud.com,FALSE,Gianna,Jensen,1655 Guadalupe St,"Austin, TX",11/1/2024 18:05,11/1/2024
blair.kaur,303-308-7526,blair84@proton.me,TRUE,Blair,Kaur,2256 E Colfax Ave,"Denver, CO",11/1/2024 18:47,11/7/2024
foundryxufineobjects,313-314-2826,director@foundryxufineobjects.com,FALSE,Clara,Xu,754 Michigan Ave,"Detroit, MI",11/1/2024 22:56,NULL
foundrybennettfineobjects,214-632-4436,sales@foundrybennettfineobject.com,TRUE,Jonah,Bennett,"332 Ross Ave, Apt 36","Dallas, TX",11/4/2024 12:49,11/9/2024
felix.franklin,303-503-9393,felix67@proton.me,FALSE,Felix,Franklin,"413 Blake St, Apt 42","Denver, CO",11/5/2024 22:07,NULL
isabel.navarro,305-716-7489,isabel49@hotmail.com,FALSE,Isabel,Navarro,"1340 Biscayne Blvd, Apt 27","Miami, FL",11/8/2024 12:13,11/8/2024
foundryzimmermanfineobjects,972-433-9883,k.zimmerman@foundryzimmermanfineobje.com,TRUE,Khalil,Zimmerman,"184 Main St, Apt 42","Dallas, TX",11/9/2024 6:30,2/15/2025
beatrice.kim,678-623-9699,bkim@icloud.com,TRUE,Beatrice,Kim,620 Ponce de Leon Ave NE,"Atlanta, GA",11/10/2024 20:11,1/1/2025
abigail.morgan,281-399-4435,amorgan@gmail.com,TRUE,Abigail,Morgan,"1013 Westheimer Rd, Unit 29","Houston, TX",11/16/2024 9:00,2/19/2025
nicolas.ito,425-290-1675,nicolas.ito@icloud.com,FALSE,Nicolas,Ito,310 E Madison St,"Seattle, WA",11/17/2024 1:33,11/17/2024
gabriel.kaur,213-597-9281,gabriel16@proton.me,FALSE,Gabriel,Kaur,"2032 Wilshire Blvd, Apt 11","Los Angeles, CA",11/21/2024 9:34,NULL
abigail.bennett,216-810-2741,abennett@proton.me,TRUE,Abigail,Bennett,"129 Superior Ave, Apt 25","Cleveland, OH",11/22/2024 5:57,1/28/2025
tessa.lee,917-558-5455,NULL,FALSE,Tessa,Lee,1392 Lexington Ave,"New York, NY",11/26/2024 7:16,12/2/2024
sabrina.shah,408-782-3897,sabrina.shah@yahoo.com,TRUE,Sabrina,Shah,NULL,"San Jose, CA",11/28/2024 13:57,3/11/2025
imani.thomas,408-224-5825,imani65@yahoo.com,TRUE,Imani,Thomas,"1344 Auzerais Ave, Unit 3","San Jose, CA",11/29/2024 18:47,2/15/2025
kai.zimmerman,786-522-9522,kzimmerman@outlook.com,TRUE,Kai,Zimmerman,"1642 Collins Ave, Unit 27","Miami, FL",12/3/2024 4:05,12/7/2024
diego.archer,404-660-6601,darcher@gmail.com,TRUE,Diego,Archer,1178 West Paces Ferry Rd,"Atlanta, GA",12/5/2024 9:29,3/30/2025
keystoneandersonauctions,628-550-4462,director@keystoneandersonauctions.com,TRUE,Ariana,Anderson,1198 California St,"San Francisco, CA",12/12/2024 20:41,4/8/2025
henry.ellis,917-680-3706,hellis@gmail.com,TRUE,Henry,Ellis,"954 Lexington Ave, Apt 13","New York, NY",12/14/2024 21:02,1/6/2025
chloe.edwards,305-211-9696,chloe32@icloud.com,FALSE,Chloe,Edwards,"468 NE 2nd Ave, Unit 25","Miami, FL",12/18/2024 11:23,12/18/2024
chloe.wilson,786-619-8615,cwilson@icloud.com,TRUE,Chloe,Wilson,"798 Biscayne Blvd, Unit 26","Miami, FL",12/19/2024 3:20,4/7/2025
santiago.monroe,786-277-2889,santiago.monroe@gmail.com,FALSE,Santiago,Monroe,911 Biscayne Blvd,"Miami, FL",12/20/2024 2:07,NULL
crownyoungfineobjects,313-841-6027,contact@crownyoungfineobjects.com,TRUE,Caleb,Young,"1552 Cass Ave, Apt 43","Detroit, MI",12/20/2024 18:21,1/21/2025
lorenzo.valdez,415-803-7333,lorenzo.valdez@yahoo.com,FALSE,Lorenzo,Valdez,841 Howard St,"San Francisco, CA",12/23/2024 12:52,NULL
harper7,669-417-1573,harper.ellis@proton.me,TRUE,Harper,Ellis,160 E Santa Clara St,"San Jose, CA",12/24/2024 19:05,3/21/2025
arcadiathomasauctions,404-615-9745,sales@arcadiathomasauctions.com,FALSE,Theo,Thomas,755 Ponce de Leon Ave NE,"Atlanta, GA",12/24/2024 22:49,12/24/2024
christian.tran,445-713-3026,christian74@gmail.com,FALSE,Christian,Tran,850 Walnut St,"Philadelphia, PA",12/25/2024 13:40,NULL
santiago.alvarez,408-629-7893,santiago.alvarez@yahoo.com,TRUE,Santiago,Alvarez,2084 The Alameda,"San Jose, CA",12/25/2024 17:00,3/19/2025
farah.vasquez,216-529-7419,farah.vasquez@proton.me,TRUE,Farah,Vasquez,"1279 Euclid Ave, Unit 7","Cleveland, OH",12/26/2024 8:14,4/20/2025
julia.xu,646-565-7815,jxu@outlook.com,TRUE,Julia,Xu,1739 Broadway,"New York, NY",12/26/2024 9:52,12/29/2024
cassidy.mason,310-609-8924,cassidy.mason@icloud.com,TRUE,Cassidy,Mason,2218 Sunset Blvd,"Los Angeles, CA",12/28/2024 16:35,3/11/2025
alejandro.walker,771-765-8343,alejandro47@outlook.com,FALSE,Alejandro,Walker,"809 14th St NW, Apt 23","Washington, DC",12/29/2024 1:17,12/29/2024
keystonemillerauctions,440-795-6728,contact@keystonemillerauctions.com,FALSE,Alejandro,Miller,131 Superior Ave,"Cleveland, OH",12/31/2024 23:43,1/1/2025
amir.thomas,213-811-2785,athomas@gmail.com,FALSE,Amir,Thomas,"2411 Sunset Blvd, Unit 4","Los Angeles, CA",1/3/2025 13:19,NULL
naomi.reyes,202-680-7709,nreyes@proton.me,TRUE,Naomi,Reyes,NULL,"Washington, DC",1/5/2025 20:15,2/14/2025
elena.desai,310-294-4503,edesai@hotmail.com,TRUE,Elena,Desai,497 Wilshire Blvd,"Los Angeles, CA",1/6/2025 10:29,2/12/2025
cassidy.lane,771-319-4246,cassidy.lane@yahoo.com,TRUE,Cassidy,Lane,2487 Connecticut Ave NW,"Washington, DC",1/9/2025 7:14,3/8/2025
xavier.lane,617-464-3991,xlane@yahoo.com,FALSE,Xavier,Lane,961 Newbury St,"Boston, MA",1/11/2025 11:43,1/11/2025
clara.ross,NULL,clara.ross@outlook.com,TRUE,Clara,Ross,1051 E Wisconsin Ave,"Milwaukee, WI",1/14/2025 0:55,1/29/2025
rohan.vasquez,440-355-9674,rohan.vasquez@icloud.com,TRUE,Rohan,Vasquez,"1073 Prospect Ave E, Unit 14","Cleveland, OH",1/15/2025 1:40,1/29/2025
clara.yoon,313-427-1008,cyoon@yahoo.com,TRUE,Clara,Yoon,"1659 E Jefferson Ave, Apt 4","Detroit, MI",1/16/2025 12:05,1/24/2025
reina.reed,857-793-4112,reina.reed@hotmail.com,TRUE,Reina,Reed,"1519 Commonwealth Ave, Unit 20","Boston, MA",1/20/2025 1:25,3/3/2025
atlastaylorauctions,872-878-7261,director@atlastaylorauctions.com,TRUE,Cassidy,Taylor,"329 N Clark St, Unit 2","Chicago, IL",1/21/2025 4:43,4/23/2025
gianna.young,786-485-1558,gyoung@hotmail.com,TRUE,Gianna,Young,828 Biscayne Blvd,"Miami, FL",1/25/2025 12:29,2/15/2025
kara.martin,312-792-3489,kara.martin@gmail.com,FALSE,NULL,Martin,2497 N Michigan Ave,"Chicago, IL",1/26/2025 16:56,NULL
celine.kapoor,312-860-4847,celine.kapoor@gmail.com,TRUE,Celine,NULL,1442 S State St,"Chicago, IL",1/27/2025 9:51,3/2/2025
paola.santos,737-435-7094,psantos@hotmail.com,TRUE,Paola,Santos,"842 Congress Ave, Unit 24","Austin, TX",1/27/2025 10:51,3/25/2025
elias.garcia,303-678-4336,elias.garcia@gmail.com,TRUE,Elias,Garcia,599 E Colfax Ave,"Denver, CO",1/28/2025 5:35,2/15/2025
nia.jensen,415-467-9566,nia.jensen@gmail.com,TRUE,Nia,Jensen,2117 Howard St,"San Francisco, CA",1/28/2025 14:09,3/10/2025
daniel.ito,415-674-5121,daniel.ito@gmail.com,TRUE,Daniel,Ito,1869 Folsom St,"San Francisco, CA",1/30/2025 9:57,3/11/2025
bianca.bennett,346-277-9618,bianca72@icloud.com,TRUE,Bianca,Bennett,874 San Felipe St,"Houston, TX",2/1/2025 20:04,3/8/2025
valentina.klein,303-246-2092,valentina22@gmail.com,TRUE,Valentina,Klein,"764 Blake St, Unit 6","Denver, CO",2/1/2025 23:38,3/8/2025
abigail.irwin,332-493-4387,abigail.irwin@yahoo.com,FALSE,Abigail,Irwin,1320 W 57th St,"New York, NY",2/2/2025 6:15,2/2/2025
adriana.adams,424-735-9482,adriana.adams@icloud.com,TRUE,Adriana,Adams,1797 N Fairfax Ave,"Los Angeles, CA",2/6/2025 20:40,2/14/2025
marina.vasquez,737-350-7311,mvasquez@icloud.com,TRUE,Marina,Vasquez,1909 Congress Ave,"Austin, TX",2/8/2025 4:48,2/14/2025
reina.chen,678-372-5708,reina.chen@hotmail.com,TRUE,Reina,Chen,"2098 Peachtree St NE, Apt 40","Atlanta, GA",2/11/2025 4:26,3/2/2025
foundryxucollections,425-682-7704,sales@foundryxucollections.com,TRUE,Vivian,Xu,"1805 E Madison St, Apt 11","Seattle, WA",2/12/2025 3:33,2/14/2025
celine.ramirez,646-896-7451,celine.ramirez@hotmail.com,FALSE,Celine,Ramirez,"692 W 57th St, Unit 11","New York, NY",2/12/2025 16:30,NULL
caleb.brooks,212-748-8599,caleb.brooks@yahoo.com,FALSE,Caleb,Brooks,"338 Hudson St, Unit 10","New York, NY",2/14/2025 5:05,NULL
caleb.campbell,214-220-7058,caleb.campbell@icloud.com,TRUE,Caleb,Campbell,"2110 McKinney Ave, Unit 12","Dallas, TX",2/14/2025 7:14,4/26/2025
celine.palmer,346-303-2229,celine64@gmail.com,TRUE,Celine,Palmer,"1713 San Felipe St, Unit 27","Houston, TX",2/14/2025 20:51,2/23/2025
meridianzimmermancollections,469-630-8294,contact@meridianzimmermancollect.com,FALSE,Quinn,Zimmerman,876 Ross Ave,"Dallas, TX",2/17/2025 4:45,2/17/2025
vivian.vega,628-231-3999,vivian77@icloud.com,TRUE,Vivian,Vega,1625 Folsom St,"San Francisco, CA",2/17/2025 9:55,3/22/2025
atlaspatelauctions,332-247-3110,sales@atlaspatelauctions.com,TRUE,Serena,Patel,1403 Park Ave,"New York, NY",2/18/2025 0:28,4/5/2025
kai.chen,414-287-7813,kchen@icloud.com,TRUE,Kai,Chen,"822 E Wisconsin Ave, Unit 19","Milwaukee, WI",2/18/2025 0:36,4/17/2025
arcadialamauctions,771-446-8112,sales@arcadialamauctions.com,TRUE,Benjamin,Lam,2425 Massachusetts Ave NW,"Washington, DC",2/23/2025 18:56,4/23/2025
aaliyah.baker,206-834-3946,abaker@outlook.com,TRUE,Aaliyah,Baker,"2186 Pine St, Apt 8","Seattle, WA",2/25/2025 8:26,4/3/2025
lucia.tran,737-375-2113,ltran2@hotmail.com,TRUE,Lucia,Tran,"2260 Guadalupe St, Unit 29","Austin, TX",2/28/2025 4:23,3/8/2025
lorenzo.xu,281-550-5346,lorenzo.xu@gmail.com,TRUE,Lorenzo,Xu,"2205 San Felipe St, Apt 11","Houston, TX",3/1/2025 18:46,4/8/2025
javier.hayes,214-545-7066,jhayes@outlook.com,TRUE,Javier,Hayes,560 McKinney Ave,"Dallas, TX",3/3/2025 23:58,4/9/2025
noelle.palmer,305-854-7415,noelle15@hotmail.com,TRUE,Noelle,Palmer,"1723 Collins Ave, Apt 43","Miami, FL",3/4/2025 6:04,3/20/2025
jocelyn.huang,305-780-7123,jhuang@hotmail.com,TRUE,Jocelyn,Huang,"1424 Collins Ave, Unit 15","Miami, FL",3/5/2025 10:12,4/1/2025
christian.walker,773-807-2393,cwalker@yahoo.com,TRUE,Christian,Walker,1065 N Clark St,"Chicago, IL",3/7/2025 17:47,3/11/2025
nia.sims,267-535-8146,nsims@gmail.com,TRUE,Nia,Sims,"179 Walnut St, Unit 13","Philadelphia, PA",3/9/2025 17:20,4/21/2025
khalil.johnson,408-718-4770,khalil54@hotmail.com,TRUE,Khalil,Johnson,"1837 Franklin St, Unit 13","Santa Clara, CA",3/10/2025 3:18,4/11/2025
meridianhassancollections,445-484-7595,j.hassan@meridianhassancollection.com,TRUE,Jonah,Hassan,1356 Walnut St,"Philadelphia, PA",3/11/2025 4:16,4/16/2025
mateo.hayes,303-374-5425,mateo.hayes@icloud.com,FALSE,Mateo,Hayes,"468 Larimer St, Apt 47","Denver, CO",3/12/2025 13:24,3/12/2025
serena.owens,440-649-9842,sowens@yahoo.com,FALSE,Serena,Owens,462 Euclid Ave,"Cleveland, OH",3/13/2025 3:44,NULL
kai.kaur,281-408-7989,kai72@yahoo.com,TRUE,Kai,Kaur,697 Westheimer Rd,"Houston, TX",3/14/2025 11:54,4/20/2025
celine.norris,206-775-5021,celine.norris@proton.me,TRUE,Celine,Norris,"638 Pine St, Apt 31","Seattle, WA",3/17/2025 7:15,4/5/2025
darius.johnson,408-504-9464,djohnson@hotmail.com,TRUE,Darius,Johnson,1976 N 3rd St,"San Jose, CA",3/17/2025 9:39,3/24/2025
keystonepatelfineobjects,720-789-3779,e.patel@keystonepatelfineobjects.com,TRUE,Ethan,Patel,"1571 Larimer St, Unit 15","Denver, CO",3/20/2025 9:36,4/2/2025
nora.desai,972-544-5752,ndesai@yahoo.com,TRUE,Nora,Desai,"1596 Main St, Apt 38","Dallas, TX",3/21/2025 6:03,3/30/2025
anthony.estrada,857-547-4737,aestrada@proton.me,TRUE,Anthony,Estrada,"1902 Beacon St, Apt 19","Boston, MA",3/22/2025 2:42,4/10/2025
emilia.yoon,313-522-6310,eyoon@yahoo.com,TRUE,Emilia,Yoon,677 Cass Ave,"Detroit, MI",3/22/2025 6:54,3/29/2025
aaliyah.edwards,281-796-8913,aaliyah7@gmail.com,TRUE,Aaliyah,Edwards,"1209 Main St, Apt 36","Houston, TX",3/22/2025 17:12,3/23/2025
meridiancolemancollections,414-565-2989,sales@meridiancolemancollectio.com,TRUE,Leila,Coleman,"2329 N Water St, Apt 18","Milwaukee, WI",3/25/2025 3:24,4/13/2025
emilia.ortiz,303-417-5589,eortiz@outlook.com,TRUE,Emilia,Ortiz,976 Larimer St,"Denver, CO",3/28/2025 20:14,4/3/2025
chloe63,832-306-9146,cedwards@proton.me,FALSE,Chloe,Edwards,"1457 Westheimer Rd, Unit 25","Houston, TX",4/4/2025 8:19,NULL
leo.ortiz,617-359-4313,leo.ortiz@outlook.com,TRUE,Leo,Ortiz,799 Newbury St,"Boston, MA",4/4/2025 17:21,4/23/2025
meridiannorrisfineobjects,857-258-1065,director@meridiannorrisfineobject.com,TRUE,Beatrice,Norris,"818 Commonwealth Ave, Unit 6","Boston, MA",4/5/2025 9:51,4/20/2025
lucia76,415-466-4089,lucia78@outlook.com,TRUE,Lucia,Quinn,110 Howard St,"San Francisco, CA",4/5/2025 20:55,4/10/2025
emilia.quinn,305-230-8788,equinn@yahoo.com,TRUE,Emilia,Quinn,"1901 Collins Ave, Unit 28","Miami, FL",4/6/2025 4:05,4/11/2025
zane.quinn,425-633-2375,zane12@proton.me,TRUE,Zane,Quinn,"2487 1st Ave, Apt 11","Seattle, WA",4/6/2025 6:01,4/10/2025
omar.owens,213-549-8744,omar.owens@yahoo.com,FALSE,Omar,Owens,"2326 N Fairfax Ave, Apt 20","Los Angeles, CA",4/6/2025 6:57,NULL
mateo.williams,267-821-5319,mateo.williams@icloud.com,TRUE,Mateo,Williams,552 Market St,"Philadelphia, PA",4/6/2025 14:29,4/7/2025
blair.sims,213-654-8250,bsims@hotmail.com,FALSE,Blair,Sims,1613 S Grand Ave,"Los Angeles, CA",4/7/2025 1:26,NULL
ruby.dubois,669-844-3304,ruby64@hotmail.com,FALSE,Ruby,Dubois,"1556 The Alameda, Apt 19","San Jose, CA",4/7/2025 12:19,NULL
delilah.fischer,872-768-9944,dfischer@icloud.com,TRUE,Delilah,Fischer,1671 W Lake St,"Chicago, IL",4/8/2025 23:51,4/18/2025
leila.price,214-789-7696,leila.price@outlook.com,TRUE,Leila,Price,"883 Main St, Apt 15","Dallas, TX",4/9/2025 4:56,4/29/2025
kai.green,332-732-4663,kai31@icloud.com,TRUE,Kai,Green,915 Lexington Ave,"New York, NY",4/13/2025 7:12,4/16/2025
peter.mason,445-314-9951,peter71@outlook.com,TRUE,Peter,Mason,1640 Chestnut St,"Philadelphia, PA",4/21/2025 6:05,4/24/2025
atlaslamauctions,303-705-7692,sales@atlaslamauctions.com,TRUE,Aiden,Lam,"1116 Wazee St, Apt 45","Denver, CO",4/22/2025 0:49,4/23/2025
atlascolemanadvisory,414-438-2828,director@atlascolemanadvisory.com,FALSE,Hana,Coleman,1189 E Wisconsin Ave,"Milwaukee, WI",4/22/2025 21:51,NULL
yara.shah,669-789-1142,yara81@icloud.com,FALSE,Yara,Shah,1463 Scott Blvd,"Santa Clara, CA",4/23/2025 15:09,NULL
elias.zhang,415-527-2910,elias.zhang@outlook.com,TRUE,Elias,Zhang,"1616 Howard St, Unit 20","San Francisco, CA",4/23/2025 22:49,4/24/2025
serena.huang,872-657-5511,shuang@gmail.com,TRUE,Serena,Huang,1751 N Clark St,"Chicago, IL",4/24/2025 2:31,4/29/2025
darius.howell,440-628-9016,dhowell@hotmail.com,TRUE,Darius,Howell,"969 Prospect Ave E, Unit 5","Cleveland, OH",4/26/2025 4:44,4/30/2025
noelle.lee,917-294-7200,noelle.lee@yahoo.com,TRUE,Noelle,Lee,2000 Park Ave,"New York, NY",4/26/2025 16:44,4/27/2025
